# Blender 5.0.1
# www.blender.org
mtllib Untitled.mtl
o Low_Poly_Earth
v 0.077339 2.963103 -0.207051
v 0.077339 2.963103 -0.207051
v 0.077339 2.963103 -0.207051
v 0.077339 2.963103 -0.207051
v 0.077339 2.963103 -0.207051
v 0.077339 2.963103 -0.207051
v -0.611579 -1.852177 2.248576
v -0.611579 -1.852177 2.248576
v -0.611579 -1.852177 2.248576
v -0.611579 -1.852177 2.248576
v -0.611579 -1.852177 2.248576
v -0.611579 -1.852177 2.248576
v -0.611579 -1.852177 2.248576
v 2.256746 -1.595722 -1.098892
v 2.256746 -1.595722 -1.098892
v 2.256746 -1.595722 -1.098892
v 2.256746 -1.595722 -1.098892
v 2.256746 -1.595722 -1.098892
v 2.337060 -1.654289 0.801669
v 2.337060 -1.654289 0.801669
v 2.337060 -1.654289 0.801669
v 2.337060 -1.654289 0.801669
v 2.337060 -1.654289 0.801669
v -0.131620 -2.961318 -0.204101
v -0.131620 -2.961318 -0.204101
v -0.131620 -2.961318 -0.204101
v -0.131620 -2.961318 -0.204101
v 0.643078 -2.823974 -0.677768
v 0.643078 -2.823974 -0.677768
v 0.643078 -2.823974 -0.677768
v 0.643078 -2.823974 -0.677768
v 0.643078 -2.823974 -0.677768
v 0.643078 -2.823974 -0.677768
v -2.527662 -1.560120 0.194926
v -2.527662 -1.560120 0.194926
v -2.527662 -1.560120 0.194926
v -2.527662 -1.560120 0.194926
v -2.527662 -1.560120 0.194926
v -2.527662 -1.560120 0.194926
v -2.527662 -1.560120 0.194926
v -1.946621 -2.237019 0.254873
v -1.946621 -2.237019 0.254873
v -1.946621 -2.237019 0.254873
v -1.946621 -2.237019 0.254873
v -1.946621 -2.237019 0.254873
v -1.946621 -2.237019 0.254873
v -0.037009 -2.967367 0.190048
v -0.037009 -2.967367 0.190048
v -0.037009 -2.967367 0.190048
v -0.037009 -2.967367 0.190048
v -0.037009 -2.967367 0.190048
v -0.037009 -2.967367 0.190048
v 2.920339 0.377065 0.412459
v 2.920339 0.377065 0.412459
v 2.920339 0.377065 0.412459
v 2.920339 0.377065 0.412459
v 2.920339 0.377065 0.412459
v 2.920339 0.377065 0.412459
v 2.148118 -1.370476 -1.535137
v 2.148118 -1.370476 -1.535137
v 2.148118 -1.370476 -1.535137
v 2.148118 -1.370476 -1.535137
v 2.148118 -1.370476 -1.535137
v 2.148118 -1.370476 -1.535137
v 2.879130 0.163179 -0.733296
v 2.879130 0.163179 -0.733296
v 2.879130 0.163179 -0.733296
v 2.879130 0.163179 -0.733296
v 2.879130 0.163179 -0.733296
v 2.879130 0.163179 -0.733296
v 2.813151 0.627363 -0.722510
v 2.813151 0.627363 -0.722510
v 2.813151 0.627363 -0.722510
v 2.813151 0.627363 -0.722510
v 2.813151 0.627363 -0.722510
v 0.887359 0.603764 2.778431
v 0.887359 0.603764 2.778431
v 0.887359 0.603764 2.778431
v 0.887359 0.603764 2.778431
v 0.887359 0.603764 2.778431
v 0.887359 0.603764 2.778431
v 0.887359 0.603764 2.778431
v 0.887359 0.603764 2.778431
v -0.042985 -0.679792 2.895683
v -0.042985 -0.679792 2.895683
v -0.042985 -0.679792 2.895683
v -0.042985 -0.679792 2.895683
v -0.042985 -0.679792 2.895683
v -0.042985 -0.679792 2.895683
v -0.042985 -0.679792 2.895683
v 2.169155 -1.199430 1.643280
v 2.169155 -1.199430 1.643280
v 2.169155 -1.199430 1.643280
v 2.169155 -1.199430 1.643280
v 2.169155 -1.199430 1.643280
v 1.921826 0.103614 2.267714
v 1.921826 0.103614 2.267714
v 1.921826 0.103614 2.267714
v 1.921826 0.103614 2.267714
v 1.921826 0.103614 2.267714
v 1.921826 0.103614 2.267714
v -2.828855 -0.579408 0.722996
v -2.828855 -0.579408 0.722996
v -2.828855 -0.579408 0.722996
v -2.828855 -0.579408 0.722996
v -2.828855 -0.579408 0.722996
v -0.784380 -1.254048 2.580366
v -0.784380 -1.254048 2.580366
v -0.784380 -1.254048 2.580366
v -0.784380 -1.254048 2.580366
v -0.784380 -1.254048 2.580366
v -0.784380 -1.254048 2.580366
v -0.784380 -1.254048 2.580366
v -1.171329 -0.874377 2.590697
v -1.171329 -0.874377 2.590697
v -1.171329 -0.874377 2.590697
v -1.171329 -0.874377 2.590697
v -1.171329 -0.874377 2.590697
v -1.171329 -0.874377 2.590697
v -1.528692 0.111576 2.555747
v -1.528692 0.111576 2.555747
v -1.528692 0.111576 2.555747
v -1.528692 0.111576 2.555747
v -1.528692 0.111576 2.555747
v -1.528692 0.111576 2.555747
v -1.528692 0.111576 2.555747
v -2.036823 0.837989 1.996586
v -2.036823 0.837989 1.996586
v -2.036823 0.837989 1.996586
v -2.036823 0.837989 1.996586
v -2.036823 0.837989 1.996586
v -2.876893 -0.716385 -0.239821
v -2.876893 -0.716385 -0.239821
v -2.876893 -0.716385 -0.239821
v -2.876893 -0.716385 -0.239821
v -2.876893 -0.716385 -0.239821
v -2.876893 -0.716385 -0.239821
v -2.889099 -0.327661 -0.644730
v -2.889099 -0.327661 -0.644730
v -2.889099 -0.327661 -0.644730
v -2.889099 -0.327661 -0.644730
v -2.889099 -0.327661 -0.644730
v -2.889099 -0.327661 -0.644730
v -2.655379 0.850097 -1.036492
v -2.655379 0.850097 -1.036492
v -2.655379 0.850097 -1.036492
v -2.655379 0.850097 -1.036492
v -2.655379 0.850097 -1.036492
v -2.655379 0.850097 -1.036492
v 1.591855 -0.364737 -2.486395
v 1.591855 -0.364737 -2.486395
v 1.591855 -0.364737 -2.486395
v 1.591855 -0.364737 -2.486395
v 1.591855 -0.364737 -2.486395
v 1.591855 -0.364737 -2.486395
v -0.037433 -0.237087 -2.963008
v -0.037433 -0.237087 -2.963008
v -0.037433 -0.237087 -2.963008
v -0.037433 -0.237087 -2.963008
v -0.037433 -0.237087 -2.963008
v -0.037433 -0.237087 -2.963008
v -0.173695 0.509352 -2.931351
v -0.173695 0.509352 -2.931351
v -0.173695 0.509352 -2.931351
v -0.173695 0.509352 -2.931351
v -0.173695 0.509352 -2.931351
v -0.173695 0.509352 -2.931351
v 0.118102 0.720522 -2.883731
v 0.118102 0.720522 -2.883731
v 0.118102 0.720522 -2.883731
v 0.118102 0.720522 -2.883731
v 0.118102 0.720522 -2.883731
v 0.305187 2.955026 0.095841
v 0.305187 2.955026 0.095841
v 0.305187 2.955026 0.095841
v 0.305187 2.955026 0.095841
v 0.305187 2.955026 0.095841
v 0.668501 2.749288 0.923908
v 0.668501 2.749288 0.923908
v 0.668501 2.749288 0.923908
v 0.668501 2.749288 0.923908
v 0.668501 2.749288 0.923908
v 0.668501 2.749288 0.923908
v 0.742611 1.986755 2.078845
v 0.742611 1.986755 2.078845
v 0.742611 1.986755 2.078845
v 0.742611 1.986755 2.078845
v 0.742611 1.986755 2.078845
v 1.911104 2.272390 -0.146705
v 1.911104 2.272390 -0.146705
v 1.911104 2.272390 -0.146705
v 1.911104 2.272390 -0.146705
v 1.911104 2.272390 -0.146705
v -0.289817 2.950764 0.217419
v -0.289817 2.950764 0.217419
v -0.289817 2.950764 0.217419
v -0.289817 2.950764 0.217419
v -0.289817 2.950764 0.217419
v -0.289817 2.950764 0.217419
v -0.289817 2.950764 0.217419
v -0.793683 2.819782 0.517104
v -0.793683 2.819782 0.517104
v -0.793683 2.819782 0.517104
v -0.793683 2.819782 0.517104
v -0.793683 2.819782 0.517104
v -0.793683 2.819782 0.517104
v -1.299490 2.491304 0.989699
v -1.299490 2.491304 0.989699
v -1.299490 2.491304 0.989699
v -1.299490 2.491304 0.989699
v -1.299490 2.491304 0.989699
v -1.299490 2.491304 0.989699
v -1.299490 2.491304 0.989699
v -1.397646 2.225723 1.394647
v -1.397646 2.225723 1.394647
v -1.397646 2.225723 1.394647
v -1.397646 2.225723 1.394647
v -1.397646 2.225723 1.394647
v -2.047805 1.449029 1.600031
v -2.047805 1.449029 1.600031
v -2.047805 1.449029 1.600031
v -2.047805 1.449029 1.600031
v -2.047805 1.449029 1.600031
v -2.047805 1.449029 1.600031
v -0.975994 2.778131 -0.391910
v -0.975994 2.778131 -0.391910
v -0.975994 2.778131 -0.391910
v -0.975994 2.778131 -0.391910
v -0.975994 2.778131 -0.391910
v -1.717733 2.226957 -0.974039
v -1.717733 2.226957 -0.974039
v -1.717733 2.226957 -0.974039
v -1.717733 2.226957 -0.974039
v -1.717733 2.226957 -0.974039
v 0.312907 2.848094 -0.795969
v 0.312907 2.848094 -0.795969
v 0.312907 2.848094 -0.795969
v 0.312907 2.848094 -0.795969
v 0.312907 2.848094 -0.795969
v 0.312907 2.848094 -0.795969
v 0.449000 2.639924 -1.285534
v 0.449000 2.639924 -1.285534
v 0.449000 2.639924 -1.285534
v 0.449000 2.639924 -1.285534
v 0.449000 2.639924 -1.285534
v 0.449000 2.639924 -1.285534
v 0.391895 2.354481 -1.773122
v 0.391895 2.354481 -1.773122
v 0.391895 2.354481 -1.773122
v 0.391895 2.354481 -1.773122
v 0.391895 2.354481 -1.773122
v 0.594743 2.880544 -0.434774
v 0.594743 2.880544 -0.434774
v 0.594743 2.880544 -0.434774
v 0.594743 2.880544 -0.434774
v 0.594743 2.880544 -0.434774
v 0.594743 2.880544 -0.434774
v 1.183482 2.692225 -0.456812
v 1.183482 2.692225 -0.456812
v 1.183482 2.692225 -0.456812
v 1.183482 2.692225 -0.456812
v 1.183482 2.692225 -0.456812
v 1.183482 2.692225 -0.456812
v 1.183482 2.692225 -0.456812
v 0.929230 2.639544 -1.020452
v 0.929230 2.639544 -1.020452
v 0.929230 2.639544 -1.020452
v 0.929230 2.639544 -1.020452
v 0.929230 2.639544 -1.020452
v 0.929230 2.639544 -1.020452
v 0.929230 2.639544 -1.020452
v 0.850440 2.315711 -1.669108
v 0.850440 2.315711 -1.669108
v 0.850440 2.315711 -1.669108
v 0.850440 2.315711 -1.669108
v 0.850440 2.315711 -1.669108
v 0.850440 2.315711 -1.669108
v 0.850440 2.315711 -1.669108
v 1.728051 2.321786 -0.697452
v 1.728051 2.321786 -0.697452
v 1.728051 2.321786 -0.697452
v 1.728051 2.321786 -0.697452
v 1.728051 2.321786 -0.697452
v 1.728051 2.321786 -0.697452
v 1.728051 2.321786 -0.697452
v 1.479735 2.355932 -1.054879
v 1.479735 2.355932 -1.054879
v 1.479735 2.355932 -1.054879
v 1.479735 2.355932 -1.054879
v 1.479735 2.355932 -1.054879
v 1.368411 2.098715 -1.607172
v 1.368411 2.098715 -1.607172
v 1.368411 2.098715 -1.607172
v 1.368411 2.098715 -1.607172
v 1.368411 2.098715 -1.607172
v 1.368411 2.098715 -1.607172
v 1.368411 2.098715 -1.607172
v 2.172660 1.994146 -0.392893
v 2.172660 1.994146 -0.392893
v 2.172660 1.994146 -0.392893
v 2.172660 1.994146 -0.392893
v 2.172660 1.994146 -0.392893
v 2.172660 1.994146 -0.392893
v 0.801813 1.867930 -2.167265
v 0.801813 1.867930 -2.167265
v 0.801813 1.867930 -2.167265
v 0.801813 1.867930 -2.167265
v 1.766391 2.001806 -1.304917
v 1.766391 2.001806 -1.304917
v 1.766391 2.001806 -1.304917
v 1.766391 2.001806 -1.304917
v 1.766391 2.001806 -1.304917
v 1.766391 2.001806 -1.304917
v 1.197330 1.769252 -2.070457
v 1.197330 1.769252 -2.070457
v 1.197330 1.769252 -2.070457
v 1.197330 1.769252 -2.070457
v 1.197330 1.769252 -2.070457
v 1.197330 1.769252 -2.070457
v 2.158851 1.806494 -0.957232
v 2.158851 1.806494 -0.957232
v 2.158851 1.806494 -0.957232
v 2.158851 1.806494 -0.957232
v 2.158851 1.806494 -0.957232
v 2.506767 1.571764 -0.265048
v 2.506767 1.571764 -0.265048
v 2.506767 1.571764 -0.265048
v 2.506767 1.571764 -0.265048
v 2.506767 1.571764 -0.265048
v 2.506767 1.571764 -0.265048
v 2.423421 1.520360 -0.825209
v 2.423421 1.520360 -0.825209
v 2.423421 1.520360 -0.825209
v 2.423421 1.520360 -0.825209
v 2.423421 1.520360 -0.825209
v 2.423421 1.520360 -0.825209
v 2.423421 1.520360 -0.825209
v 2.054689 1.672007 -1.347863
v 2.054689 1.672007 -1.347863
v 2.054689 1.672007 -1.347863
v 2.054689 1.672007 -1.347863
v 2.054689 1.672007 -1.347863
v 1.608825 1.568972 -1.946524
v 1.608825 1.568972 -1.946524
v 1.608825 1.568972 -1.946524
v 1.608825 1.568972 -1.946524
v 1.608825 1.568972 -1.946524
v 0.806673 1.536674 -2.416162
v 0.806673 1.536674 -2.416162
v 0.806673 1.536674 -2.416162
v 0.806673 1.536674 -2.416162
v 0.806673 1.536674 -2.416162
v 0.806673 1.536674 -2.416162
v 0.806673 1.536674 -2.416162
v -0.483969 2.918264 -0.305068
v -0.483969 2.918264 -0.305068
v -0.483969 2.918264 -0.305068
v -0.483969 2.918264 -0.305068
v -0.483969 2.918264 -0.305068
v -0.483969 2.918264 -0.305068
v -0.171488 2.904505 -0.609331
v -0.171488 2.904505 -0.609331
v -0.171488 2.904505 -0.609331
v -0.171488 2.904505 -0.609331
v -0.171488 2.904505 -0.609331
v -0.638630 2.780940 -0.835289
v -0.638630 2.780940 -0.835289
v -0.638630 2.780940 -0.835289
v -0.638630 2.780940 -0.835289
v -0.638630 2.780940 -0.835289
v -0.638630 2.780940 -0.835289
v -0.088352 2.754597 -1.125063
v -0.088352 2.754597 -1.125063
v -0.088352 2.754597 -1.125063
v -0.088352 2.754597 -1.125063
v -0.088352 2.754597 -1.125063
v -0.088352 2.754597 -1.125063
v -1.134087 2.611422 -0.875925
v -1.134087 2.611422 -0.875925
v -1.134087 2.611422 -0.875925
v -1.134087 2.611422 -0.875925
v -1.134087 2.611422 -0.875925
v -1.134087 2.611422 -0.875925
v -1.134087 2.611422 -0.875925
v 0.049301 2.511611 -1.587625
v 0.049301 2.511611 -1.587625
v 0.049301 2.511611 -1.587625
v 0.049301 2.511611 -1.587625
v 0.049301 2.511611 -1.587625
v -0.497632 2.550282 -1.454103
v -0.497632 2.550282 -1.454103
v -0.497632 2.550282 -1.454103
v -0.497632 2.550282 -1.454103
v -0.497632 2.550282 -1.454103
v -0.497632 2.550282 -1.454103
v -0.497632 2.550282 -1.454103
v -1.064227 2.310631 -1.548422
v -1.064227 2.310631 -1.548422
v -1.064227 2.310631 -1.548422
v -1.064227 2.310631 -1.548422
v -1.064227 2.310631 -1.548422
v -1.064227 2.310631 -1.548422
v -1.484387 2.176837 -1.379907
v -1.484387 2.176837 -1.379907
v -1.484387 2.176837 -1.379907
v -1.484387 2.176837 -1.379907
v -1.484387 2.176837 -1.379907
v 0.420448 2.059544 -2.101537
v 0.420448 2.059544 -2.101537
v 0.420448 2.059544 -2.101537
v 0.420448 2.059544 -2.101537
v 0.420448 2.059544 -2.101537
v 0.420448 2.059544 -2.101537
v 0.420448 2.059544 -2.101537
v -0.228119 2.231459 -1.956054
v -0.228119 2.231459 -1.956054
v -0.228119 2.231459 -1.956054
v -0.228119 2.231459 -1.956054
v -0.228119 2.231459 -1.956054
v -0.228119 2.231459 -1.956054
v -0.744102 2.027441 -2.052496
v -0.744102 2.027441 -2.052496
v -0.744102 2.027441 -2.052496
v -0.744102 2.027441 -2.052496
v -0.744102 2.027441 -2.052496
v -0.744102 2.027441 -2.052496
v -2.056587 1.742698 -1.266952
v -2.056587 1.742698 -1.266952
v -2.056587 1.742698 -1.266952
v -2.056587 1.742698 -1.266952
v -2.056587 1.742698 -1.266952
v -2.056587 1.742698 -1.266952
v -2.056587 1.742698 -1.266952
v -0.094926 1.930233 -2.256931
v -0.094926 1.930233 -2.256931
v -0.094926 1.930233 -2.256931
v -0.094926 1.930233 -2.256931
v -0.094926 1.930233 -2.256931
v -1.571099 1.702586 -1.867498
v -1.571099 1.702586 -1.867498
v -1.571099 1.702586 -1.867498
v -1.571099 1.702586 -1.867498
v -1.571099 1.702586 -1.867498
v -1.571099 1.702586 -1.867498
v -1.571099 1.702586 -1.867498
v 0.198499 1.591780 -2.509248
v 0.198499 1.591780 -2.509248
v 0.198499 1.591780 -2.509248
v 0.198499 1.591780 -2.509248
v 0.198499 1.591780 -2.509248
v 0.198499 1.591780 -2.509248
v -1.955421 1.511377 -1.649444
v -1.955421 1.511377 -1.649444
v -1.955421 1.511377 -1.649444
v -1.955421 1.511377 -1.649444
v -1.955421 1.511377 -1.649444
v -0.606905 1.548759 -2.469775
v -0.606905 1.548759 -2.469775
v -0.606905 1.548759 -2.469775
v -0.606905 1.548759 -2.469775
v -0.606905 1.548759 -2.469775
v -0.606905 1.548759 -2.469775
v -1.203639 1.710025 -2.121256
v -1.203639 1.710025 -2.121256
v -1.203639 1.710025 -2.121256
v -1.203639 1.710025 -2.121256
v -1.203639 1.710025 -2.121256
v -1.203639 1.710025 -2.121256
v -0.832524 2.853757 0.058977
v -0.832524 2.853757 0.058977
v -0.832524 2.853757 0.058977
v -0.832524 2.853757 0.058977
v -0.832524 2.853757 0.058977
v -0.832524 2.853757 0.058977
v -1.430210 2.586884 0.369739
v -1.430210 2.586884 0.369739
v -1.430210 2.586884 0.369739
v -1.430210 2.586884 0.369739
v -1.430210 2.586884 0.369739
v -1.430210 2.586884 0.369739
v -1.485048 2.563808 -0.304142
v -1.485048 2.563808 -0.304142
v -1.485048 2.563808 -0.304142
v -1.485048 2.563808 -0.304142
v -1.485048 2.563808 -0.304142
v -1.485048 2.563808 -0.304142
v -1.485048 2.563808 -0.304142
v -1.825198 2.341580 -0.153284
v -1.825198 2.341580 -0.153284
v -1.825198 2.341580 -0.153284
v -1.825198 2.341580 -0.153284
v -1.825198 2.341580 -0.153284
v -1.788070 2.328304 0.524712
v -1.788070 2.328304 0.524712
v -1.788070 2.328304 0.524712
v -1.788070 2.328304 0.524712
v -1.788070 2.328304 0.524712
v -1.788070 2.328304 0.524712
v -1.788070 2.328304 0.524712
v -1.878642 1.965890 1.207786
v -1.878642 1.965890 1.207786
v -1.878642 1.965890 1.207786
v -1.878642 1.965890 1.207786
v -1.878642 1.965890 1.207786
v -1.878642 1.965890 1.207786
v -1.878642 1.965890 1.207786
v -1.878642 1.965890 1.207786
v -2.076335 2.025106 -0.673614
v -2.076335 2.025106 -0.673614
v -2.076335 2.025106 -0.673614
v -2.076335 2.025106 -0.673614
v -2.076335 2.025106 -0.673614
v -2.076335 2.025106 -0.673614
v -2.076335 2.025106 -0.673614
v -2.141098 2.059773 -0.130682
v -2.141098 2.059773 -0.130682
v -2.141098 2.059773 -0.130682
v -2.141098 2.059773 -0.130682
v -2.141098 2.059773 -0.130682
v -2.141098 2.059773 -0.130682
v -2.283555 1.855483 0.438383
v -2.283555 1.855483 0.438383
v -2.283555 1.855483 0.438383
v -2.283555 1.855483 0.438383
v -2.283555 1.855483 0.438383
v -2.204506 1.804757 0.857209
v -2.204506 1.804757 0.857209
v -2.204506 1.804757 0.857209
v -2.204506 1.804757 0.857209
v -2.204506 1.804757 0.857209
v -2.495941 1.589461 -0.307341
v -2.495941 1.589461 -0.307341
v -2.495941 1.589461 -0.307341
v -2.495941 1.589461 -0.307341
v -2.495941 1.589461 -0.307341
v -2.495941 1.589461 -0.307341
v -2.495941 1.589461 -0.307341
v -2.500194 1.603920 0.145675
v -2.500194 1.603920 0.145675
v -2.500194 1.603920 0.145675
v -2.500194 1.603920 0.145675
v -2.500194 1.603920 0.145675
v -2.500194 1.603920 0.145675
v -2.276226 1.351297 1.365538
v -2.276226 1.351297 1.365538
v -2.276226 1.351297 1.365538
v -2.276226 1.351297 1.365538
v -2.276226 1.351297 1.365538
v -2.276226 1.351297 1.365538
v -2.519763 1.373495 0.774929
v -2.519763 1.373495 0.774929
v -2.519763 1.373495 0.774929
v -2.519763 1.373495 0.774929
v -2.519763 1.373495 0.774929
v -2.519763 1.373495 0.774929
v 0.190839 2.924263 0.515695
v 0.190839 2.924263 0.515695
v 0.190839 2.924263 0.515695
v 0.190839 2.924263 0.515695
v 0.190839 2.924263 0.515695
v 0.190839 2.924263 0.515695
v -0.225402 2.838552 0.864566
v -0.225402 2.838552 0.864566
v -0.225402 2.838552 0.864566
v -0.225402 2.838552 0.864566
v -0.225402 2.838552 0.864566
v -0.225402 2.838552 0.864566
v 0.326613 2.680730 1.247250
v 0.326613 2.680730 1.247250
v 0.326613 2.680730 1.247250
v 0.326613 2.680730 1.247250
v 0.326613 2.680730 1.247250
v 0.326613 2.680730 1.247250
v 0.326613 2.680730 1.247250
v -0.730014 2.696967 1.009343
v -0.730014 2.696967 1.009343
v -0.730014 2.696967 1.009343
v -0.730014 2.696967 1.009343
v -0.730014 2.696967 1.009343
v -0.362350 2.652211 1.297996
v -0.362350 2.652211 1.297996
v -0.362350 2.652211 1.297996
v -0.362350 2.652211 1.297996
v -0.362350 2.652211 1.297996
v 0.243385 2.413644 1.721314
v 0.243385 2.413644 1.721314
v 0.243385 2.413644 1.721314
v 0.243385 2.413644 1.721314
v 0.243385 2.413644 1.721314
v -0.843017 2.476031 1.410621
v -0.843017 2.476031 1.410621
v -0.843017 2.476031 1.410621
v -0.843017 2.476031 1.410621
v -0.843017 2.476031 1.410621
v -0.843017 2.476031 1.410621
v -0.843017 2.476031 1.410621
v -0.226509 2.502350 1.595081
v -0.226509 2.502350 1.595081
v -0.226509 2.502350 1.595081
v -0.226509 2.502350 1.595081
v -0.226509 2.502350 1.595081
v -0.226509 2.502350 1.595081
v 0.385822 2.193300 1.972909
v 0.385822 2.193300 1.972909
v 0.385822 2.193300 1.972909
v 0.385822 2.193300 1.972909
v 0.385822 2.193300 1.972909
v 0.385822 2.193300 1.972909
v -0.597751 2.213289 1.891667
v -0.597751 2.213289 1.891667
v -0.597751 2.213289 1.891667
v -0.597751 2.213289 1.891667
v -0.597751 2.213289 1.891667
v -0.597751 2.213289 1.891667
v -0.073727 2.202278 1.993980
v -0.073727 2.202278 1.993980
v -0.073727 2.202278 1.993980
v -0.073727 2.202278 1.993980
v -0.073727 2.202278 1.993980
v -1.039096 2.073620 1.867458
v -1.039096 2.073620 1.867458
v -1.039096 2.073620 1.867458
v -1.039096 2.073620 1.867458
v -1.039096 2.073620 1.867458
v -1.039096 2.073620 1.867458
v -1.039096 2.073620 1.867458
v -1.520693 1.848818 1.765032
v -1.520693 1.848818 1.765032
v -1.520693 1.848818 1.765032
v -1.520693 1.848818 1.765032
v -1.520693 1.848818 1.765032
v -0.233621 1.906039 2.275430
v -0.233621 1.906039 2.275430
v -0.233621 1.906039 2.275430
v -0.233621 1.906039 2.275430
v -0.233621 1.906039 2.275430
v -0.233621 1.906039 2.275430
v -0.233621 1.906039 2.275430
v -0.233621 1.906039 2.275430
v 0.365579 1.746236 2.377081
v 0.365579 1.746236 2.377081
v 0.365579 1.746236 2.377081
v 0.365579 1.746236 2.377081
v 0.365579 1.746236 2.377081
v 0.365579 1.746236 2.377081
v 0.969787 1.573486 2.332592
v 0.969787 1.573486 2.332592
v 0.969787 1.573486 2.332592
v 0.969787 1.573486 2.332592
v 0.969787 1.573486 2.332592
v 0.969787 1.573486 2.332592
v 0.969787 1.573486 2.332592
v -1.730916 1.572505 1.839272
v -1.730916 1.572505 1.839272
v -1.730916 1.572505 1.839272
v -1.730916 1.572505 1.839272
v -1.730916 1.572505 1.839272
v -0.654247 1.803217 2.269646
v -0.654247 1.803217 2.269646
v -0.654247 1.803217 2.269646
v -0.654247 1.803217 2.269646
v -0.654247 1.803217 2.269646
v -1.301213 1.573846 2.158561
v -1.301213 1.573846 2.158561
v -1.301213 1.573846 2.158561
v -1.301213 1.573846 2.158561
v -1.301213 1.573846 2.158561
v -1.301213 1.573846 2.158561
v -0.987363 1.403293 2.430525
v -0.987363 1.403293 2.430525
v -0.987363 1.403293 2.430525
v -0.987363 1.403293 2.430525
v -0.987363 1.403293 2.430525
v -0.987363 1.403293 2.430525
v -0.520138 1.417291 2.561093
v -0.520138 1.417291 2.561093
v -0.520138 1.417291 2.561093
v -0.520138 1.417291 2.561093
v -0.520138 1.417291 2.561093
v 0.764389 2.871933 0.193266
v 0.764389 2.871933 0.193266
v 0.764389 2.871933 0.193266
v 0.764389 2.871933 0.193266
v 0.764389 2.871933 0.193266
v 0.764389 2.871933 0.193266
v 1.146021 2.735545 0.276559
v 1.146021 2.735545 0.276559
v 1.146021 2.735545 0.276559
v 1.146021 2.735545 0.276559
v 1.146021 2.735545 0.276559
v 1.146021 2.735545 0.276559
v 1.551415 2.533904 -0.044800
v 1.551415 2.533904 -0.044800
v 1.551415 2.533904 -0.044800
v 1.551415 2.533904 -0.044800
v 1.551415 2.533904 -0.044800
v 1.551415 2.533904 -0.044800
v 1.094838 2.561556 1.038065
v 1.094838 2.561556 1.038065
v 1.094838 2.561556 1.038065
v 1.094838 2.561556 1.038065
v 1.094838 2.561556 1.038065
v 0.872615 2.321440 1.648325
v 0.872615 2.321440 1.648325
v 0.872615 2.321440 1.648325
v 0.872615 2.321440 1.648325
v 0.872615 2.321440 1.648325
v 0.872615 2.321440 1.648325
v 0.872615 2.321440 1.648325
v 0.872615 2.321440 1.648325
v 1.530363 2.485507 0.585331
v 1.530363 2.485507 0.585331
v 1.530363 2.485507 0.585331
v 1.530363 2.485507 0.585331
v 1.530363 2.485507 0.585331
v 1.530363 2.485507 0.585331
v 1.884839 2.275241 0.353500
v 1.884839 2.275241 0.353500
v 1.884839 2.275241 0.353500
v 1.884839 2.275241 0.353500
v 1.884839 2.275241 0.353500
v 1.884839 2.275241 0.353500
v 1.310074 2.345568 1.288591
v 1.310074 2.345568 1.288591
v 1.310074 2.345568 1.288591
v 1.310074 2.345568 1.288591
v 1.310074 2.345568 1.288591
v 1.310074 2.345568 1.288591
v 1.928869 2.051838 0.974301
v 1.928869 2.051838 0.974301
v 1.928869 2.051838 0.974301
v 1.928869 2.051838 0.974301
v 1.928869 2.051838 0.974301
v 1.928869 2.051838 0.974301
v 1.928869 2.051838 0.974301
v 2.263581 1.923376 0.108936
v 2.263581 1.923376 0.108936
v 2.263581 1.923376 0.108936
v 2.263581 1.923376 0.108936
v 2.263581 1.923376 0.108936
v 1.723562 1.923600 1.474666
v 1.723562 1.923600 1.474666
v 1.723562 1.923600 1.474666
v 1.723562 1.923600 1.474666
v 1.723562 1.923600 1.474666
v 1.319204 1.890635 1.884407
v 1.319204 1.890635 1.884407
v 1.319204 1.890635 1.884407
v 1.319204 1.890635 1.884407
v 1.319204 1.890635 1.884407
v 1.319204 1.890635 1.884407
v 1.319204 1.890635 1.884407
v 2.396081 1.739255 0.304349
v 2.396081 1.739255 0.304349
v 2.396081 1.739255 0.304349
v 2.396081 1.739255 0.304349
v 2.396081 1.739255 0.304349
v 2.396081 1.739255 0.304349
v 2.396081 1.739255 0.304349
v 2.142152 1.714435 1.144172
v 2.142152 1.714435 1.144172
v 2.142152 1.714435 1.144172
v 2.142152 1.714435 1.144172
v 2.142152 1.714435 1.144172
v 2.142152 1.714435 1.144172
v 2.398076 1.610270 0.715804
v 2.398076 1.610270 0.715804
v 2.398076 1.610270 0.715804
v 2.398076 1.610270 0.715804
v 2.398076 1.610270 0.715804
v 1.581144 1.471588 2.047197
v 1.581144 1.471588 2.047197
v 1.581144 1.471588 2.047197
v 1.581144 1.471588 2.047197
v 1.581144 1.471588 2.047197
v 2.669473 1.184837 -0.569401
v 2.669473 1.184837 -0.569401
v 2.669473 1.184837 -0.569401
v 2.669473 1.184837 -0.569401
v 2.669473 1.184837 -0.569401
v 2.669473 1.184837 -0.569401
v 2.613566 0.931431 -1.075914
v 2.613566 0.931431 -1.075914
v 2.613566 0.931431 -1.075914
v 2.613566 0.931431 -1.075914
v 2.613566 0.931431 -1.075914
v 2.613566 0.931431 -1.075914
v 2.613566 0.931431 -1.075914
v 2.753130 0.348142 -1.063377
v 2.753130 0.348142 -1.063377
v 2.753130 0.348142 -1.063377
v 2.753130 0.348142 -1.063377
v 2.753130 0.348142 -1.063377
v 2.753130 0.348142 -1.063377
v 2.291941 1.230846 -1.434908
v 2.291941 1.230846 -1.434908
v 2.291941 1.230846 -1.434908
v 2.291941 1.230846 -1.434908
v 2.291941 1.230846 -1.434908
v 2.524813 0.531774 -1.484599
v 2.524813 0.531774 -1.484599
v 2.524813 0.531774 -1.484599
v 2.524813 0.531774 -1.484599
v 2.524813 0.531774 -1.484599
v 1.938377 1.514480 -1.671975
v 1.938377 1.514480 -1.671975
v 1.938377 1.514480 -1.671975
v 1.938377 1.514480 -1.671975
v 1.938377 1.514480 -1.671975
v 1.938377 1.514480 -1.671975
v 1.938377 1.514480 -1.671975
v 2.198053 0.926630 -1.776405
v 2.198053 0.926630 -1.776405
v 2.198053 0.926630 -1.776405
v 2.198053 0.926630 -1.776405
v 2.198053 0.926630 -1.776405
v 2.198053 0.926630 -1.776405
v 2.198053 0.926630 -1.776405
v 2.557909 0.039364 -1.517448
v 2.557909 0.039364 -1.517448
v 2.557909 0.039364 -1.517448
v 2.557909 0.039364 -1.517448
v 2.557909 0.039364 -1.517448
v 2.557909 0.039364 -1.517448
v 1.805951 1.099885 -2.089352
v 1.805951 1.099885 -2.089352
v 1.805951 1.099885 -2.089352
v 1.805951 1.099885 -2.089352
v 1.805951 1.099885 -2.089352
v 1.805951 1.099885 -2.089352
v 2.211575 0.403898 -1.942496
v 2.211575 0.403898 -1.942496
v 2.211575 0.403898 -1.942496
v 2.211575 0.403898 -1.942496
v 2.211575 0.403898 -1.942496
v 2.240741 -0.137443 -1.957219
v 2.240741 -0.137443 -1.957219
v 2.240741 -0.137443 -1.957219
v 2.240741 -0.137443 -1.957219
v 2.240741 -0.137443 -1.957219
v 2.240741 -0.137443 -1.957219
v 2.240741 -0.137443 -1.957219
v 1.821538 0.548938 -2.290563
v 1.821538 0.548938 -2.290563
v 1.821538 0.548938 -2.290563
v 1.821538 0.548938 -2.290563
v 1.821538 0.548938 -2.290563
v 1.821538 0.548938 -2.290563
v 1.821538 0.548938 -2.290563
v 1.372550 1.267078 -2.311134
v 1.372550 1.267078 -2.311134
v 1.372550 1.267078 -2.311134
v 1.372550 1.267078 -2.311134
v 1.372550 1.267078 -2.311134
v 1.372550 1.267078 -2.311134
v 2.221897 -0.966225 -1.731220
v 2.221897 -0.966225 -1.731220
v 2.221897 -0.966225 -1.731220
v 2.221897 -0.966225 -1.731220
v 2.221897 -0.966225 -1.731220
v 2.221897 -0.966225 -1.731220
v 2.221897 -0.966225 -1.731220
v 1.455258 0.842610 -2.453080
v 1.455258 0.842610 -2.453080
v 1.455258 0.842610 -2.453080
v 1.455258 0.842610 -2.453080
v 1.455258 0.842610 -2.453080
v 2.041854 -0.482014 -2.108688
v 2.041854 -0.482014 -2.108688
v 2.041854 -0.482014 -2.108688
v 2.041854 -0.482014 -2.108688
v 2.041854 -0.482014 -2.108688
v 1.723383 0.050246 -2.424758
v 1.723383 0.050246 -2.424758
v 1.723383 0.050246 -2.424758
v 1.723383 0.050246 -2.424758
v 1.723383 0.050246 -2.424758
v 1.723383 0.050246 -2.424758
v 1.044936 1.025690 -2.588018
v 1.044936 1.025690 -2.588018
v 1.044936 1.025690 -2.588018
v 1.044936 1.025690 -2.588018
v 1.044936 1.025690 -2.588018
v 1.044936 1.025690 -2.588018
v -0.265472 1.081837 -2.759290
v -0.265472 1.081837 -2.759290
v -0.265472 1.081837 -2.759290
v -0.265472 1.081837 -2.759290
v -0.265472 1.081837 -2.759290
v -0.265472 1.081837 -2.759290
v -0.265472 1.081837 -2.759290
v -0.835465 1.129854 -2.627388
v -0.835465 1.129854 -2.627388
v -0.835465 1.129854 -2.627388
v -0.835465 1.129854 -2.627388
v -0.835465 1.129854 -2.627388
v -0.620606 0.107249 -2.907820
v -0.620606 0.107249 -2.907820
v -0.620606 0.107249 -2.907820
v -0.620606 0.107249 -2.907820
v -0.620606 0.107249 -2.907820
v -0.620606 0.107249 -2.907820
v -0.942133 0.657953 -2.749140
v -0.942133 0.657953 -2.749140
v -0.942133 0.657953 -2.749140
v -0.942133 0.657953 -2.749140
v -0.942133 0.657953 -2.749140
v -0.942133 0.657953 -2.749140
v -0.942133 0.657953 -2.749140
v -1.318848 0.135082 -2.665713
v -1.318848 0.135082 -2.665713
v -1.318848 0.135082 -2.665713
v -1.318848 0.135082 -2.665713
v -1.318848 0.135082 -2.665713
v -1.318848 0.135082 -2.665713
v -1.474280 1.030885 -2.372428
v -1.474280 1.030885 -2.372428
v -1.474280 1.030885 -2.372428
v -1.474280 1.030885 -2.372428
v -1.474280 1.030885 -2.372428
v -1.474280 1.030885 -2.372428
v -1.474280 1.030885 -2.372428
v -1.068181 -0.282579 -2.760600
v -1.068181 -0.282579 -2.760600
v -1.068181 -0.282579 -2.760600
v -1.068181 -0.282579 -2.760600
v -1.068181 -0.282579 -2.760600
v -0.629992 -1.028272 -2.723191
v -0.629992 -1.028272 -2.723191
v -0.629992 -1.028272 -2.723191
v -0.629992 -1.028272 -2.723191
v -0.629992 -1.028272 -2.723191
v -0.629992 -1.028272 -2.723191
v -1.495610 0.383692 -2.540674
v -1.495610 0.383692 -2.540674
v -1.495610 0.383692 -2.540674
v -1.495610 0.383692 -2.540674
v -1.495610 0.383692 -2.540674
v -1.830522 1.149385 -2.046802
v -1.830522 1.149385 -2.046802
v -1.830522 1.149385 -2.046802
v -1.830522 1.149385 -2.046802
v -1.830522 1.149385 -2.046802
v -1.096291 -0.680359 -2.676011
v -1.096291 -0.680359 -2.676011
v -1.096291 -0.680359 -2.676011
v -1.096291 -0.680359 -2.676011
v -1.096291 -0.680359 -2.676011
v -1.096291 -0.680359 -2.676011
v -0.987659 -1.131906 -2.567085
v -0.987659 -1.131906 -2.567085
v -0.987659 -1.131906 -2.567085
v -0.987659 -1.131906 -2.567085
v -0.987659 -1.131906 -2.567085
v -0.987659 -1.131906 -2.567085
v -2.075023 1.009966 -1.874831
v -2.075023 1.009966 -1.874831
v -2.075023 1.009966 -1.874831
v -2.075023 1.009966 -1.874831
v -2.075023 1.009966 -1.874831
v -1.748736 -0.022994 -2.403768
v -1.748736 -0.022994 -2.403768
v -1.748736 -0.022994 -2.403768
v -1.748736 -0.022994 -2.403768
v -1.748736 -0.022994 -2.403768
v -1.974926 0.446428 -2.182587
v -1.974926 0.446428 -2.182587
v -1.974926 0.446428 -2.182587
v -1.974926 0.446428 -2.182587
v -1.974926 0.446428 -2.182587
v -1.974926 0.446428 -2.182587
v -1.974926 0.446428 -2.182587
v -2.358858 1.125964 -1.422426
v -2.358858 1.125964 -1.422426
v -2.358858 1.125964 -1.422426
v -2.358858 1.125964 -1.422426
v -2.358858 1.125964 -1.422426
v -2.358858 1.125964 -1.422426
v -2.358858 1.125964 -1.422426
v -2.460884 1.465099 -0.812886
v -2.460884 1.465099 -0.812886
v -2.460884 1.465099 -0.812886
v -2.460884 1.465099 -0.812886
v -2.460884 1.465099 -0.812886
v -2.460884 1.465099 -0.812886
v -2.852598 0.286260 -0.785688
v -2.852598 0.286260 -0.785688
v -2.852598 0.286260 -0.785688
v -2.852598 0.286260 -0.785688
v -2.852598 0.286260 -0.785688
v -2.852598 0.286260 -0.785688
v -2.757709 0.908800 -0.654090
v -2.757709 0.908800 -0.654090
v -2.757709 0.908800 -0.654090
v -2.757709 0.908800 -0.654090
v -2.757709 0.908800 -0.654090
v -2.757709 0.908800 -0.654090
v -2.808252 0.969150 -0.165183
v -2.808252 0.969150 -0.165183
v -2.808252 0.969150 -0.165183
v -2.808252 0.969150 -0.165183
v -2.808252 0.969150 -0.165183
v -2.808252 0.969150 -0.165183
v -2.917877 0.500138 -0.266819
v -2.917877 0.500138 -0.266819
v -2.917877 0.500138 -0.266819
v -2.917877 0.500138 -0.266819
v -2.917877 0.500138 -0.266819
v -2.697705 1.235598 0.140779
v -2.697705 1.235598 0.140779
v -2.697705 1.235598 0.140779
v -2.697705 1.235598 0.140779
v -2.966784 -0.067867 -0.248592
v -2.966784 -0.067867 -0.248592
v -2.966784 -0.067867 -0.248592
v -2.966784 -0.067867 -0.248592
v -2.966784 -0.067867 -0.248592
v -2.966784 -0.067867 -0.248592
v -2.734949 1.059841 0.501613
v -2.734949 1.059841 0.501613
v -2.734949 1.059841 0.501613
v -2.734949 1.059841 0.501613
v -2.734949 1.059841 0.501613
v -2.734949 1.059841 0.501613
v -2.734949 1.059841 0.501613
v -2.949355 0.350233 0.212641
v -2.949355 0.350233 0.212641
v -2.949355 0.350233 0.212641
v -2.949355 0.350233 0.212641
v -2.949355 0.350233 0.212641
v -2.949355 0.350233 0.212641
v -2.949355 0.350233 0.212641
v -2.827753 0.592762 0.710568
v -2.827753 0.592762 0.710568
v -2.827753 0.592762 0.710568
v -2.827753 0.592762 0.710568
v -2.827753 0.592762 0.710568
v -2.932471 -0.433576 0.268122
v -2.932471 -0.433576 0.268122
v -2.932471 -0.433576 0.268122
v -2.932471 -0.433576 0.268122
v -2.932471 -0.433576 0.268122
v -2.932471 -0.433576 0.268122
v -2.549710 0.925214 1.222605
v -2.549710 0.925214 1.222605
v -2.549710 0.925214 1.222605
v -2.549710 0.925214 1.222605
v -2.549710 0.925214 1.222605
v -2.549710 0.925214 1.222605
v -2.879561 -0.012614 0.739173
v -2.879561 -0.012614 0.739173
v -2.879561 -0.012614 0.739173
v -2.879561 -0.012614 0.739173
v -2.879561 -0.012614 0.739173
v -2.879561 -0.012614 0.739173
v -2.645971 0.458178 1.286023
v -2.645971 0.458178 1.286023
v -2.645971 0.458178 1.286023
v -2.645971 0.458178 1.286023
v -2.645971 0.458178 1.286023
v -2.645971 0.458178 1.286023
v -2.645971 0.458178 1.286023
v -2.763244 -1.044225 0.346334
v -2.763244 -1.044225 0.346334
v -2.763244 -1.044225 0.346334
v -2.763244 -1.044225 0.346334
v -2.763244 -1.044225 0.346334
v -2.763244 -1.044225 0.346334
v -2.763244 -1.044225 0.346334
v -1.710917 1.082231 2.182825
v -1.710917 1.082231 2.182825
v -1.710917 1.082231 2.182825
v -1.710917 1.082231 2.182825
v -1.710917 1.082231 2.182825
v -1.710917 1.082231 2.182825
v -1.541191 0.716195 2.445152
v -1.541191 0.716195 2.445152
v -1.541191 0.716195 2.445152
v -1.541191 0.716195 2.445152
v -1.541191 0.716195 2.445152
v -1.541191 0.716195 2.445152
v -1.166220 1.129069 2.494302
v -1.166220 1.129069 2.494302
v -1.166220 1.129069 2.494302
v -1.166220 1.129069 2.494302
v -1.166220 1.129069 2.494302
v -1.166220 1.129069 2.494302
v -1.034598 0.479893 2.747279
v -1.034598 0.479893 2.747279
v -1.034598 0.479893 2.747279
v -1.034598 0.479893 2.747279
v -1.034598 0.479893 2.747279
v -1.034598 0.479893 2.747279
v -1.405566 -0.396257 2.590847
v -1.405566 -0.396257 2.590847
v -1.405566 -0.396257 2.590847
v -1.405566 -0.396257 2.590847
v -1.405566 -0.396257 2.590847
v -0.551037 0.973137 2.756886
v -0.551037 0.973137 2.756886
v -0.551037 0.973137 2.756886
v -0.551037 0.973137 2.756886
v -0.551037 0.973137 2.756886
v -0.551037 0.973137 2.756886
v -0.551037 0.973137 2.756886
v -0.093846 1.363391 2.642923
v -0.093846 1.363391 2.642923
v -0.093846 1.363391 2.642923
v -0.093846 1.363391 2.642923
v -0.093846 1.363391 2.642923
v -0.458962 0.517606 2.895001
v -0.458962 0.517606 2.895001
v -0.458962 0.517606 2.895001
v -0.458962 0.517606 2.895001
v -0.458962 0.517606 2.895001
v -0.458962 0.517606 2.895001
v -0.458962 0.517606 2.895001
v -0.932982 -0.188536 2.821221
v -0.932982 -0.188536 2.821221
v -0.932982 -0.188536 2.821221
v -0.932982 -0.188536 2.821221
v -0.932982 -0.188536 2.821221
v -0.932982 -0.188536 2.821221
v -0.932982 -0.188536 2.821221
v 0.228914 1.414416 2.607315
v 0.228914 1.414416 2.607315
v 0.228914 1.414416 2.607315
v 0.228914 1.414416 2.607315
v 0.228914 1.414416 2.607315
v 0.153434 0.950804 2.814936
v 0.153434 0.950804 2.814936
v 0.153434 0.950804 2.814936
v 0.153434 0.950804 2.814936
v 0.153434 0.950804 2.814936
v 0.153434 0.950804 2.814936
v 0.153434 0.950804 2.814936
v -0.463631 -0.073181 2.938040
v -0.463631 -0.073181 2.938040
v -0.463631 -0.073181 2.938040
v -0.463631 -0.073181 2.938040
v -0.463631 -0.073181 2.938040
v -0.590448 -0.749617 2.822387
v -0.590448 -0.749617 2.822387
v -0.590448 -0.749617 2.822387
v -0.590448 -0.749617 2.822387
v -0.590448 -0.749617 2.822387
v -0.590448 -0.749617 2.822387
v 0.039126 -0.022405 2.974199
v 0.039126 -0.022405 2.974199
v 0.039126 -0.022405 2.974199
v 0.039126 -0.022405 2.974199
v 0.039126 -0.022405 2.974199
v 0.039126 -0.022405 2.974199
v 0.206434 0.581295 2.908813
v 0.206434 0.581295 2.908813
v 0.206434 0.581295 2.908813
v 0.206434 0.581295 2.908813
v 0.206434 0.581295 2.908813
v 0.723734 1.229536 2.609109
v 0.723734 1.229536 2.609109
v 0.723734 1.229536 2.609109
v 0.723734 1.229536 2.609109
v 0.723734 1.229536 2.609109
v 0.723734 1.229536 2.609109
v 1.393605 1.210850 2.330641
v 1.393605 1.210850 2.330641
v 1.393605 1.210850 2.330641
v 1.393605 1.210850 2.330641
v 1.771133 0.862246 2.230361
v 1.771133 0.862246 2.230361
v 1.771133 0.862246 2.230361
v 1.771133 0.862246 2.230361
v 1.771133 0.862246 2.230361
v 1.771133 0.862246 2.230361
v 1.771133 0.862246 2.230361
v 1.771133 0.862246 2.230361
v 2.012522 1.426442 1.666482
v 2.012522 1.426442 1.666482
v 2.012522 1.426442 1.666482
v 2.012522 1.426442 1.666482
v 2.012522 1.426442 1.666482
v 2.012522 1.426442 1.666482
v 2.012522 1.426442 1.666482
v 2.180066 0.509560 1.963648
v 2.180066 0.509560 1.963648
v 2.180066 0.509560 1.963648
v 2.180066 0.509560 1.963648
v 2.180066 0.509560 1.963648
v 2.180066 0.509560 1.963648
v 2.192609 0.965446 1.757381
v 2.192609 0.965446 1.757381
v 2.192609 0.965446 1.757381
v 2.192609 0.965446 1.757381
v 2.192609 0.965446 1.757381
v 2.318147 1.249561 1.378568
v 2.318147 1.249561 1.378568
v 2.318147 1.249561 1.378568
v 2.318147 1.249561 1.378568
v 2.318147 1.249561 1.378568
v 2.315399 -0.218056 1.857551
v 2.315399 -0.218056 1.857551
v 2.315399 -0.218056 1.857551
v 2.315399 -0.218056 1.857551
v 2.315399 -0.218056 1.857551
v 2.315399 -0.218056 1.857551
v 2.315399 -0.218056 1.857551
v 2.587620 0.689322 1.305654
v 2.587620 0.689322 1.305654
v 2.587620 0.689322 1.305654
v 2.587620 0.689322 1.305654
v 2.587620 0.689322 1.305654
v 2.587620 0.689322 1.305654
v 2.587620 0.689322 1.305654
v 2.525428 0.248751 1.550274
v 2.525428 0.248751 1.550274
v 2.525428 0.248751 1.550274
v 2.525428 0.248751 1.550274
v 2.525428 0.248751 1.550274
v 2.551533 1.173569 0.986982
v 2.551533 1.173569 0.986982
v 2.551533 1.173569 0.986982
v 2.551533 1.173569 0.986982
v 2.551533 1.173569 0.986982
v 2.551533 1.173569 0.986982
v 2.291152 -0.712677 1.752895
v 2.291152 -0.712677 1.752895
v 2.291152 -0.712677 1.752895
v 2.291152 -0.712677 1.752895
v 2.291152 -0.712677 1.752895
v 2.291152 -0.712677 1.752895
v 2.291152 -0.712677 1.752895
v 2.777166 0.707659 0.796220
v 2.777166 0.707659 0.796220
v 2.777166 0.707659 0.796220
v 2.777166 0.707659 0.796220
v 2.777166 0.707659 0.796220
v 2.807293 0.095530 0.979429
v 2.807293 0.095530 0.979429
v 2.807293 0.095530 0.979429
v 2.807293 0.095530 0.979429
v 2.807293 0.095530 0.979429
v 2.807293 0.095530 0.979429
v 2.807293 0.095530 0.979429
v 2.638249 -0.341027 1.333884
v 2.638249 -0.341027 1.333884
v 2.638249 -0.341027 1.333884
v 2.638249 -0.341027 1.333884
v 2.638249 -0.341027 1.333884
v 2.638249 -0.341027 1.333884
v 2.322212 -1.264973 1.369959
v 2.322212 -1.264973 1.369959
v 2.322212 -1.264973 1.369959
v 2.322212 -1.264973 1.369959
v 2.322212 -1.264973 1.369959
v 2.322212 -1.264973 1.369959
v 2.322212 -1.264973 1.369959
v 2.752565 1.042630 0.428690
v 2.752565 1.042630 0.428690
v 2.752565 1.042630 0.428690
v 2.752565 1.042630 0.428690
v 2.752565 1.042630 0.428690
v 2.752565 1.042630 0.428690
v 2.752565 1.042630 0.428690
v 2.698388 1.245418 0.087003
v 2.698388 1.245418 0.087003
v 2.698388 1.245418 0.087003
v 2.698388 1.245418 0.087003
v 2.698388 1.245418 0.087003
v 0.486237 1.103041 -2.721461
v 0.486237 1.103041 -2.721461
v 0.486237 1.103041 -2.721461
v 0.486237 1.103041 -2.721461
v 0.486237 1.103041 -2.721461
v 0.486237 1.103041 -2.721461
v 0.629214 0.632622 -2.838309
v 0.629214 0.632622 -2.838309
v 0.629214 0.632622 -2.838309
v 0.629214 0.632622 -2.838309
v 0.629214 0.632622 -2.838309
v 0.629214 0.632622 -2.838309
v 1.241130 0.414068 -2.672004
v 1.241130 0.414068 -2.672004
v 1.241130 0.414068 -2.672004
v 1.241130 0.414068 -2.672004
v 1.241130 0.414068 -2.672004
v 1.241130 0.414068 -2.672004
v 1.089276 0.133247 -2.768578
v 1.089276 0.133247 -2.768578
v 1.089276 0.133247 -2.768578
v 1.089276 0.133247 -2.768578
v 1.089276 0.133247 -2.768578
v 1.089276 0.133247 -2.768578
v 1.089276 0.133247 -2.768578
v 0.368619 0.135574 -2.948112
v 0.368619 0.135574 -2.948112
v 0.368619 0.135574 -2.948112
v 0.368619 0.135574 -2.948112
v 0.368619 0.135574 -2.948112
v 0.368619 0.135574 -2.948112
v 0.596828 -0.282228 -2.904141
v 0.596828 -0.282228 -2.904141
v 0.596828 -0.282228 -2.904141
v 0.596828 -0.282228 -2.904141
v 0.596828 -0.282228 -2.904141
v 0.596828 -0.282228 -2.904141
v 1.053226 -0.727687 -2.690128
v 1.053226 -0.727687 -2.690128
v 1.053226 -0.727687 -2.690128
v 1.053226 -0.727687 -2.690128
v 1.053226 -0.727687 -2.690128
v 1.053226 -0.727687 -2.690128
v 1.053226 -0.727687 -2.690128
v -0.468068 -0.477409 -2.900639
v -0.468068 -0.477409 -2.900639
v -0.468068 -0.477409 -2.900639
v -0.468068 -0.477409 -2.900639
v -0.468068 -0.477409 -2.900639
v -0.468068 -0.477409 -2.900639
v 0.413136 -0.918450 -2.801411
v 0.413136 -0.918450 -2.801411
v 0.413136 -0.918450 -2.801411
v 0.413136 -0.918450 -2.801411
v 0.413136 -0.918450 -2.801411
v 0.413136 -0.918450 -2.801411
v -0.038487 -0.905107 -2.835365
v -0.038487 -0.905107 -2.835365
v -0.038487 -0.905107 -2.835365
v -0.038487 -0.905107 -2.835365
v -0.038487 -0.905107 -2.835365
v -0.038487 -0.905107 -2.835365
v 1.818262 -0.956965 -2.150664
v 1.818262 -0.956965 -2.150664
v 1.818262 -0.956965 -2.150664
v 1.818262 -0.956965 -2.150664
v 1.818262 -0.956965 -2.150664
v 1.440998 -1.032699 -2.392071
v 1.440998 -1.032699 -2.392071
v 1.440998 -1.032699 -2.392071
v 1.440998 -1.032699 -2.392071
v 1.440998 -1.032699 -2.392071
v 1.440998 -1.032699 -2.392071
v 1.115393 -1.209871 -2.474221
v 1.115393 -1.209871 -2.474221
v 1.115393 -1.209871 -2.474221
v 1.115393 -1.209871 -2.474221
v 0.794316 -1.390217 -2.507697
v 0.794316 -1.390217 -2.507697
v 0.794316 -1.390217 -2.507697
v 0.794316 -1.390217 -2.507697
v 0.794316 -1.390217 -2.507697
v 0.794316 -1.390217 -2.507697
v -0.108817 -1.379002 -2.631253
v -0.108817 -1.379002 -2.631253
v -0.108817 -1.379002 -2.631253
v -0.108817 -1.379002 -2.631253
v -0.108817 -1.379002 -2.631253
v -0.108817 -1.379002 -2.631253
v 0.426065 -1.607024 -2.468698
v 0.426065 -1.607024 -2.468698
v 0.426065 -1.607024 -2.468698
v 0.426065 -1.607024 -2.468698
v 0.426065 -1.607024 -2.468698
v 0.426065 -1.607024 -2.468698
v 1.761152 -1.401274 -1.939242
v 1.761152 -1.401274 -1.939242
v 1.761152 -1.401274 -1.939242
v 1.761152 -1.401274 -1.939242
v 1.761152 -1.401274 -1.939242
v 1.761152 -1.401274 -1.939242
v 1.350580 -1.658795 -2.071085
v 1.350580 -1.658795 -2.071085
v 1.350580 -1.658795 -2.071085
v 1.350580 -1.658795 -2.071085
v 1.350580 -1.658795 -2.071085
v 1.350580 -1.658795 -2.071085
v -2.324776 0.461479 -1.797436
v -2.324776 0.461479 -1.797436
v -2.324776 0.461479 -1.797436
v -2.324776 0.461479 -1.797436
v -2.324776 0.461479 -1.797436
v -2.324776 0.461479 -1.797436
v -2.324776 0.461479 -1.797436
v -2.482247 0.845120 -1.398042
v -2.482247 0.845120 -1.398042
v -2.482247 0.845120 -1.398042
v -2.482247 0.845120 -1.398042
v -2.673682 0.182174 -1.302924
v -2.673682 0.182174 -1.302924
v -2.673682 0.182174 -1.302924
v -2.673682 0.182174 -1.302924
v -2.673682 0.182174 -1.302924
v -2.673682 0.182174 -1.302924
v -2.673682 0.182174 -1.302924
v -2.673682 0.182174 -1.302924
v -2.459975 0.019222 -1.664862
v -2.459975 0.019222 -1.664862
v -2.459975 0.019222 -1.664862
v -2.459975 0.019222 -1.664862
v -2.198024 -0.160444 -1.995763
v -2.198024 -0.160444 -1.995763
v -2.198024 -0.160444 -1.995763
v -2.198024 -0.160444 -1.995763
v -2.198024 -0.160444 -1.995763
v -2.198024 -0.160444 -1.995763
v -2.198024 -0.160444 -1.995763
v -1.661071 -0.427369 -2.434829
v -1.661071 -0.427369 -2.434829
v -1.661071 -0.427369 -2.434829
v -1.661071 -0.427369 -2.434829
v -1.661071 -0.427369 -2.434829
v -1.661071 -0.427369 -2.434829
v -1.661071 -0.427369 -2.434829
v -1.661071 -0.427369 -2.434829
v -2.749329 -0.552859 -0.996480
v -2.749329 -0.552859 -0.996480
v -2.749329 -0.552859 -0.996480
v -2.749329 -0.552859 -0.996480
v -2.749329 -0.552859 -0.996480
v -2.559451 -0.476624 -1.440433
v -2.559451 -0.476624 -1.440433
v -2.559451 -0.476624 -1.440433
v -2.559451 -0.476624 -1.440433
v -2.559451 -0.476624 -1.440433
v -2.559451 -0.476624 -1.440433
v -2.559451 -0.476624 -1.440433
v -2.160810 -0.673615 -1.930298
v -2.160810 -0.673615 -1.930298
v -2.160810 -0.673615 -1.930298
v -2.160810 -0.673615 -1.930298
v -2.160810 -0.673615 -1.930298
v -2.160810 -0.673615 -1.930298
v -1.836855 -0.903683 -2.157236
v -1.836855 -0.903683 -2.157236
v -1.836855 -0.903683 -2.157236
v -1.836855 -0.903683 -2.157236
v -1.836855 -0.903683 -2.157236
v -2.335438 -0.973592 -1.573249
v -2.335438 -0.973592 -1.573249
v -2.335438 -0.973592 -1.573249
v -2.335438 -0.973592 -1.573249
v -2.335438 -0.973592 -1.573249
v -1.393463 -0.982162 -2.436082
v -1.393463 -0.982162 -2.436082
v -1.393463 -0.982162 -2.436082
v -1.393463 -0.982162 -2.436082
v -1.393463 -0.982162 -2.436082
v -2.513522 -1.083213 -1.169314
v -2.513522 -1.083213 -1.169314
v -2.513522 -1.083213 -1.169314
v -2.513522 -1.083213 -1.169314
v -2.513522 -1.083213 -1.169314
v -2.513522 -1.083213 -1.169314
v -2.726682 -1.048668 -0.561549
v -2.726682 -1.048668 -0.561549
v -2.726682 -1.048668 -0.561549
v -2.726682 -1.048668 -0.561549
v -2.726682 -1.048668 -0.561549
v -2.726682 -1.048668 -0.561549
v -2.726682 -1.048668 -0.561549
v -1.897097 -1.326538 -1.866465
v -1.897097 -1.326538 -1.866465
v -1.897097 -1.326538 -1.866465
v -1.897097 -1.326538 -1.866465
v -1.897097 -1.326538 -1.866465
v -1.897097 -1.326538 -1.866465
v -2.703331 -1.222561 -0.160515
v -2.703331 -1.222561 -0.160515
v -2.703331 -1.222561 -0.160515
v -2.703331 -1.222561 -0.160515
v -2.703331 -1.222561 -0.160515
v -1.417575 -1.494453 -2.147185
v -1.417575 -1.494453 -2.147185
v -1.417575 -1.494453 -2.147185
v -1.417575 -1.494453 -2.147185
v -1.417575 -1.494453 -2.147185
v -1.417575 -1.494453 -2.147185
v -1.417575 -1.494453 -2.147185
v -2.254821 0.713312 1.805493
v -2.254821 0.713312 1.805493
v -2.254821 0.713312 1.805493
v -2.254821 0.713312 1.805493
v -2.254821 0.713312 1.805493
v -2.254821 0.713312 1.805493
v -2.254821 0.713312 1.805493
v -1.960756 0.386808 2.196407
v -1.960756 0.386808 2.196407
v -1.960756 0.386808 2.196407
v -1.960756 0.386808 2.196407
v -1.960756 0.386808 2.196407
v -1.960756 0.386808 2.196407
v -2.293608 0.208728 1.879433
v -2.293608 0.208728 1.879433
v -2.293608 0.208728 1.879433
v -2.293608 0.208728 1.879433
v -2.293608 0.208728 1.879433
v -2.715170 0.023614 1.210322
v -2.715170 0.023614 1.210322
v -2.715170 0.023614 1.210322
v -2.715170 0.023614 1.210322
v -2.715170 0.023614 1.210322
v -2.486706 -0.238147 1.621992
v -2.486706 -0.238147 1.621992
v -2.486706 -0.238147 1.621992
v -2.486706 -0.238147 1.621992
v -2.486706 -0.238147 1.621992
v -2.486706 -0.238147 1.621992
v -2.486706 -0.238147 1.621992
v -2.049096 -0.075615 2.152883
v -2.049096 -0.075615 2.152883
v -2.049096 -0.075615 2.152883
v -2.049096 -0.075615 2.152883
v -2.049096 -0.075615 2.152883
v -2.049096 -0.075615 2.152883
v -2.696860 -0.634728 1.086650
v -2.696860 -0.634728 1.086650
v -2.696860 -0.634728 1.086650
v -2.696860 -0.634728 1.086650
v -2.696860 -0.634728 1.086650
v -2.696860 -0.634728 1.086650
v -1.748879 -0.449082 2.359017
v -1.748879 -0.449082 2.359017
v -1.748879 -0.449082 2.359017
v -1.748879 -0.449082 2.359017
v -1.748879 -0.449082 2.359017
v -2.163481 -0.579567 1.957462
v -2.163481 -0.579567 1.957462
v -2.163481 -0.579567 1.957462
v -2.163481 -0.579567 1.957462
v -2.163481 -0.579567 1.957462
v -2.163481 -0.579567 1.957462
v -2.440646 -0.883475 1.447546
v -2.440646 -0.883475 1.447546
v -2.440646 -0.883475 1.447546
v -2.440646 -0.883475 1.447546
v -2.440646 -0.883475 1.447546
v -2.440646 -0.883475 1.447546
v -1.695955 -0.887359 2.275427
v -1.695955 -0.887359 2.275427
v -1.695955 -0.887359 2.275427
v -1.695955 -0.887359 2.275427
v -1.695955 -0.887359 2.275427
v -1.695955 -0.887359 2.275427
v -1.695955 -0.887359 2.275427
v -2.085383 -1.131728 1.796469
v -2.085383 -1.131728 1.796469
v -2.085383 -1.131728 1.796469
v -2.085383 -1.131728 1.796469
v -2.085383 -1.131728 1.796469
v -2.085383 -1.131728 1.796469
v -2.085383 -1.131728 1.796469
v -2.554029 -1.276923 0.845718
v -2.554029 -1.276923 0.845718
v -2.554029 -1.276923 0.845718
v -2.554029 -1.276923 0.845718
v -2.554029 -1.276923 0.845718
v -2.554029 -1.276923 0.845718
v -2.554029 -1.276923 0.845718
v -2.323814 -1.330366 1.289009
v -2.323814 -1.330366 1.289009
v -2.323814 -1.330366 1.289009
v -2.323814 -1.330366 1.289009
v -2.323814 -1.330366 1.289009
v -1.773353 -1.234136 2.038667
v -1.773353 -1.234136 2.038667
v -1.773353 -1.234136 2.038667
v -1.773353 -1.234136 2.038667
v -1.348206 -1.411524 2.247135
v -1.348206 -1.411524 2.247135
v -1.348206 -1.411524 2.247135
v -1.348206 -1.411524 2.247135
v -1.348206 -1.411524 2.247135
v -1.348206 -1.411524 2.247135
v -1.348206 -1.411524 2.247135
v 1.254087 0.868313 2.556272
v 1.254087 0.868313 2.556272
v 1.254087 0.868313 2.556272
v 1.254087 0.868313 2.556272
v 1.254087 0.868313 2.556272
v 1.254087 0.868313 2.556272
v 0.474142 0.271947 2.922817
v 0.474142 0.271947 2.922817
v 0.474142 0.271947 2.922817
v 0.474142 0.271947 2.922817
v 0.474142 0.271947 2.922817
v 1.583827 0.382863 2.485844
v 1.583827 0.382863 2.485844
v 1.583827 0.382863 2.485844
v 1.583827 0.382863 2.485844
v 1.583827 0.382863 2.485844
v 1.350938 0.044886 2.648249
v 1.350938 0.044886 2.648249
v 1.350938 0.044886 2.648249
v 1.350938 0.044886 2.648249
v 1.350938 0.044886 2.648249
v 1.350938 0.044886 2.648249
v 0.880882 -0.078624 2.839610
v 0.880882 -0.078624 2.839610
v 0.880882 -0.078624 2.839610
v 0.880882 -0.078624 2.839610
v 0.880882 -0.078624 2.839610
v 0.880882 -0.078624 2.839610
v 0.402440 -0.410225 2.917698
v 0.402440 -0.410225 2.917698
v 0.402440 -0.410225 2.917698
v 0.402440 -0.410225 2.917698
v 0.402440 -0.410225 2.917698
v 0.402440 -0.410225 2.917698
v 1.744632 -0.277772 2.389854
v 1.744632 -0.277772 2.389854
v 1.744632 -0.277772 2.389854
v 1.744632 -0.277772 2.389854
v 1.744632 -0.277772 2.389854
v 1.268590 -0.712060 2.600400
v 1.268590 -0.712060 2.600400
v 1.268590 -0.712060 2.600400
v 1.268590 -0.712060 2.600400
v 1.268590 -0.712060 2.600400
v 1.268590 -0.712060 2.600400
v 1.268590 -0.712060 2.600400
v 1.268590 -0.712060 2.600400
v 0.861815 -0.513167 2.796239
v 0.861815 -0.513167 2.796239
v 0.861815 -0.513167 2.796239
v 0.861815 -0.513167 2.796239
v 1.868756 -0.596801 2.238160
v 1.868756 -0.596801 2.238160
v 1.868756 -0.596801 2.238160
v 1.868756 -0.596801 2.238160
v 1.868756 -0.596801 2.238160
v 1.868756 -0.596801 2.238160
v 0.638193 -1.010636 2.730048
v 0.638193 -1.010636 2.730048
v 0.638193 -1.010636 2.730048
v 0.638193 -1.010636 2.730048
v 0.638193 -1.010636 2.730048
v 0.638193 -1.010636 2.730048
v 0.638193 -1.010636 2.730048
v -0.264973 -1.040897 2.773973
v -0.264973 -1.040897 2.773973
v -0.264973 -1.040897 2.773973
v -0.264973 -1.040897 2.773973
v -0.264973 -1.040897 2.773973
v 1.616726 -1.191796 2.196544
v 1.616726 -1.191796 2.196544
v 1.616726 -1.191796 2.196544
v 1.616726 -1.191796 2.196544
v 1.616726 -1.191796 2.196544
v 1.616726 -1.191796 2.196544
v 1.908493 -1.098679 1.997953
v 1.908493 -1.098679 1.997953
v 1.908493 -1.098679 1.997953
v 1.908493 -1.098679 1.997953
v 1.908493 -1.098679 1.997953
v 0.310403 -1.272446 2.673219
v 0.310403 -1.272446 2.673219
v 0.310403 -1.272446 2.673219
v 0.310403 -1.272446 2.673219
v 0.310403 -1.272446 2.673219
v 0.310403 -1.272446 2.673219
v 1.176380 -1.490826 2.294966
v 1.176380 -1.490826 2.294966
v 1.176380 -1.490826 2.294966
v 1.176380 -1.490826 2.294966
v 1.176380 -1.490826 2.294966
v 1.176380 -1.490826 2.294966
v 1.176380 -1.490826 2.294966
v 0.632160 -1.502097 2.488196
v 0.632160 -1.502097 2.488196
v 0.632160 -1.502097 2.488196
v 0.632160 -1.502097 2.488196
v 0.632160 -1.502097 2.488196
v -0.266349 -1.463935 2.570949
v -0.266349 -1.463935 2.570949
v -0.266349 -1.463935 2.570949
v -0.266349 -1.463935 2.570949
v -0.266349 -1.463935 2.570949
v -0.266349 -1.463935 2.570949
v 2.878988 0.751369 -0.139894
v 2.878988 0.751369 -0.139894
v 2.878988 0.751369 -0.139894
v 2.878988 0.751369 -0.139894
v 2.878988 0.751369 -0.139894
v 2.878988 0.751369 -0.139894
v 2.878988 0.751369 -0.139894
v 2.878988 0.751369 -0.139894
v 2.935875 0.374577 -0.272478
v 2.935875 0.374577 -0.272478
v 2.935875 0.374577 -0.272478
v 2.935875 0.374577 -0.272478
v 2.972126 0.123602 0.024740
v 2.972126 0.123602 0.024740
v 2.972126 0.123602 0.024740
v 2.972126 0.123602 0.024740
v 2.972126 0.123602 0.024740
v 2.972126 0.123602 0.024740
v 2.972126 0.123602 0.024740
v 2.940108 -0.028279 0.442248
v 2.940108 -0.028279 0.442248
v 2.940108 -0.028279 0.442248
v 2.940108 -0.028279 0.442248
v 2.940108 -0.028279 0.442248
v 2.950107 -0.142624 -0.325860
v 2.950107 -0.142624 -0.325860
v 2.950107 -0.142624 -0.325860
v 2.950107 -0.142624 -0.325860
v 2.950107 -0.142624 -0.325860
v 2.950107 -0.142624 -0.325860
v 2.918997 -0.469190 0.311938
v 2.918997 -0.469190 0.311938
v 2.918997 -0.469190 0.311938
v 2.918997 -0.469190 0.311938
v 2.918997 -0.469190 0.311938
v 2.809286 -0.336459 -0.928471
v 2.809286 -0.336459 -0.928471
v 2.809286 -0.336459 -0.928471
v 2.809286 -0.336459 -0.928471
v 2.809286 -0.336459 -0.928471
v 2.809286 -0.336459 -0.928471
v 2.809286 -0.336459 -0.928471
v 2.816595 -0.503453 0.803939
v 2.816595 -0.503453 0.803939
v 2.816595 -0.503453 0.803939
v 2.816595 -0.503453 0.803939
v 2.816595 -0.503453 0.803939
v 2.816595 -0.503453 0.803939
v 2.816595 -0.503453 0.803939
v 2.914955 -0.575798 -0.087306
v 2.914955 -0.575798 -0.087306
v 2.914955 -0.575798 -0.087306
v 2.914955 -0.575798 -0.087306
v 2.914955 -0.575798 -0.087306
v 2.914955 -0.575798 -0.087306
v 2.843172 -0.699666 -0.518817
v 2.843172 -0.699666 -0.518817
v 2.843172 -0.699666 -0.518817
v 2.843172 -0.699666 -0.518817
v 2.843172 -0.699666 -0.518817
v 2.818743 -0.868172 0.397286
v 2.818743 -0.868172 0.397286
v 2.818743 -0.868172 0.397286
v 2.818743 -0.868172 0.397286
v 2.818743 -0.868172 0.397286
v 2.818743 -0.868172 0.397286
v 2.818743 -0.868172 0.397286
v 2.588590 -0.741539 1.259580
v 2.588590 -0.741539 1.259580
v 2.588590 -0.741539 1.259580
v 2.588590 -0.741539 1.259580
v 2.588590 -0.741539 1.259580
v 2.710129 -0.895221 -0.835022
v 2.710129 -0.895221 -0.835022
v 2.710129 -0.895221 -0.835022
v 2.710129 -0.895221 -0.835022
v 2.710129 -0.895221 -0.835022
v 2.710129 -0.895221 -0.835022
v 2.566535 -0.565296 -1.398438
v 2.566535 -0.565296 -1.398438
v 2.566535 -0.565296 -1.398438
v 2.566535 -0.565296 -1.398438
v 2.566535 -0.565296 -1.398438
v 2.566535 -0.565296 -1.398438
v 2.631127 -1.049445 0.903967
v 2.631127 -1.049445 0.903967
v 2.631127 -1.049445 0.903967
v 2.631127 -1.049445 0.903967
v 2.631127 -1.049445 0.903967
v 2.735848 -1.148124 -0.251328
v 2.735848 -1.148124 -0.251328
v 2.735848 -1.148124 -0.251328
v 2.735848 -1.148124 -0.251328
v 2.735848 -1.148124 -0.251328
v 2.735848 -1.148124 -0.251328
v 2.472583 -1.124023 -1.206464
v 2.472583 -1.124023 -1.206464
v 2.472583 -1.124023 -1.206464
v 2.472583 -1.124023 -1.206464
v 2.472583 -1.124023 -1.206464
v 2.472583 -1.124023 -1.206464
v 2.620575 -1.402961 -0.004738
v 2.620575 -1.402961 -0.004738
v 2.620575 -1.402961 -0.004738
v 2.620575 -1.402961 -0.004738
v 2.620575 -1.402961 -0.004738
v 2.523854 -1.478042 -0.560016
v 2.523854 -1.478042 -0.560016
v 2.523854 -1.478042 -0.560016
v 2.523854 -1.478042 -0.560016
v 2.523854 -1.478042 -0.560016
v 2.523854 -1.478042 -0.560016
v 2.523854 -1.478042 -0.560016
v 2.566998 -1.369627 0.625038
v 2.566998 -1.369627 0.625038
v 2.566998 -1.369627 0.625038
v 2.566998 -1.369627 0.625038
v 2.566998 -1.369627 0.625038
v 2.566998 -1.369627 0.625038
v 1.590180 -1.893769 -1.660208
v 1.590180 -1.893769 -1.660208
v 1.590180 -1.893769 -1.660208
v 1.590180 -1.893769 -1.660208
v 1.590180 -1.893769 -1.660208
v 1.590180 -1.893769 -1.660208
v 1.590180 -1.893769 -1.660208
v 1.590180 -1.893769 -1.660208
v 1.221513 -2.380097 -1.296813
v 1.221513 -2.380097 -1.296813
v 1.221513 -2.380097 -1.296813
v 1.221513 -2.380097 -1.296813
v 1.221513 -2.380097 -1.296813
v 1.012794 -1.882614 -2.070343
v 1.012794 -1.882614 -2.070343
v 1.012794 -1.882614 -2.070343
v 1.012794 -1.882614 -2.070343
v 1.012794 -1.882614 -2.070343
v 1.012794 -1.882614 -2.070343
v 0.852681 -2.334409 -1.643197
v 0.852681 -2.334409 -1.643197
v 0.852681 -2.334409 -1.643197
v 0.852681 -2.334409 -1.643197
v 0.852681 -2.334409 -1.643197
v 0.852681 -2.334409 -1.643197
v 0.852681 -2.334409 -1.643197
v 0.570600 -2.014994 -2.110540
v 0.570600 -2.014994 -2.110540
v 0.570600 -2.014994 -2.110540
v 0.570600 -2.014994 -2.110540
v 0.570600 -2.014994 -2.110540
v 0.777669 -2.682543 -1.016620
v 0.777669 -2.682543 -1.016620
v 0.777669 -2.682543 -1.016620
v 0.777669 -2.682543 -1.016620
v 0.777669 -2.682543 -1.016620
v 0.777669 -2.682543 -1.016620
v 0.186309 -2.311120 -1.867452
v 0.186309 -2.311120 -1.867452
v 0.186309 -2.311120 -1.867452
v 0.186309 -2.311120 -1.867452
v 0.186309 -2.311120 -1.867452
v 0.186309 -2.311120 -1.867452
v 0.186309 -2.311120 -1.867452
v 0.016764 -1.812200 -2.359280
v 0.016764 -1.812200 -2.359280
v 0.016764 -1.812200 -2.359280
v 0.016764 -1.812200 -2.359280
v 0.016764 -1.812200 -2.359280
v 0.016764 -1.812200 -2.359280
v 0.324954 -2.622103 -1.363850
v 0.324954 -2.622103 -1.363850
v 0.324954 -2.622103 -1.363850
v 0.324954 -2.622103 -1.363850
v 0.324954 -2.622103 -1.363850
v 0.146271 -2.815018 -0.949489
v 0.146271 -2.815018 -0.949489
v 0.146271 -2.815018 -0.949489
v 0.146271 -2.815018 -0.949489
v 0.146271 -2.815018 -0.949489
v 0.146271 -2.815018 -0.949489
v -0.261247 -2.075954 -2.111438
v -0.261247 -2.075954 -2.111438
v -0.261247 -2.075954 -2.111438
v -0.261247 -2.075954 -2.111438
v -0.261247 -2.075954 -2.111438
v -0.024903 -2.926859 -0.538077
v -0.024903 -2.926859 -0.538077
v -0.024903 -2.926859 -0.538077
v -0.024903 -2.926859 -0.538077
v -0.024903 -2.926859 -0.538077
v -0.024903 -2.926859 -0.538077
v -0.024903 -2.926859 -0.538077
v -0.019579 -2.617882 -1.413493
v -0.019579 -2.617882 -1.413493
v -0.019579 -2.617882 -1.413493
v -0.019579 -2.617882 -1.413493
v -0.019579 -2.617882 -1.413493
v -0.572134 -1.635893 -2.417404
v -0.572134 -1.635893 -2.417404
v -0.572134 -1.635893 -2.417404
v -0.572134 -1.635893 -2.417404
v -0.572134 -1.635893 -2.417404
v -0.572134 -1.635893 -2.417404
v -0.572134 -1.635893 -2.417404
v -0.515694 -2.400868 -1.680140
v -0.515694 -2.400868 -1.680140
v -0.515694 -2.400868 -1.680140
v -0.515694 -2.400868 -1.680140
v -0.515694 -2.400868 -1.680140
v -0.515694 -2.400868 -1.680140
v -0.515694 -2.400868 -1.680140
v -0.412163 -2.737022 -1.092829
v -0.412163 -2.737022 -1.092829
v -0.412163 -2.737022 -1.092829
v -0.412163 -2.737022 -1.092829
v -0.412163 -2.737022 -1.092829
v -0.412163 -2.737022 -1.092829
v -0.412163 -2.737022 -1.092829
v -0.892736 -2.000626 -2.014137
v -0.892736 -2.000626 -2.014137
v -0.892736 -2.000626 -2.014137
v -0.892736 -2.000626 -2.014137
v -0.892736 -2.000626 -2.014137
v -0.892736 -2.000626 -2.014137
v -0.892736 -2.000626 -2.014137
v -0.963390 -1.648040 -2.278770
v -0.963390 -1.648040 -2.278770
v -0.963390 -1.648040 -2.278770
v -0.963390 -1.648040 -2.278770
v -1.497876 -1.793354 -1.838381
v -1.497876 -1.793354 -1.838381
v -1.497876 -1.793354 -1.838381
v -1.497876 -1.793354 -1.838381
v -1.497876 -1.793354 -1.838381
v -1.497876 -1.793354 -1.838381
v -1.141031 -2.235014 -1.599668
v -1.141031 -2.235014 -1.599668
v -1.141031 -2.235014 -1.599668
v -1.141031 -2.235014 -1.599668
v -1.141031 -2.235014 -1.599668
v -1.141031 -2.235014 -1.599668
v -1.998963 -1.639918 -1.475205
v -1.998963 -1.639918 -1.475205
v -1.998963 -1.639918 -1.475205
v -1.998963 -1.639918 -1.475205
v -1.998963 -1.639918 -1.475205
v -1.998963 -1.639918 -1.475205
v -0.929332 -2.522524 -1.273954
v -0.929332 -2.522524 -1.273954
v -0.929332 -2.522524 -1.273954
v -0.929332 -2.522524 -1.273954
v -0.929332 -2.522524 -1.273954
v -1.752474 -2.051803 -1.257068
v -1.752474 -2.051803 -1.257068
v -1.752474 -2.051803 -1.257068
v -1.752474 -2.051803 -1.257068
v -1.752474 -2.051803 -1.257068
v -1.752474 -2.051803 -1.257068
v -1.401409 -2.450547 -0.933742
v -1.401409 -2.450547 -0.933742
v -1.401409 -2.450547 -0.933742
v -1.401409 -2.450547 -0.933742
v -1.401409 -2.450547 -0.933742
v -1.401409 -2.450547 -0.933742
v -2.323557 -1.633948 -0.898062
v -2.323557 -1.633948 -0.898062
v -2.323557 -1.633948 -0.898062
v -2.323557 -1.633948 -0.898062
v -2.323557 -1.633948 -0.898062
v -2.323557 -1.633948 -0.898062
v -2.323557 -1.633948 -0.898062
v -1.006177 -2.676275 -0.808704
v -1.006177 -2.676275 -0.808704
v -1.006177 -2.676275 -0.808704
v -1.006177 -2.676275 -0.808704
v -1.006177 -2.676275 -0.808704
v -1.827742 -2.256978 -0.662286
v -1.827742 -2.256978 -0.662286
v -1.827742 -2.256978 -0.662286
v -1.827742 -2.256978 -0.662286
v -1.827742 -2.256978 -0.662286
v -1.827742 -2.256978 -0.662286
v -1.827742 -2.256978 -0.662286
v -0.714185 -2.855116 -0.461469
v -0.714185 -2.855116 -0.461469
v -0.714185 -2.855116 -0.461469
v -0.714185 -2.855116 -0.461469
v -0.714185 -2.855116 -0.461469
v -0.714185 -2.855116 -0.461469
v -2.455180 -1.640070 -0.374135
v -2.455180 -1.640070 -0.374135
v -2.455180 -1.640070 -0.374135
v -2.455180 -1.640070 -0.374135
v -2.455180 -1.640070 -0.374135
v -0.562587 -2.916863 -0.191163
v -0.562587 -2.916863 -0.191163
v -0.562587 -2.916863 -0.191163
v -0.562587 -2.916863 -0.191163
v -0.562587 -2.916863 -0.191163
v -0.562587 -2.916863 -0.191163
v -1.312984 -2.633330 -0.412308
v -1.312984 -2.633330 -0.412308
v -1.312984 -2.633330 -0.412308
v -1.312984 -2.633330 -0.412308
v -1.312984 -2.633330 -0.412308
v -1.312984 -2.633330 -0.412308
v -2.231629 -1.954987 -0.212373
v -2.231629 -1.954987 -0.212373
v -2.231629 -1.954987 -0.212373
v -2.231629 -1.954987 -0.212373
v -2.231629 -1.954987 -0.212373
v -2.231629 -1.954987 -0.212373
v -1.894514 -2.281376 -0.174995
v -1.894514 -2.281376 -0.174995
v -1.894514 -2.281376 -0.174995
v -1.894514 -2.281376 -0.174995
v -1.471515 -2.588045 0.078786
v -1.471515 -2.588045 0.078786
v -1.471515 -2.588045 0.078786
v -1.471515 -2.588045 0.078786
v -1.471515 -2.588045 0.078786
v -1.471515 -2.588045 0.078786
v -1.471515 -2.588045 0.078786
v -2.291662 -1.798246 0.595991
v -2.291662 -1.798246 0.595991
v -2.291662 -1.798246 0.595991
v -2.291662 -1.798246 0.595991
v -2.291662 -1.798246 0.595991
v -2.164004 -1.776271 1.001350
v -2.164004 -1.776271 1.001350
v -2.164004 -1.776271 1.001350
v -2.164004 -1.776271 1.001350
v -2.164004 -1.776271 1.001350
v -2.164004 -1.776271 1.001350
v -1.776842 -2.283698 0.703469
v -1.776842 -2.283698 0.703469
v -1.776842 -2.283698 0.703469
v -1.776842 -2.283698 0.703469
v -1.776842 -2.283698 0.703469
v -1.776842 -2.283698 0.703469
v -1.776842 -2.283698 0.703469
v -2.007204 -1.677569 1.412798
v -2.007204 -1.677569 1.412798
v -2.007204 -1.677569 1.412798
v -2.007204 -1.677569 1.412798
v -2.007204 -1.677569 1.412798
v -1.782106 -2.048251 1.207282
v -1.782106 -2.048251 1.207282
v -1.782106 -2.048251 1.207282
v -1.782106 -2.048251 1.207282
v -1.782106 -2.048251 1.207282
v -1.782106 -2.048251 1.207282
v -1.648614 -1.755471 1.750946
v -1.648614 -1.755471 1.750946
v -1.648614 -1.755471 1.750946
v -1.648614 -1.755471 1.750946
v -1.648614 -1.755471 1.750946
v -1.648614 -1.755471 1.750946
v -1.648614 -1.755471 1.750946
v -1.344996 -2.438830 1.045835
v -1.344996 -2.438830 1.045835
v -1.344996 -2.438830 1.045835
v -1.344996 -2.438830 1.045835
v -1.344996 -2.438830 1.045835
v -0.996130 -2.800052 0.089614
v -0.996130 -2.800052 0.089614
v -0.996130 -2.800052 0.089614
v -0.996130 -2.800052 0.089614
v -0.996130 -2.800052 0.089614
v -0.996130 -2.800052 0.089614
v -1.058038 -2.693920 0.691042
v -1.058038 -2.693920 0.691042
v -1.058038 -2.693920 0.691042
v -1.058038 -2.693920 0.691042
v -1.058038 -2.693920 0.691042
v -1.058038 -2.693920 0.691042
v -1.058038 -2.693920 0.691042
v -1.307987 -2.229027 1.470716
v -1.307987 -2.229027 1.470716
v -1.307987 -2.229027 1.470716
v -1.307987 -2.229027 1.470716
v -1.307987 -2.229027 1.470716
v -1.307987 -2.229027 1.470716
v -0.964249 -2.519830 1.245602
v -0.964249 -2.519830 1.245602
v -0.964249 -2.519830 1.245602
v -0.964249 -2.519830 1.245602
v -0.964249 -2.519830 1.245602
v -0.964249 -2.519830 1.245602
v -0.637955 -2.868125 0.447985
v -0.637955 -2.868125 0.447985
v -0.637955 -2.868125 0.447985
v -0.637955 -2.868125 0.447985
v -0.637955 -2.868125 0.447985
v -0.637955 -2.868125 0.447985
v -1.076472 -1.936476 1.988830
v -1.076472 -1.936476 1.988830
v -1.076472 -1.936476 1.988830
v -1.076472 -1.936476 1.988830
v -1.076472 -1.936476 1.988830
v -1.076472 -1.936476 1.988830
v -0.976881 -1.531977 2.349919
v -0.976881 -1.531977 2.349919
v -0.976881 -1.531977 2.349919
v -0.976881 -1.531977 2.349919
v -0.475697 -2.768933 0.973392
v -0.475697 -2.768933 0.973392
v -0.475697 -2.768933 0.973392
v -0.475697 -2.768933 0.973392
v -0.475697 -2.768933 0.973392
v -0.475697 -2.768933 0.973392
v -0.730082 -2.272395 1.772229
v -0.730082 -2.272395 1.772229
v -0.730082 -2.272395 1.772229
v -0.730082 -2.272395 1.772229
v -0.730082 -2.272395 1.772229
v -0.730082 -2.272395 1.772229
v -0.443980 -2.556465 1.454367
v -0.443980 -2.556465 1.454367
v -0.443980 -2.556465 1.454367
v -0.443980 -2.556465 1.454367
v -0.443980 -2.556465 1.454367
v -0.443980 -2.556465 1.454367
v -0.443980 -2.556465 1.454367
v -0.039245 -2.903471 0.655942
v -0.039245 -2.903471 0.655942
v -0.039245 -2.903471 0.655942
v -0.039245 -2.903471 0.655942
v -0.039245 -2.903471 0.655942
v -0.039245 -2.903471 0.655942
v 2.029165 -1.834443 -1.173356
v 2.029165 -1.834443 -1.173356
v 2.029165 -1.834443 -1.173356
v 2.029165 -1.834443 -1.173356
v 2.029165 -1.834443 -1.173356
v 2.029165 -1.834443 -1.173356
v 2.226721 -1.903686 -0.513728
v 2.226721 -1.903686 -0.513728
v 2.226721 -1.903686 -0.513728
v 2.226721 -1.903686 -0.513728
v 2.226721 -1.903686 -0.513728
v 2.226721 -1.903686 -0.513728
v 1.870647 -2.200130 -0.704080
v 1.870647 -2.200130 -0.704080
v 1.870647 -2.200130 -0.704080
v 1.870647 -2.200130 -0.704080
v 1.870647 -2.200130 -0.704080
v 1.608628 -2.222347 -1.148969
v 1.608628 -2.222347 -1.148969
v 1.608628 -2.222347 -1.148969
v 1.608628 -2.222347 -1.148969
v 1.608628 -2.222347 -1.148969
v 1.357167 -2.566179 -0.669566
v 1.357167 -2.566179 -0.669566
v 1.357167 -2.566179 -0.669566
v 1.357167 -2.566179 -0.669566
v 1.357167 -2.566179 -0.669566
v 1.357167 -2.566179 -0.669566
v 1.357167 -2.566179 -0.669566
v 1.357167 -2.566179 -0.669566
v 2.347832 -1.824136 0.127077
v 2.347832 -1.824136 0.127077
v 2.347832 -1.824136 0.127077
v 2.347832 -1.824136 0.127077
v 2.347832 -1.824136 0.127077
v 2.347832 -1.824136 0.127077
v 2.347832 -1.824136 0.127077
v 2.347832 -1.824136 0.127077
v 1.847147 -2.323643 -0.204723
v 1.847147 -2.323643 -0.204723
v 1.847147 -2.323643 -0.204723
v 1.847147 -2.323643 -0.204723
v 1.847147 -2.323643 -0.204723
v 1.847147 -2.323643 -0.204723
v 1.847147 -2.323643 -0.204723
v 2.012986 -2.179928 0.182938
v 2.012986 -2.179928 0.182938
v 2.012986 -2.179928 0.182938
v 2.012986 -2.179928 0.182938
v 1.051306 -2.776747 -0.178651
v 1.051306 -2.776747 -0.178651
v 1.051306 -2.776747 -0.178651
v 1.051306 -2.776747 -0.178651
v 1.051306 -2.776747 -0.178651
v 1.051306 -2.776747 -0.178651
v 2.092557 -1.996012 0.705007
v 2.092557 -1.996012 0.705007
v 2.092557 -1.996012 0.705007
v 2.092557 -1.996012 0.705007
v 2.092557 -1.996012 0.705007
v 2.092557 -1.996012 0.705007
v 1.366714 -2.640672 0.149757
v 1.366714 -2.640672 0.149757
v 1.366714 -2.640672 0.149757
v 1.366714 -2.640672 0.149757
v 1.366714 -2.640672 0.149757
v 1.366714 -2.640672 0.149757
v 0.510629 -2.929346 -0.139072
v 0.510629 -2.929346 -0.139072
v 0.510629 -2.929346 -0.139072
v 0.510629 -2.929346 -0.139072
v 0.510629 -2.929346 -0.139072
v 0.510629 -2.929346 -0.139072
v 0.510629 -2.929346 -0.139072
v 1.775827 -2.340949 0.488920
v 1.775827 -2.340949 0.488920
v 1.775827 -2.340949 0.488920
v 1.775827 -2.340949 0.488920
v 1.775827 -2.340949 0.488920
v 1.775827 -2.340949 0.488920
v 1.355121 -2.526136 0.802362
v 1.355121 -2.526136 0.802362
v 1.355121 -2.526136 0.802362
v 1.355121 -2.526136 0.802362
v 1.355121 -2.526136 0.802362
v 0.725128 -2.879346 0.102721
v 0.725128 -2.879346 0.102721
v 0.725128 -2.879346 0.102721
v 0.725128 -2.879346 0.102721
v 1.979070 -1.762246 1.351352
v 1.979070 -1.762246 1.351352
v 1.979070 -1.762246 1.351352
v 1.979070 -1.762246 1.351352
v 1.979070 -1.762246 1.351352
v 1.979070 -1.762246 1.351352
v 1.979070 -1.762246 1.351352
v 0.886151 -2.777616 0.581693
v 0.886151 -2.777616 0.581693
v 0.886151 -2.777616 0.581693
v 0.886151 -2.777616 0.581693
v 0.886151 -2.777616 0.581693
v 0.886151 -2.777616 0.581693
v 0.886151 -2.777616 0.581693
v -0.191351 -1.841561 2.325482
v -0.191351 -1.841561 2.325482
v -0.191351 -1.841561 2.325482
v -0.191351 -1.841561 2.325482
v -0.191351 -1.841561 2.325482
v -0.337796 -2.218859 1.949295
v -0.337796 -2.218859 1.949295
v -0.337796 -2.218859 1.949295
v -0.337796 -2.218859 1.949295
v -0.337796 -2.218859 1.949295
v 0.243495 -1.792003 2.360146
v 0.243495 -1.792003 2.360146
v 0.243495 -1.792003 2.360146
v 0.243495 -1.792003 2.360146
v 0.243495 -1.792003 2.360146
v 0.243495 -1.792003 2.360146
v 0.243495 -1.792003 2.360146
v 0.030290 -2.303280 1.887750
v 0.030290 -2.303280 1.887750
v 0.030290 -2.303280 1.887750
v 0.030290 -2.303280 1.887750
v 0.030290 -2.303280 1.887750
v 0.030290 -2.303280 1.887750
v 0.524605 -2.188112 1.945756
v 0.524605 -2.188112 1.945756
v 0.524605 -2.188112 1.945756
v 0.524605 -2.188112 1.945756
v 0.524605 -2.188112 1.945756
v 0.524605 -2.188112 1.945756
v 0.752312 -1.849539 2.198391
v 0.752312 -1.849539 2.198391
v 0.752312 -1.849539 2.198391
v 0.752312 -1.849539 2.198391
v 0.752312 -1.849539 2.198391
v -0.040111 -2.730150 1.171869
v -0.040111 -2.730150 1.171869
v -0.040111 -2.730150 1.171869
v -0.040111 -2.730150 1.171869
v -0.040111 -2.730150 1.171869
v 0.335904 -2.589373 1.424131
v 0.335904 -2.589373 1.424131
v 0.335904 -2.589373 1.424131
v 0.335904 -2.589373 1.424131
v 0.335904 -2.589373 1.424131
v 0.335904 -2.589373 1.424131
v 1.008763 -2.105609 1.842830
v 1.008763 -2.105609 1.842830
v 1.008763 -2.105609 1.842830
v 1.008763 -2.105609 1.842830
v 1.008763 -2.105609 1.842830
v 1.008763 -2.105609 1.842830
v 0.903254 -2.538973 1.268867
v 0.903254 -2.538973 1.268867
v 0.903254 -2.538973 1.268867
v 0.903254 -2.538973 1.268867
v 0.903254 -2.538973 1.268867
v 0.903254 -2.538973 1.268867
v 0.903254 -2.538973 1.268867
v 0.903254 -2.538973 1.268867
v 1.553314 -1.876754 1.716537
v 1.553314 -1.876754 1.716537
v 1.553314 -1.876754 1.716537
v 1.553314 -1.876754 1.716537
v 1.553314 -1.876754 1.716537
v 1.553314 -1.876754 1.716537
v 1.553314 -1.876754 1.716537
v 1.370265 -2.115778 1.579315
v 1.370265 -2.115778 1.579315
v 1.370265 -2.115778 1.579315
v 1.370265 -2.115778 1.579315
v 0.503738 -2.750906 1.004005
v 0.503738 -2.750906 1.004005
v 0.503738 -2.750906 1.004005
v 0.503738 -2.750906 1.004005
v 0.503738 -2.750906 1.004005
v 0.503738 -2.750906 1.004005
v 1.811892 -1.540384 1.779997
v 1.811892 -1.540384 1.779997
v 1.811892 -1.540384 1.779997
v 1.811892 -1.540384 1.779997
v 1.811892 -1.540384 1.779997
v 0.503609 -2.891031 0.474368
v 0.503609 -2.891031 0.474368
v 0.503609 -2.891031 0.474368
v 0.503609 -2.891031 0.474368
v 0.503609 -2.891031 0.474368
v 0.503609 -2.891031 0.474368
v 1.521776 -2.298438 1.128021
v 1.521776 -2.298438 1.128021
v 1.521776 -2.298438 1.128021
v 1.521776 -2.298438 1.128021
v 1.521776 -2.298438 1.128021
v 1.521776 -2.298438 1.128021
v 1.521776 -2.298438 1.128021
v 2.370977 -1.464680 -1.077403
v 2.370977 -1.464680 -1.077403
v 2.370977 -1.464680 -1.077403
v 2.370977 -1.464680 -1.077403
v 2.021873 -1.647327 -1.466869
v 2.021873 -1.647327 -1.466869
v 2.021873 -1.647327 -1.466869
v 2.021873 -1.647327 -1.466869
v 2.763081 1.143617 -0.051685
v 2.763081 1.143617 -0.051685
v 2.763081 1.143617 -0.051685
v 2.763081 1.143617 -0.051685
v 2.763081 1.143617 -0.051685
v 2.763081 1.143617 -0.051685
v 2.843341 0.835069 0.381826
v 2.843341 0.835069 0.381826
v 2.843341 0.835069 0.381826
v 2.870811 0.663559 0.502500
v 2.870811 0.663559 0.502500
v 2.870811 0.663559 0.502500
v 2.870811 0.663559 0.502500
v 2.881997 0.483149 0.623084
v 2.881997 0.483149 0.623084
v 2.881997 0.483149 0.623084
v 2.881997 0.483149 0.623084
v 2.429755 -0.997078 -1.436807
v 2.429755 -0.997078 -1.436807
v 2.429755 -0.997078 -1.436807
v 2.429755 -0.997078 -1.436807
v 2.429755 -0.997078 -1.436807
v 2.429755 -0.997078 -1.436807
v 2.698101 -0.481591 -1.189982
v 2.698101 -0.481591 -1.189982
v 2.698101 -0.481591 -1.189982
v 2.698101 -0.481591 -1.189982
v 2.698101 -0.481591 -1.189982
v 2.734138 -0.388447 -1.140761
v 2.734138 -0.388447 -1.140761
v 2.734138 -0.388447 -1.140761
v 2.734138 -0.388447 -1.140761
v 2.734138 -0.388447 -1.140761
v 2.734138 -0.388447 -1.140761
v 2.796856 -0.194965 -1.036562
v 2.796856 -0.194965 -1.036562
v 2.796856 -0.194965 -1.036562
v 2.796856 -0.194965 -1.036562
v 2.842636 -0.000255 -0.924671
v 2.842636 -0.000255 -0.924671
v 2.842636 -0.000255 -0.924671
v 2.842636 -0.000255 -0.924671
v 2.877820 0.574337 -0.562156
v 2.877820 0.574337 -0.562156
v 2.877820 0.574337 -0.562156
v 2.869654 0.663856 -0.502044
v 2.869654 0.663856 -0.502044
v 2.869654 0.663856 -0.502044
v 2.869654 0.663856 -0.502044
v 2.869654 0.663856 -0.502044
v 2.869654 0.663856 -0.502044
v 2.869654 0.663856 -0.502044
v 2.858093 0.750792 -0.441888
v 2.858093 0.750792 -0.441888
v 2.858093 0.750792 -0.441888
v 2.858093 0.750792 -0.441888
v 2.858093 0.750792 -0.441888
v 2.843135 0.835538 -0.382147
v 2.843135 0.835538 -0.382147
v 2.843135 0.835538 -0.382147
v 2.843135 0.835538 -0.382147
v 2.697258 1.262094 -0.304741
v 2.697258 1.262094 -0.304741
v 2.697258 1.262094 -0.304741
v 2.697258 1.262094 -0.304741
v 2.697258 1.262094 -0.304741
v 2.697258 1.262094 -0.304741
v 2.697258 1.262094 -0.304741
v 2.697258 1.262094 -0.304741
v 0.791210 0.753977 2.787660
v 0.791210 0.753977 2.787660
v 0.791210 0.753977 2.787660
v 0.791210 0.753977 2.787660
v 0.791210 0.753977 2.787660
v 0.791210 0.753977 2.787660
v 0.791210 0.753977 2.787660
v 2.128232 -1.068729 1.805962
v 2.128232 -1.068729 1.805962
v 2.128232 -1.068729 1.805962
v 2.128232 -1.068729 1.805962
v 2.054297 -0.751790 2.037616
v 2.054297 -0.751790 2.037616
v 2.054297 -0.751790 2.037616
v 2.054297 -0.751790 2.037616
v 1.893384 -0.290234 2.297400
v 1.893384 -0.290234 2.297400
v 1.893384 -0.290234 2.297400
v 1.893384 -0.290234 2.297400
v 1.826360 0.236236 2.358275
v 1.826360 0.236236 2.358275
v 1.826360 0.236236 2.358275
v 1.826360 0.236236 2.358275
v 1.826360 0.236236 2.358275
v 1.826360 0.236236 2.358275
v -2.885421 -0.483435 0.625645
v -2.885421 -0.483435 0.625645
v -2.885421 -0.483435 0.625645
v -2.885421 -0.483435 0.625645
v -2.885421 -0.483435 0.625645
v 1.802517 -0.495156 -2.335367
v 1.802517 -0.495156 -2.335367
v 1.802517 -0.495156 -2.335367
v 1.802517 -0.495156 -2.335367
v 1.802517 -0.495156 -2.335367
v 1.802517 -0.495156 -2.335367
v 1.965745 -0.481100 -2.199701
v 1.965745 -0.481100 -2.199701
v 1.965745 -0.481100 -2.199701
v 2.030707 -0.666112 -2.094759
v 2.030707 -0.666112 -2.094759
v 2.030707 -0.666112 -2.094759
v 2.030707 -0.666112 -2.094759
v 2.030707 -0.666112 -2.094759
v -2.511214 1.553604 0.455626
v -2.511214 1.553604 0.455626
v -2.511214 1.553604 0.455626
v -2.511214 1.553604 0.455626
v -2.372995 1.466182 -1.077842
v -2.372995 1.466182 -1.077842
v -2.372995 1.466182 -1.077842
v -2.372995 1.466182 -1.077842
v -2.372995 1.466182 -1.077842
v -2.372995 1.466182 -1.077842
v -2.341811 1.446910 -1.169120
v -2.341811 1.446910 -1.169120
v -2.341811 1.446910 -1.169120
v -2.341811 1.446910 -1.169120
v 1.915398 1.567910 -1.676333
v 1.915398 1.567910 -1.676333
v 1.915398 1.567910 -1.676333
v 2.187359 1.566566 -1.303299
v 2.187359 1.566566 -1.303299
v 2.187359 1.566566 -1.303299
v 2.187359 1.566566 -1.303299
v 2.187359 1.566566 -1.303299
v 0.330328 2.796921 1.009349
v 0.330328 2.796921 1.009349
v 0.330328 2.796921 1.009349
v 0.330328 2.796921 1.009349
v 0.330328 2.796921 1.009349
v 0.330328 2.796921 1.009349
v 0.502064 2.642772 1.310430
v 0.502064 2.642772 1.310430
v 0.502064 2.642772 1.310430
v 0.502064 2.642772 1.310430
v 0.502064 2.642772 1.310430
v 0.502064 2.642772 1.310430
v 0.502064 2.642772 1.310430
v 0.502064 2.642772 1.310430
v 0.502064 2.642772 1.310430
v 0.695227 1.964522 2.141271
v 0.695227 1.964522 2.141271
v 0.695227 1.964522 2.141271
v 0.800944 1.488233 2.464018
v 0.800944 1.488233 2.464018
v 0.800944 1.488233 2.464018
v 0.800944 1.488233 2.464018
v 1.925367 2.289418 -0.147855
v 1.925367 2.289418 -0.147855
v 1.925367 2.289418 -0.147855
v 1.925367 2.289418 -0.147855
v 1.925367 2.289418 -0.147855
v 1.925367 2.289418 -0.147855
v 1.925367 2.289418 -0.147855
v 1.925367 2.289418 -0.147855
v 0.854803 2.866560 -0.001144
v 0.854803 2.866560 -0.001144
v 0.854803 2.866560 -0.001144
v 0.854803 2.866560 -0.001144
v 0.854803 2.866560 -0.001144
v 0.750619 2.893311 -0.000673
v 0.750619 2.893311 -0.000673
v 0.750619 2.893311 -0.000673
v -1.499387 2.343963 1.088762
v -1.499387 2.343963 1.088762
v -1.499387 2.343963 1.088762
v -1.570312 2.271941 1.140230
v -1.570312 2.271941 1.140230
v -1.570312 2.271941 1.140230
v -0.859693 2.796557 -0.624687
v -0.859693 2.796557 -0.624687
v -0.859693 2.796557 -0.624687
v -0.859693 2.796557 -0.624687
v -0.859693 2.796557 -0.624687
v -0.859693 2.796557 -0.624687
v -0.859693 2.796557 -0.624687
v -1.303042 2.568962 -0.808276
v -1.303042 2.568962 -0.808276
v -1.303042 2.568962 -0.808276
v -1.303042 2.568962 -0.808276
v -1.303042 2.568962 -0.808276
v -1.303042 2.568962 -0.808276
v -1.501495 2.347366 -1.089386
v -1.501495 2.347366 -1.089386
v -1.501495 2.347366 -1.089386
v -1.501495 2.347366 -1.089386
v -1.501495 2.347366 -1.089386
v -1.501495 2.347366 -1.089386
v -1.501495 2.347366 -1.089386
v -1.501495 2.347366 -1.089386
v -1.638065 2.198989 -1.190034
v -1.638065 2.198989 -1.190034
v -1.638065 2.198989 -1.190034
v 0.296172 2.836108 -0.913954
v 0.296172 2.836108 -0.913954
v 0.296172 2.836108 -0.913954
v 0.296172 2.836108 -0.913954
v 0.296172 2.836108 -0.913954
v 0.296172 2.836108 -0.913954
v 0.296172 2.836108 -0.913954
v 0.457529 2.598156 -1.401960
v 0.457529 2.598156 -1.401960
v 0.457529 2.598156 -1.401960
v 0.457529 2.598156 -1.401960
v 0.457529 2.598156 -1.401960
v 0.411450 2.510811 -1.569512
v 0.411450 2.510811 -1.569512
v 0.411450 2.510811 -1.569512
v 0.411450 2.510811 -1.569512
v 0.411450 2.510811 -1.569512
v 0.411450 2.510811 -1.569512
v 0.515671 2.479270 -1.585888
v 0.515671 2.479270 -1.585888
v 0.515671 2.479270 -1.585888
v 0.515671 2.479270 -1.585888
v 0.628289 2.919066 -0.180572
v 0.628289 2.919066 -0.180572
v 0.628289 2.919066 -0.180572
v 0.628289 2.919066 -0.180572
v 0.628289 2.919066 -0.180572
v 0.501674 2.877411 -0.648482
v 0.501674 2.877411 -0.648482
v 0.501674 2.877411 -0.648482
v 0.745128 2.856922 -0.469069
v 0.745128 2.856922 -0.469069
v 0.745128 2.856922 -0.469069
v 0.745128 2.856922 -0.469069
v 0.608574 2.857335 -0.657510
v 0.608574 2.857335 -0.657510
v 0.608574 2.857335 -0.657510
v 0.608574 2.857335 -0.657510
v 0.608574 2.857335 -0.657510
v 0.608574 2.857335 -0.657510
v 0.608574 2.857335 -0.657510
v 1.085123 2.762126 -0.387990
v 1.085123 2.762126 -0.387990
v 1.085123 2.762126 -0.387990
v 1.085123 2.762126 -0.387990
v 1.085123 2.762126 -0.387990
v 1.085123 2.762126 -0.387990
v 1.085123 2.762126 -0.387990
v 1.085123 2.762126 -0.387990
v 0.792696 2.708965 -0.991352
v 0.792696 2.708965 -0.991352
v 0.792696 2.708965 -0.991352
v 0.792696 2.708965 -0.991352
v 0.792696 2.708965 -0.991352
v 0.792696 2.708965 -0.991352
v 0.792696 2.708965 -0.991352
v 0.528495 2.632814 -1.321322
v 0.528495 2.632814 -1.321322
v 0.528495 2.632814 -1.321322
v 0.528495 2.632814 -1.321322
v 0.528495 2.632814 -1.321322
v 0.528495 2.632814 -1.321322
v 0.528495 2.632814 -1.321322
v 0.528495 2.632814 -1.321322
v 0.528495 2.632814 -1.321322
v 0.528495 2.632814 -1.321322
v 1.066323 2.676827 -0.803906
v 1.066323 2.676827 -0.803906
v 1.066323 2.676827 -0.803906
v 1.066323 2.676827 -0.803906
v 1.066323 2.676827 -0.803906
v 1.066323 2.676827 -0.803906
v 0.710352 2.620852 -1.250835
v 0.710352 2.620852 -1.250835
v 0.710352 2.620852 -1.250835
v 0.710352 2.620852 -1.250835
v 0.710352 2.620852 -1.250835
v 1.472927 2.548627 -0.547123
v 1.472927 2.548627 -0.547123
v 1.472927 2.548627 -0.547123
v 1.472927 2.548627 -0.547123
v 1.472927 2.548627 -0.547123
v 1.472927 2.548627 -0.547123
v 1.472927 2.548627 -0.547123
v 0.634964 2.596268 -1.335637
v 0.634964 2.596268 -1.335637
v 0.634964 2.596268 -1.335637
v 0.559085 2.570462 -1.416985
v 0.559085 2.570462 -1.416985
v 0.559085 2.570462 -1.416985
v 0.559085 2.570462 -1.416985
v 1.117408 2.508066 -1.190073
v 1.117408 2.508066 -1.190073
v 1.117408 2.508066 -1.190073
v 1.117408 2.508066 -1.190073
v 1.117408 2.508066 -1.190073
v 1.117408 2.508066 -1.190073
v 1.038947 2.496202 -1.282528
v 1.038947 2.496202 -1.282528
v 1.038947 2.496202 -1.282528
v 1.038947 2.496202 -1.282528
v 0.589930 2.509216 -1.511146
v 0.589930 2.509216 -1.511146
v 0.589930 2.509216 -1.511146
v 0.589930 2.509216 -1.511146
v 0.589930 2.509216 -1.511146
v 0.589930 2.509216 -1.511146
v 1.436286 2.420276 -1.026007
v 1.436286 2.420276 -1.026007
v 1.436286 2.420276 -1.026007
v 1.436286 2.420276 -1.026007
v 1.436286 2.420276 -1.026007
v 1.436286 2.420276 -1.026007
v 1.436286 2.420276 -1.026007
v 0.696165 2.473503 -1.527384
v 0.696165 2.473503 -1.527384
v 0.696165 2.473503 -1.527384
v 0.696165 2.473503 -1.527384
v 0.545268 2.414664 -1.675934
v 0.545268 2.414664 -1.675934
v 0.545268 2.414664 -1.675934
v 0.545268 2.414664 -1.675934
v 0.545268 2.414664 -1.675934
v 0.753950 2.338434 -1.708596
v 0.753950 2.338434 -1.708596
v 0.753950 2.338434 -1.708596
v 1.207475 2.302067 -1.479955
v 1.207475 2.302067 -1.479955
v 1.207475 2.302067 -1.479955
v 1.207475 2.302067 -1.479955
v 1.207475 2.302067 -1.479955
v 1.207475 2.302067 -1.479955
v 1.207475 2.302067 -1.479955
v 1.069390 2.425102 -1.379497
v 1.069390 2.425102 -1.379497
v 1.069390 2.425102 -1.379497
v 0.990970 2.407209 -1.466649
v 0.990970 2.407209 -1.466649
v 0.990970 2.407209 -1.466649
v 0.990970 2.407209 -1.466649
v 1.781909 2.306497 -0.681665
v 1.781909 2.306497 -0.681665
v 1.781909 2.306497 -0.681665
v 1.781909 2.306497 -0.681665
v 1.781909 2.306497 -0.681665
v 1.098469 2.355442 -1.474110
v 1.098469 2.355442 -1.474110
v 1.098469 2.355442 -1.474110
v 1.098469 2.355442 -1.474110
v 1.098469 2.355442 -1.474110
v 1.098469 2.355442 -1.474110
v 1.019303 2.336300 -1.558992
v 1.019303 2.336300 -1.558992
v 1.019303 2.336300 -1.558992
v 1.019303 2.336300 -1.558992
v 1.521663 2.200186 -1.344453
v 1.521663 2.200186 -1.344453
v 1.521663 2.200186 -1.344453
v 1.521663 2.200186 -1.344453
v 1.521663 2.200186 -1.344453
v 1.521663 2.200186 -1.344453
v 1.125397 2.282475 -1.565720
v 1.125397 2.282475 -1.565720
v 1.125397 2.282475 -1.565720
v 1.125397 2.282475 -1.565720
v 1.125397 2.282475 -1.565720
v 1.125397 2.282475 -1.565720
v 2.230751 1.974066 -0.305682
v 2.230751 1.974066 -0.305682
v 2.230751 1.974066 -0.305682
v 2.230751 1.974066 -0.305682
v 2.230751 1.974066 -0.305682
v 2.065166 2.066218 -0.662152
v 2.065166 2.066218 -0.662152
v 2.065166 2.066218 -0.662152
v 2.065166 2.066218 -0.662152
v 2.065166 2.066218 -0.662152
v 2.065166 2.066218 -0.662152
v 2.065166 2.066218 -0.662152
v 1.234693 2.229564 -1.573558
v 1.234693 2.229564 -1.573558
v 1.234693 2.229564 -1.573558
v 1.234693 2.229564 -1.573558
v 1.234693 2.229564 -1.573558
v 1.234693 2.229564 -1.573558
v 1.234693 2.229564 -1.573558
v 1.150619 2.205804 -1.654735
v 1.150619 2.205804 -1.654735
v 1.150619 2.205804 -1.654735
v 1.150619 2.205804 -1.654735
v 1.822957 2.082227 -1.136123
v 1.822957 2.082227 -1.136123
v 1.822957 2.082227 -1.136123
v 1.822957 2.082227 -1.136123
v 1.822957 2.082227 -1.136123
v 1.822957 2.082227 -1.136123
v 1.822957 2.082227 -1.136123
v 1.822957 2.082227 -1.136123
v 1.254820 2.145794 -1.657856
v 1.254820 2.145794 -1.657856
v 1.254820 2.145794 -1.657856
v 1.359629 2.085986 -1.661809
v 1.359629 2.085986 -1.661809
v 1.359629 2.085986 -1.661809
v 1.277123 2.065620 -1.740646
v 1.277123 2.065620 -1.740646
v 1.277123 2.065620 -1.740646
v 1.277123 2.065620 -1.740646
v 2.073244 1.877718 -1.062643
v 2.073244 1.877718 -1.062643
v 2.073244 1.877718 -1.062643
v 2.073244 1.877718 -1.062643
v 2.073244 1.877718 -1.062643
v 2.073244 1.877718 -1.062643
v 1.377178 2.001525 -1.739249
v 1.377178 2.001525 -1.739249
v 1.377178 2.001525 -1.739249
v 1.377178 2.001525 -1.739249
v 1.377178 2.001525 -1.739249
v 1.377178 2.001525 -1.739249
v 1.377178 2.001525 -1.739249
v 1.296139 1.984657 -1.819035
v 1.296139 1.984657 -1.819035
v 1.296139 1.984657 -1.819035
v 1.784366 1.965886 -1.370794
v 1.784366 1.965886 -1.370794
v 1.784366 1.965886 -1.370794
v 1.784366 1.965886 -1.370794
v 1.784366 1.965886 -1.370794
v 1.784366 1.965886 -1.370794
v 1.634312 1.957888 -1.559456
v 1.634312 1.957888 -1.559456
v 1.634312 1.957888 -1.559456
v 1.634312 1.957888 -1.559456
v 1.475048 1.934275 -1.735082
v 1.475048 1.934275 -1.735082
v 1.475048 1.934275 -1.735082
v 1.475048 1.934275 -1.735082
v 1.410102 1.836554 -1.890465
v 1.410102 1.836554 -1.890465
v 1.410102 1.836554 -1.890465
v 1.410102 1.836554 -1.890465
v 1.410102 1.836554 -1.890465
v 2.525481 1.583638 -0.266928
v 2.525481 1.583638 -0.266928
v 2.525481 1.583638 -0.266928
v 2.525481 1.583638 -0.266928
v 2.525481 1.583638 -0.266928
v 2.438101 1.610605 -0.649217
v 2.438101 1.610605 -0.649217
v 2.438101 1.610605 -0.649217
v 2.438101 1.610605 -0.649217
v 2.438101 1.610605 -0.649217
v 2.438101 1.610605 -0.649217
v 2.287077 1.659590 -0.992659
v 2.287077 1.659590 -0.992659
v 2.287077 1.659590 -0.992659
v 2.287077 1.659590 -0.992659
v 2.287077 1.659590 -0.992659
v 2.287077 1.659590 -0.992659
v 2.287077 1.659590 -0.992659
v 1.941514 1.888170 -1.264386
v 1.941514 1.888170 -1.264386
v 1.941514 1.888170 -1.264386
v 1.941514 1.888170 -1.264386
v 1.972276 1.733115 -1.433490
v 1.972276 1.733115 -1.433490
v 1.972276 1.733115 -1.433490
v 1.972276 1.733115 -1.433490
v 1.972276 1.733115 -1.433490
v 1.972276 1.733115 -1.433490
v 1.816484 1.807330 -1.539412
v 1.816484 1.807330 -1.539412
v 1.816484 1.807330 -1.539412
v 1.816484 1.807330 -1.539412
v 1.490240 1.851216 -1.811060
v 1.490240 1.851216 -1.811060
v 1.490240 1.851216 -1.811060
v 1.490240 1.851216 -1.811060
v 1.490240 1.851216 -1.811060
v 2.117860 1.650028 -1.320815
v 2.117860 1.650028 -1.320815
v 2.117860 1.650028 -1.320815
v 2.117860 1.650028 -1.320815
v 1.662449 1.791792 -1.718570
v 1.662449 1.791792 -1.718570
v 1.662449 1.791792 -1.718570
v 1.662449 1.791792 -1.718570
v 1.583161 1.780960 -1.802648
v 1.583161 1.780960 -1.802648
v 1.583161 1.780960 -1.802648
v 1.583161 1.780960 -1.802648
v 1.583161 1.780960 -1.802648
v 1.593839 1.698576 -1.873487
v 1.593839 1.698576 -1.873487
v 1.593839 1.698576 -1.873487
v 1.593839 1.698576 -1.873487
v 1.593839 1.698576 -1.873487
v 1.899851 1.728756 -1.526343
v 1.899851 1.728756 -1.526343
v 1.899851 1.728756 -1.526343
v 1.826488 1.724389 -1.618074
v 1.826488 1.724389 -1.618074
v 1.826488 1.724389 -1.618074
v 1.826488 1.724389 -1.618074
v 1.750558 1.717894 -1.706500
v 1.750558 1.717894 -1.706500
v 1.750558 1.717894 -1.706500
v 1.750558 1.717894 -1.706500
v 1.750558 1.717894 -1.706500
v 1.750558 1.717894 -1.706500
v 1.672689 1.709079 -1.791343
v 1.672689 1.709079 -1.791343
v 1.672689 1.709079 -1.791343
v 1.672689 1.709079 -1.791343
v 1.672689 1.709079 -1.791343
v 1.672689 1.709079 -1.791343
v 1.908484 1.647748 -1.603230
v 1.908484 1.647748 -1.603230
v 1.908484 1.647748 -1.603230
v 1.908484 1.647748 -1.603230
v 1.834703 1.642850 -1.691939
v 1.834703 1.642850 -1.691939
v 1.834703 1.642850 -1.691939
v 1.834703 1.642850 -1.691939
v 1.834703 1.642850 -1.691939
v 1.834703 1.642850 -1.691939
v 1.758471 1.635521 -1.777805
v 1.758471 1.635521 -1.777805
v 1.758471 1.635521 -1.777805
v 1.758471 1.635521 -1.777805
v -0.755063 2.813966 -0.662710
v -0.755063 2.813966 -0.662710
v -0.755063 2.813966 -0.662710
v 0.145286 2.792443 -1.053005
v 0.145286 2.792443 -1.053005
v 0.145286 2.792443 -1.053005
v 0.145286 2.792443 -1.053005
v 0.035478 2.808326 -1.023240
v 0.035478 2.808326 -1.023240
v 0.035478 2.808326 -1.023240
v 0.035478 2.808326 -1.023240
v -0.300070 2.828132 -0.920595
v -0.300070 2.828132 -0.920595
v -0.300070 2.828132 -0.920595
v -0.300070 2.828132 -0.920595
v -0.737323 2.795362 -0.767808
v -0.737323 2.795362 -0.767808
v -0.737323 2.795362 -0.767808
v -0.737323 2.795362 -0.767808
v -0.737323 2.795362 -0.767808
v -0.737323 2.795362 -0.767808
v 0.130115 2.677607 -1.330192
v 0.130115 2.677607 -1.330192
v 0.130115 2.677607 -1.330192
v 0.130115 2.677607 -1.330192
v 0.130115 2.677607 -1.330192
v 0.130115 2.677607 -1.330192
v 0.130115 2.677607 -1.330192
v 0.130115 2.677607 -1.330192
v 0.130115 2.677607 -1.330192
v -0.241315 2.757038 -1.130566
v -0.241315 2.757038 -1.130566
v -0.241315 2.757038 -1.130566
v -0.357148 2.763213 -1.096594
v -0.357148 2.763213 -1.096594
v -0.357148 2.763213 -1.096594
v -0.357148 2.763213 -1.096594
v -0.357148 2.763213 -1.096594
v -0.357148 2.763213 -1.096594
v -0.357148 2.763213 -1.096594
v -0.840885 2.606256 -1.216539
v -0.840885 2.606256 -1.216539
v -0.840885 2.606256 -1.216539
v -0.840885 2.606256 -1.216539
v -0.840885 2.606256 -1.216539
v -0.840885 2.606256 -1.216539
v -0.840885 2.606256 -1.216539
v -0.840885 2.606256 -1.216539
v -0.127067 2.753854 -1.168359
v -0.127067 2.753854 -1.168359
v -0.127067 2.753854 -1.168359
v -0.127067 2.753854 -1.168359
v -1.056361 2.567875 -1.124385
v -1.056361 2.567875 -1.124385
v -1.056361 2.567875 -1.124385
v -1.056361 2.567875 -1.124385
v -1.056361 2.567875 -1.124385
v -1.056361 2.567875 -1.124385
v -1.056361 2.567875 -1.124385
v 0.240654 2.652292 -1.354676
v 0.240654 2.652292 -1.354676
v 0.240654 2.652292 -1.354676
v 0.240654 2.652292 -1.354676
v 0.240654 2.652292 -1.354676
v -0.096937 2.704142 -1.270482
v -0.096937 2.704142 -1.270482
v -0.096937 2.704142 -1.270482
v -0.326248 2.716027 -1.201832
v -0.326248 2.716027 -1.201832
v -0.326248 2.716027 -1.201832
v -0.413841 2.675267 -1.271991
v -0.413841 2.675267 -1.271991
v -0.413841 2.675267 -1.271991
v -0.413841 2.675267 -1.271991
v -0.413841 2.675267 -1.271991
v -0.413841 2.675267 -1.271991
v -0.413841 2.675267 -1.271991
v 0.380106 2.570768 -1.474589
v 0.380106 2.570768 -1.474589
v 0.380106 2.570768 -1.474589
v 0.380106 2.570768 -1.474589
v 0.380106 2.570768 -1.474589
v 0.272125 2.596727 -1.452806
v 0.272125 2.596727 -1.452806
v 0.272125 2.596727 -1.452806
v 0.272125 2.596727 -1.452806
v 0.161704 2.618874 -1.429338
v 0.161704 2.618874 -1.429338
v 0.161704 2.618874 -1.429338
v -0.297134 2.670162 -1.307551
v -0.297134 2.670162 -1.307551
v -0.297134 2.670162 -1.307551
v -0.297134 2.670162 -1.307551
v -0.266641 2.619573 -1.412266
v -0.266641 2.619573 -1.412266
v -0.266641 2.619573 -1.412266
v -0.266641 2.619573 -1.412266
v -0.470483 2.580126 -1.448638
v -0.470483 2.580126 -1.448638
v -0.470483 2.580126 -1.448638
v -0.470483 2.580126 -1.448638
v -0.470483 2.580126 -1.448638
v -0.470483 2.580126 -1.448638
v -0.470483 2.580126 -1.448638
v -0.700614 2.565773 -1.365553
v -0.700614 2.565773 -1.365553
v -0.700614 2.565773 -1.365553
v -0.700614 2.565773 -1.365553
v -0.700614 2.565773 -1.365553
v -0.700614 2.565773 -1.365553
v -0.700614 2.565773 -1.365553
v -1.333696 2.445723 -1.084931
v -1.333696 2.445723 -1.084931
v -1.333696 2.445723 -1.084931
v -1.333696 2.445723 -1.084931
v -1.333696 2.445723 -1.084931
v -1.333696 2.445723 -1.084931
v -0.351648 2.570366 -1.482287
v -0.351648 2.570366 -1.482287
v -0.351648 2.570366 -1.482287
v -0.813702 2.552660 -1.322630
v -0.813702 2.552660 -1.322630
v -0.813702 2.552660 -1.322630
v -1.137002 2.498612 -1.182954
v -1.137002 2.498612 -1.182954
v -1.137002 2.498612 -1.182954
v -0.556824 2.517338 -1.512381
v -0.556824 2.517338 -1.512381
v -0.556824 2.517338 -1.512381
v -0.556824 2.517338 -1.512381
v -0.556824 2.517338 -1.512381
v -0.641728 2.457622 -1.576365
v -0.641728 2.457622 -1.576365
v -0.641728 2.457622 -1.576365
v -0.641728 2.457622 -1.576365
v -1.408517 2.375733 -1.140047
v -1.408517 2.375733 -1.140047
v -1.408517 2.375733 -1.140047
v -0.407494 2.455877 -1.652377
v -0.407494 2.455877 -1.652377
v -0.407494 2.455877 -1.652377
v -0.407494 2.455877 -1.652377
v -0.524769 2.458169 -1.615481
v -0.524769 2.458169 -1.615481
v -0.524769 2.458169 -1.615481
v -0.524769 2.458169 -1.615481
v -0.524769 2.458169 -1.615481
v -0.524769 2.458169 -1.615481
v -0.375138 2.391452 -1.751557
v -0.375138 2.391452 -1.751557
v -0.375138 2.391452 -1.751557
v -0.492551 2.395588 -1.716473
v -0.492551 2.395588 -1.716473
v -0.492551 2.395588 -1.716473
v -0.492551 2.395588 -1.716473
v -0.614152 2.924130 0.000415
v -0.614152 2.924130 0.000415
v -0.614152 2.924130 0.000415
v -0.613951 2.922058 0.111118
v -0.613951 2.922058 0.111118
v -0.613951 2.922058 0.111118
v -0.613951 2.922058 0.111118
v -0.697641 2.893055 -0.280161
v -0.697641 2.893055 -0.280161
v -0.697641 2.893055 -0.280161
v -0.697641 2.893055 -0.280161
v -0.701435 2.905403 -0.056722
v -0.701435 2.905403 -0.056722
v -0.701435 2.905403 -0.056722
v -0.701435 2.905403 -0.056722
v -0.701435 2.905403 -0.056722
v -0.701435 2.905403 -0.056722
v -0.698247 2.900290 0.168560
v -0.698247 2.900290 0.168560
v -0.698247 2.900290 0.168560
v -0.698247 2.900290 0.168560
v -0.778736 2.848820 -0.453308
v -0.778736 2.848820 -0.453308
v -0.778736 2.848820 -0.453308
v -0.785069 2.868483 -0.341334
v -0.785069 2.868483 -0.341334
v -0.785069 2.868483 -0.341334
v -0.785069 2.868483 -0.341334
v -0.785069 2.868483 -0.341334
v -0.785069 2.868483 -0.341334
v -0.785069 2.868483 -0.341334
v -0.788936 2.885037 0.113883
v -0.788936 2.885037 0.113883
v -0.788936 2.885037 0.113883
v -0.788936 2.885037 0.113883
v -0.788936 2.885037 0.113883
v -0.788936 2.885037 0.113883
v -0.788936 2.885037 0.113883
v -0.788936 2.885037 0.113883
v -0.788936 2.885037 0.113883
v -0.787704 2.877056 0.228770
v -0.787704 2.877056 0.228770
v -0.787704 2.877056 0.228770
v -0.787704 2.877056 0.228770
v -0.787704 2.877056 0.228770
v -0.864883 2.813583 -0.513196
v -0.864883 2.813583 -0.513196
v -0.864883 2.813583 -0.513196
v -0.864883 2.813583 -0.513196
v -0.864883 2.813583 -0.513196
v -1.057930 2.791648 0.176730
v -1.057930 2.791648 0.176730
v -1.057930 2.791648 0.176730
v -1.057930 2.791648 0.176730
v -1.057930 2.791648 0.176730
v -1.057930 2.791648 0.176730
v -1.147769 2.702048 -0.576433
v -1.147769 2.702048 -0.576433
v -1.147769 2.702048 -0.576433
v -1.147769 2.702048 -0.576433
v -1.147769 2.702048 -0.576433
v -1.147769 2.702048 -0.576433
v -1.147769 2.702048 -0.576433
v -1.106455 2.770805 -0.207692
v -1.106455 2.770805 -0.207692
v -1.106455 2.770805 -0.207692
v -1.106455 2.770805 -0.207692
v -1.106455 2.770805 -0.207692
v -1.245153 2.720565 0.060132
v -1.245153 2.720565 0.060132
v -1.245153 2.720565 0.060132
v -1.245153 2.720565 0.060132
v -1.245153 2.720565 0.060132
v -1.245153 2.720565 0.060132
v -1.245153 2.720565 0.060132
v -1.245153 2.720565 0.060132
v -1.245153 2.720565 0.060132
v -1.053418 2.780481 0.294841
v -1.053418 2.780481 0.294841
v -1.053418 2.780481 0.294841
v -1.053418 2.780481 0.294841
v -1.053418 2.780481 0.294841
v -1.049149 2.767432 0.410322
v -1.049149 2.767432 0.410322
v -1.049149 2.767432 0.410322
v -1.049149 2.767432 0.410322
v -1.049149 2.767432 0.410322
v -1.049149 2.767432 0.410322
v -1.043067 2.750434 0.524275
v -1.043067 2.750434 0.524275
v -1.043067 2.750434 0.524275
v -1.043067 2.750434 0.524275
v -1.147898 2.748343 0.238094
v -1.147898 2.748343 0.238094
v -1.147898 2.748343 0.238094
v -1.147898 2.748343 0.238094
v -1.143191 2.737515 0.356193
v -1.143191 2.737515 0.356193
v -1.143191 2.737515 0.356193
v -1.143191 2.737515 0.356193
v -1.143191 2.737515 0.356193
v -1.143191 2.737515 0.356193
v -1.136829 2.722642 0.471799
v -1.136829 2.722642 0.471799
v -1.136829 2.722642 0.471799
v -1.136829 2.722642 0.471799
v -1.136829 2.722642 0.471799
v -1.136829 2.722642 0.471799
v -1.128765 2.703861 0.585450
v -1.128765 2.703861 0.585450
v -1.128765 2.703861 0.585450
v -1.241668 2.711706 0.180711
v -1.241668 2.711706 0.180711
v -1.241668 2.711706 0.180711
v -1.241668 2.711706 0.180711
v -1.241668 2.711706 0.180711
v -1.237388 2.703021 0.300404
v -1.237388 2.703021 0.300404
v -1.237388 2.703021 0.300404
v -1.224375 2.674913 0.532802
v -1.224375 2.674913 0.532802
v -1.224375 2.674913 0.532802
v -1.224375 2.674913 0.532802
v -1.420453 2.607056 -0.362351
v -1.420453 2.607056 -0.362351
v -1.420453 2.607056 -0.362351
v -1.420453 2.607056 -0.362351
v -1.420453 2.607056 -0.362351
v -1.420453 2.607056 -0.362351
v -1.335002 2.670320 0.121906
v -1.335002 2.670320 0.121906
v -1.335002 2.670320 0.121906
v -1.335002 2.670320 0.121906
v -1.331640 2.663862 0.241459
v -1.331640 2.663862 0.241459
v -1.331640 2.663862 0.241459
v -1.325969 2.653132 0.361127
v -1.325969 2.653132 0.361127
v -1.325969 2.653132 0.361127
v -1.321303 2.640887 0.479429
v -1.321303 2.640887 0.479429
v -1.321303 2.640887 0.479429
v -1.321303 2.640887 0.479429
v -1.321303 2.640887 0.479429
v -1.299898 2.597454 0.707908
v -1.299898 2.597454 0.707908
v -1.299898 2.597454 0.707908
v -1.422591 2.614452 0.304671
v -1.422591 2.614452 0.304671
v -1.422591 2.614452 0.304671
v -1.422591 2.614452 0.304671
v -1.461504 2.473166 0.825272
v -1.461504 2.473166 0.825272
v -1.461504 2.473166 0.825272
v -1.461504 2.473166 0.825272
v -1.461504 2.473166 0.825272
v -1.714004 2.401203 -0.523906
v -1.714004 2.401203 -0.523906
v -1.714004 2.401203 -0.523906
v -1.714004 2.401203 -0.523906
v -1.714004 2.401203 -0.523906
v -1.714004 2.401203 -0.523906
v -1.714004 2.401203 -0.523906
v -1.519343 2.572114 -0.123424
v -1.519343 2.572114 -0.123424
v -1.519343 2.572114 -0.123424
v -1.519343 2.572114 -0.123424
v -1.519343 2.572114 -0.123424
v -1.489832 2.521153 0.601402
v -1.489832 2.521153 0.601402
v -1.489832 2.521153 0.601402
v -1.489832 2.521153 0.601402
v -1.489832 2.521153 0.601402
v -1.489832 2.521153 0.601402
v -1.444369 2.443882 0.932166
v -1.444369 2.443882 0.932166
v -1.444369 2.443882 0.932166
v -1.444369 2.443882 0.932166
v -1.595936 2.494771 0.427985
v -1.595936 2.494771 0.427985
v -1.595936 2.494771 0.427985
v -1.595936 2.494771 0.427985
v -1.595936 2.494771 0.427985
v -1.595936 2.494771 0.427985
v -1.708339 2.293823 0.885975
v -1.708339 2.293823 0.885975
v -1.708339 2.293823 0.885975
v -1.708339 2.293823 0.885975
v -1.708339 2.293823 0.885975
v -1.708339 2.293823 0.885975
v -1.708339 2.293823 0.885975
v -1.708339 2.293823 0.885975
v -1.708339 2.293823 0.885975
v -1.708339 2.293823 0.885975
v -1.519487 2.375674 0.987465
v -1.519487 2.375674 0.987465
v -1.519487 2.375674 0.987465
v -1.519487 2.375674 0.987465
v -1.519487 2.375674 0.987465
v -1.702037 2.461650 -0.001083
v -1.702037 2.461650 -0.001083
v -1.702037 2.461650 -0.001083
v -1.702037 2.461650 -0.001083
v -1.702037 2.461650 -0.001083
v -1.702037 2.461650 -0.001083
v -1.697411 2.458155 0.123443
v -1.697411 2.458155 0.123443
v -1.697411 2.458155 0.123443
v -1.592167 2.304082 1.041135
v -1.592167 2.304082 1.041135
v -1.592167 2.304082 1.041135
v -1.592167 2.304082 1.041135
v -1.592167 2.304082 1.041135
v -1.592167 2.304082 1.041135
v -1.592167 2.304082 1.041135
v -1.731320 2.157146 -1.142110
v -1.731320 2.157146 -1.142110
v -1.731320 2.157146 -1.142110
v -1.731320 2.157146 -1.142110
v -1.731320 2.157146 -1.142110
v -1.731320 2.157146 -1.142110
v -1.731320 2.157146 -1.142110
v -1.889154 2.213518 -0.704072
v -1.889154 2.213518 -0.704072
v -1.889154 2.213518 -0.704072
v -1.889154 2.213518 -0.704072
v -1.889154 2.213518 -0.704072
v -1.889154 2.213518 -0.704072
v -1.788438 2.397276 0.184655
v -1.788438 2.397276 0.184655
v -1.788438 2.397276 0.184655
v -1.788438 2.397276 0.184655
v -1.788438 2.397276 0.184655
v -1.788438 2.397276 0.184655
v -1.782517 2.389496 0.309232
v -1.782517 2.389496 0.309232
v -1.782517 2.389496 0.309232
v -1.782517 2.389496 0.309232
v -1.782517 2.389496 0.309232
v -1.782517 2.389496 0.309232
v -1.782517 2.389496 0.309232
v -1.684226 2.260147 0.991365
v -1.684226 2.260147 0.991365
v -1.684226 2.260147 0.991365
v -1.684226 2.260147 0.991365
v -1.684226 2.260147 0.991365
v -1.638687 2.199009 1.189592
v -1.638687 2.199009 1.189592
v -1.638687 2.199009 1.189592
v -1.638687 2.199009 1.189592
v -1.638687 2.199009 1.189592
v -1.638687 2.199009 1.189592
v -1.798898 2.242344 0.830403
v -1.798898 2.242344 0.830403
v -1.798898 2.242344 0.830403
v -1.798898 2.242344 0.830403
v -1.798898 2.242344 0.830403
v -1.752147 2.184426 1.042102
v -1.752147 2.184426 1.042102
v -1.752147 2.184426 1.042102
v -1.752147 2.184426 1.042102
v -1.727978 2.154017 1.141063
v -1.727978 2.154017 1.141063
v -1.727978 2.154017 1.141063
v -2.088956 2.134207 -0.221569
v -2.088956 2.134207 -0.221569
v -2.088956 2.134207 -0.221569
v -2.088956 2.134207 -0.221569
v -2.088956 2.134207 -0.221569
v -2.088956 2.134207 -0.221569
v -2.088956 2.134207 -0.221569
v -1.864240 2.160774 0.884950
v -1.864240 2.160774 0.884950
v -1.864240 2.160774 0.884950
v -1.864240 2.160774 0.884950
v -1.864240 2.160774 0.884950
v -1.842295 2.134480 0.988774
v -1.842295 2.134480 0.988774
v -1.842295 2.134480 0.988774
v -1.960062 1.838225 -1.313917
v -1.960062 1.838225 -1.313917
v -1.960062 1.838225 -1.313917
v -2.155839 2.044749 0.352938
v -2.155839 2.044749 0.352938
v -2.155839 2.044749 0.352938
v -2.155839 2.044749 0.352938
v -2.155839 2.044749 0.352938
v -2.155839 2.044749 0.352938
v -2.155839 2.044749 0.352938
v -1.957629 2.112629 0.829356
v -1.957629 2.112629 0.829356
v -1.957629 2.112629 0.829356
v -1.957629 2.112629 0.829356
v -1.957629 2.112629 0.829356
v -1.957629 2.112629 0.829356
v -1.957629 2.112629 0.829356
v -1.928611 2.081677 0.935235
v -1.928611 2.081677 0.935235
v -1.928611 2.081677 0.935235
v -1.928611 2.081677 0.935235
v -2.044555 1.787757 -1.263996
v -2.044555 1.787757 -1.263996
v -2.044555 1.787757 -1.263996
v -2.044555 1.787757 -1.263996
v -2.044555 1.787757 -1.263996
v -2.044555 1.787757 -1.263996
v -2.128060 1.929698 -0.838789
v -2.128060 1.929698 -0.838789
v -2.128060 1.929698 -0.838789
v -2.128060 1.929698 -0.838789
v -2.128060 1.929698 -0.838789
v -2.128060 1.929698 -0.838789
v -2.307724 1.863572 -0.401780
v -2.307724 1.863572 -0.401780
v -2.307724 1.863572 -0.401780
v -2.307724 1.863572 -0.401780
v -2.307724 1.863572 -0.401780
v -2.307724 1.863572 -0.401780
v -2.307724 1.863572 -0.401780
v -2.331577 1.875237 0.035784
v -2.331577 1.875237 0.035784
v -2.331577 1.875237 0.035784
v -2.331577 1.875237 0.035784
v -2.331577 1.875237 0.035784
v -2.331577 1.875237 0.035784
v -2.090599 1.703584 -1.299914
v -2.090599 1.703584 -1.299914
v -2.090599 1.703584 -1.299914
v -2.090599 1.703584 -1.299914
v -2.337581 1.722532 -0.717817
v -2.337581 1.722532 -0.717817
v -2.337581 1.722532 -0.717817
v -2.337581 1.722532 -0.717817
v -2.337581 1.722532 -0.717817
v -2.361964 1.801129 0.353589
v -2.361964 1.801129 0.353589
v -2.361964 1.801129 0.353589
v -2.361964 1.801129 0.353589
v -2.361964 1.801129 0.353589
v -2.271366 1.853107 0.588937
v -2.271366 1.853107 0.588937
v -2.271366 1.853107 0.588937
v -2.271366 1.853107 0.588937
v -2.271366 1.853107 0.588937
v -2.337085 1.549873 -1.040953
v -2.337085 1.549873 -1.040953
v -2.337085 1.549873 -1.040953
v -2.337085 1.549873 -1.040953
v -2.337085 1.549873 -1.040953
v -2.337085 1.549873 -1.040953
v -2.337085 1.549873 -1.040953
v -2.337085 1.549873 -1.040953
v -2.326228 1.769677 0.639686
v -2.326228 1.769677 0.639686
v -2.326228 1.769677 0.639686
v -2.326228 1.769677 0.639686
v -2.326228 1.769677 0.639686
v -2.406421 1.486677 -0.981091
v -2.406421 1.486677 -0.981091
v -2.406421 1.486677 -0.981091
v -2.406421 1.486677 -0.981091
v -2.406421 1.486677 -0.981091
v -2.490578 1.585990 -0.481562
v -2.490578 1.585990 -0.481562
v -2.490578 1.585990 -0.481562
v -2.490578 1.585990 -0.481562
v -2.490578 1.585990 -0.481562
v -2.490578 1.585990 -0.481562
v -2.304045 1.527211 -1.134343
v -2.304045 1.527211 -1.134343
v -2.304045 1.527211 -1.134343
v -2.304045 1.527211 -1.134343
v -2.304045 1.527211 -1.134343
v -2.583378 1.487113 0.291400
v -2.583378 1.487113 0.291400
v -2.583378 1.487113 0.291400
v -2.583378 1.487113 0.291400
v -2.583378 1.487113 0.291400
v -2.583378 1.487113 0.291400
v -2.583378 1.487113 0.291400
v -2.583378 1.487113 0.291400
v 0.253237 2.773908 1.081218
v 0.253237 2.773908 1.081218
v 0.253237 2.773908 1.081218
v 0.285619 2.729668 1.181127
v 0.285619 2.729668 1.181127
v 0.285619 2.729668 1.181127
v 0.285619 2.729668 1.181127
v 0.285619 2.729668 1.181127
v -0.355826 2.756991 1.095493
v -0.355826 2.756991 1.095493
v -0.355826 2.756991 1.095493
v -0.242597 2.756395 1.131992
v -0.242597 2.756395 1.131992
v -0.242597 2.756395 1.131992
v -0.242597 2.756395 1.131992
v -0.242597 2.756395 1.131992
v -0.242597 2.756395 1.131992
v 0.130463 2.674136 1.329258
v 0.130463 2.674136 1.329258
v 0.130463 2.674136 1.329258
v 0.130463 2.674136 1.329258
v -0.441056 2.716424 1.163708
v -0.441056 2.716424 1.163708
v -0.441056 2.716424 1.163708
v -0.441056 2.716424 1.163708
v -0.212225 2.711828 1.236409
v -0.212225 2.711828 1.236409
v -0.212225 2.711828 1.236409
v 0.161781 2.620067 1.429805
v 0.161781 2.620067 1.429805
v 0.161781 2.620067 1.429805
v 0.161781 2.620067 1.429805
v 0.161781 2.620067 1.429805
v -0.413263 2.676882 1.271870
v -0.413263 2.676882 1.271870
v -0.413263 2.676882 1.271870
v -0.413263 2.676882 1.271870
v -0.296994 2.672475 1.307517
v -0.296994 2.672475 1.307517
v -0.296994 2.672475 1.307517
v -0.296994 2.672475 1.307517
v 0.224854 2.500965 1.625015
v 0.224854 2.500965 1.625015
v 0.224854 2.500965 1.625015
v 0.224854 2.500965 1.625015
v 0.224854 2.500965 1.625015
v 0.224854 2.500965 1.625015
v 0.080159 2.581044 1.503169
v 0.080159 2.581044 1.503169
v 0.080159 2.581044 1.503169
v 0.080159 2.581044 1.503169
v 0.256598 2.436917 1.721579
v 0.256598 2.436917 1.721579
v 0.256598 2.436917 1.721579
v 0.256598 2.436917 1.721579
v 0.256598 2.436917 1.721579
v 0.256598 2.436917 1.721579
v -0.117849 2.553338 1.547334
v -0.117849 2.553338 1.547334
v -0.117849 2.553338 1.547334
v -0.117849 2.553338 1.547334
v -0.003316 2.538673 1.575709
v -0.003316 2.538673 1.575709
v -0.003316 2.538673 1.575709
v 0.111391 2.520322 1.601032
v 0.111391 2.520322 1.601032
v 0.111391 2.520322 1.601032
v -0.202172 2.509762 1.622541
v -0.202172 2.509762 1.622541
v -0.202172 2.509762 1.622541
v -0.202172 2.509762 1.622541
v -0.086439 2.492179 1.648011
v -0.086439 2.492179 1.648011
v -0.086439 2.492179 1.648011
v -0.086439 2.492179 1.648011
v -0.086439 2.492179 1.648011
v -0.086439 2.492179 1.648011
v -0.086439 2.492179 1.648011
v 0.028636 2.475708 1.675243
v 0.028636 2.475708 1.675243
v 0.028636 2.475708 1.675243
v 0.028636 2.475708 1.675243
v 0.028636 2.475708 1.675243
v -0.288964 2.449477 1.686493
v -0.288964 2.449477 1.686493
v -0.288964 2.449477 1.686493
v -0.288964 2.449477 1.686493
v -0.171182 2.439313 1.717026
v -0.171182 2.439313 1.717026
v -0.171182 2.439313 1.717026
v -0.171182 2.439313 1.717026
v -0.171182 2.439313 1.717026
v -0.171182 2.439313 1.717026
v -0.171182 2.439313 1.717026
v -0.054173 2.425061 1.744662
v -0.054173 2.425061 1.744662
v -0.054173 2.425061 1.744662
v -0.054173 2.425061 1.744662
v -0.054173 2.425061 1.744662
v -0.054173 2.425061 1.744662
v 0.272232 2.266656 1.932356
v 0.272232 2.266656 1.932356
v 0.272232 2.266656 1.932356
v 0.272232 2.266656 1.932356
v 0.272232 2.266656 1.932356
v 0.272232 2.266656 1.932356
v 0.272232 2.266656 1.932356
v 0.272232 2.266656 1.932356
v -0.374162 2.391359 1.751890
v -0.374162 2.391359 1.751890
v -0.374162 2.391359 1.751890
v -0.341450 2.324562 1.848969
v -0.341450 2.324562 1.848969
v -0.341450 2.324562 1.848969
v -0.341450 2.324562 1.848969
v -0.138449 2.371215 1.812701
v -0.138449 2.371215 1.812701
v -0.138449 2.371215 1.812701
v -0.105853 2.301127 1.905810
v -0.105853 2.301127 1.905810
v -0.105853 2.301127 1.905810
v -0.105853 2.301127 1.905810
v -0.105853 2.301127 1.905810
v -0.105853 2.301127 1.905810
v 0.091989 2.336165 1.860544
v 0.091989 2.336165 1.860544
v 0.091989 2.336165 1.860544
v 0.091989 2.336165 1.860544
v 0.091989 2.336165 1.860544
v 0.091989 2.336165 1.860544
v 0.576681 2.079606 2.073212
v 0.576681 2.079606 2.073212
v 0.576681 2.079606 2.073212
v 0.576681 2.079606 2.073212
v 0.576681 2.079606 2.073212
v 0.576681 2.079606 2.073212
v 0.576681 2.079606 2.073212
v 0.009715 2.282305 1.928398
v 0.009715 2.282305 1.928398
v 0.009715 2.282305 1.928398
v 0.009715 2.282305 1.928398
v 0.009715 2.282305 1.928398
v -0.072685 2.227500 1.997295
v -0.072685 2.227500 1.997295
v -0.072685 2.227500 1.997295
v -0.072685 2.227500 1.997295
v -0.072685 2.227500 1.997295
v -0.041210 2.145977 2.078640
v -0.041210 2.145977 2.078640
v -0.041210 2.145977 2.078640
v -0.041210 2.145977 2.078640
v 0.124576 1.963419 2.255959
v 0.124576 1.963419 2.255959
v 0.124576 1.963419 2.255959
v 0.124576 1.963419 2.255959
v 0.124576 1.963419 2.255959
v 0.124576 1.963419 2.255959
v 0.124576 1.963419 2.255959
v 0.124576 1.963419 2.255959
v 0.124576 1.963419 2.255959
v 0.292143 2.081758 2.123350
v 0.292143 2.081758 2.123350
v 0.292143 2.081758 2.123350
v 0.292143 2.081758 2.123350
v 0.292143 2.081758 2.123350
v 0.501105 2.026708 2.138669
v 0.501105 2.026708 2.138669
v 0.501105 2.026708 2.138669
v 0.501105 2.026708 2.138669
v 0.501105 2.026708 2.138669
v 0.600151 1.995768 2.141133
v 0.600151 1.995768 2.141133
v 0.600151 1.995768 2.141133
v 0.600151 1.995768 2.141133
v 0.600151 1.995768 2.141133
v 0.600151 1.995768 2.141133
v -0.240698 2.096657 2.117504
v -0.240698 2.096657 2.117504
v -0.240698 2.096657 2.117504
v -0.240698 2.096657 2.117504
v -0.240698 2.096657 2.117504
v -0.125052 2.081784 2.139624
v -0.125052 2.081784 2.139624
v -0.125052 2.081784 2.139624
v -0.125052 2.081784 2.139624
v 0.525826 1.945509 2.205954
v 0.525826 1.945509 2.205954
v 0.525826 1.945509 2.205954
v 0.525826 1.945509 2.205954
v 0.715967 1.886133 2.205598
v 0.715967 1.886133 2.205598
v 0.715967 1.886133 2.205598
v 0.715967 1.886133 2.205598
v -0.404173 1.957128 2.223176
v -0.404173 1.957128 2.223176
v -0.404173 1.957128 2.223176
v -0.404173 1.957128 2.223176
v -0.221126 1.783602 2.391609
v -0.221126 1.783602 2.391609
v -0.221126 1.783602 2.391609
v -0.221126 1.783602 2.391609
v -0.221126 1.783602 2.391609
v -0.221126 1.783602 2.391609
v -0.221126 1.783602 2.391609
v -0.221126 1.783602 2.391609
v -0.334952 1.793642 2.367720
v -0.334952 1.793642 2.367720
v -0.334952 1.793642 2.367720
v 0.082152 1.819814 2.375120
v 0.082152 1.819814 2.375120
v 0.082152 1.819814 2.375120
v 0.082152 1.819814 2.375120
v 0.082152 1.819814 2.375120
v 0.493655 1.727220 2.387552
v 0.493655 1.727220 2.387552
v 0.493655 1.727220 2.387552
v 0.493655 1.727220 2.387552
v -0.108664 1.767392 2.406712
v -0.108664 1.767392 2.406712
v -0.108664 1.767392 2.406712
v -0.108664 1.767392 2.406712
v -0.108664 1.767392 2.406712
v 0.001566 1.750925 2.421142
v 0.001566 1.750925 2.421142
v 0.001566 1.750925 2.421142
v 0.001566 1.750925 2.421142
v 0.279523 1.552058 2.542187
v 0.279523 1.552058 2.542187
v 0.279523 1.552058 2.542187
v 0.279523 1.552058 2.542187
v 0.279523 1.552058 2.542187
v 0.279523 1.552058 2.542187
v 0.516796 1.647765 2.446007
v 0.516796 1.647765 2.446007
v 0.516796 1.647765 2.446007
v 0.516796 1.647765 2.446007
v 0.516796 1.647765 2.446007
v 0.516796 1.647765 2.446007
v 0.516796 1.647765 2.446007
v 0.700069 1.593898 2.429587
v 0.700069 1.593898 2.429587
v 0.700069 1.593898 2.429587
v -0.153279 1.525020 2.571389
v -0.153279 1.525020 2.571389
v -0.153279 1.525020 2.571389
v -0.153279 1.525020 2.571389
v -0.153279 1.525020 2.571389
v -0.153279 1.525020 2.571389
v -0.153279 1.525020 2.571389
v -0.153279 1.525020 2.571389
v 0.716087 1.514707 2.477347
v 0.716087 1.514707 2.477347
v 0.716087 1.514707 2.477347
v 0.716087 1.514707 2.477347
v 0.716087 1.514707 2.477347
v 0.716087 1.514707 2.477347
v 0.468475 2.833142 0.838663
v 0.468475 2.833142 0.838663
v 0.468475 2.833142 0.838663
v 0.875683 2.844146 0.280701
v 0.875683 2.844146 0.280701
v 0.875683 2.844146 0.280701
v 0.942980 2.837046 0.185779
v 0.942980 2.837046 0.185779
v 0.942980 2.837046 0.185779
v 0.942980 2.837046 0.185779
v 0.942980 2.837046 0.185779
v 0.942980 2.837046 0.185779
v 0.942980 2.837046 0.185779
v 0.825297 2.797704 0.671761
v 0.825297 2.797704 0.671761
v 0.825297 2.797704 0.671761
v 0.825297 2.797704 0.671761
v 0.825297 2.797704 0.671761
v 0.962510 2.793380 0.479475
v 0.962510 2.793380 0.479475
v 0.962510 2.793380 0.479475
v 0.962510 2.793380 0.479475
v 0.962510 2.793380 0.479475
v 1.348277 2.672932 -0.044263
v 1.348277 2.672932 -0.044263
v 1.348277 2.672932 -0.044263
v 1.348277 2.672932 -0.044263
v 1.348277 2.672932 -0.044263
v 0.789635 2.752186 0.869665
v 0.789635 2.752186 0.869665
v 0.789635 2.752186 0.869665
v 0.789635 2.752186 0.869665
v 0.789635 2.752186 0.869665
v 0.789635 2.752186 0.869665
v 0.789635 2.752186 0.869665
v 0.861238 2.754711 0.772982
v 0.861238 2.754711 0.772982
v 0.861238 2.754711 0.772982
v 0.861238 2.754711 0.772982
v 1.324632 2.647866 0.444435
v 1.324632 2.647866 0.444435
v 1.324632 2.647866 0.444435
v 1.324632 2.647866 0.444435
v 1.324632 2.647866 0.444435
v 1.324632 2.647866 0.444435
v 1.324632 2.647866 0.444435
v 1.324632 2.647866 0.444435
v 1.135830 2.628422 0.871427
v 1.135830 2.628422 0.871427
v 1.135830 2.628422 0.871427
v 1.135830 2.628422 0.871427
v 1.135830 2.628422 0.871427
v 1.135830 2.628422 0.871427
v 1.135830 2.628422 0.871427
v 1.563219 2.552752 -0.045217
v 1.563219 2.552752 -0.045217
v 1.563219 2.552752 -0.045217
v 1.563219 2.552752 -0.045217
v 1.563219 2.552752 -0.045217
v 0.974159 2.550122 1.230607
v 0.974159 2.550122 1.230607
v 0.974159 2.550122 1.230607
v 0.974159 2.550122 1.230607
v 0.974159 2.550122 1.230607
v 0.974159 2.550122 1.230607
v 0.974159 2.550122 1.230607
v 0.682285 2.408707 1.642441
v 0.682285 2.408707 1.642441
v 0.682285 2.408707 1.642441
v 0.682285 2.408707 1.642441
v 0.682285 2.408707 1.642441
v 0.682285 2.408707 1.642441
v 0.682285 2.408707 1.642441
v 1.611153 2.424085 0.700717
v 1.611153 2.424085 0.700717
v 1.611153 2.424085 0.700717
v 1.611153 2.424085 0.700717
v 1.611153 2.424085 0.700717
v 1.611153 2.424085 0.700717
v 1.611153 2.424085 0.700717
v 1.740474 2.417544 0.274634
v 1.740474 2.417544 0.274634
v 1.740474 2.417544 0.274634
v 1.740474 2.417544 0.274634
v 1.740474 2.417544 0.274634
v 1.486653 2.343487 1.120959
v 1.486653 2.343487 1.120959
v 1.486653 2.343487 1.120959
v 1.486653 2.343487 1.120959
v 1.486653 2.343487 1.120959
v 1.486653 2.343487 1.120959
v 1.486653 2.343487 1.120959
v 0.678524 2.051388 2.078926
v 0.678524 2.051388 2.078926
v 0.678524 2.051388 2.078926
v 0.678524 2.051388 2.078926
v 0.678524 2.051388 2.078926
v 0.678524 2.051388 2.078926
v 0.995770 2.374731 1.526778
v 0.995770 2.374731 1.526778
v 0.995770 2.374731 1.526778
v 0.995770 2.374731 1.526778
v 0.995770 2.374731 1.526778
v 1.296209 2.288489 1.424527
v 1.296209 2.288489 1.424527
v 1.296209 2.288489 1.424527
v 1.296209 2.288489 1.424527
v 1.296209 2.288489 1.424527
v 1.994242 2.194910 0.406098
v 1.994242 2.194910 0.406098
v 1.994242 2.194910 0.406098
v 1.994242 2.194910 0.406098
v 1.994242 2.194910 0.406098
v 1.994242 2.194910 0.406098
v 1.124075 2.075551 1.840201
v 1.124075 2.075551 1.840201
v 1.124075 2.075551 1.840201
v 1.124075 2.075551 1.840201
v 1.124075 2.075551 1.840201
v 1.124075 2.075551 1.840201
v 1.124075 2.075551 1.840201
v 1.124075 2.075551 1.840201
v 1.844347 2.128407 1.010078
v 1.844347 2.128407 1.010078
v 1.844347 2.128407 1.010078
v 1.844347 2.128407 1.010078
v 1.844347 2.128407 1.010078
v 2.014246 2.084989 0.746203
v 2.014246 2.084989 0.746203
v 2.014246 2.084989 0.746203
v 2.014246 2.084989 0.746203
v 2.014246 2.084989 0.746203
v 2.014246 2.084989 0.746203
v 2.280532 1.937760 0.109647
v 2.280532 1.937760 0.109647
v 2.280532 1.937760 0.109647
v 2.280532 1.937760 0.109647
v 2.280532 1.937760 0.109647
v 2.280532 1.937760 0.109647
v 0.775310 1.999273 2.087495
v 0.775310 1.999273 2.087495
v 0.775310 1.999273 2.087495
v 0.775310 1.999273 2.087495
v 0.775310 1.999273 2.087495
v 0.775310 1.999273 2.087495
v 1.501248 2.029896 1.608856
v 1.501248 2.029896 1.608856
v 1.501248 2.029896 1.608856
v 1.501248 2.029896 1.608856
v 1.501248 2.029896 1.608856
v 1.501248 2.029896 1.608856
v 1.501248 2.029896 1.608856
v 0.813309 1.835896 2.213994
v 0.813309 1.835896 2.213994
v 0.813309 1.835896 2.213994
v 1.833315 1.936675 1.360921
v 1.833315 1.936675 1.360921
v 1.833315 1.936675 1.360921
v 1.833315 1.936675 1.360921
v 1.833315 1.936675 1.360921
v 1.833315 1.936675 1.360921
v 2.301945 1.861982 0.431770
v 2.301945 1.861982 0.431770
v 2.301945 1.861982 0.431770
v 2.301945 1.861982 0.431770
v 2.301945 1.861982 0.431770
v 2.301945 1.861982 0.431770
v 0.908434 1.783544 2.219730
v 0.908434 1.783544 2.219730
v 0.908434 1.783544 2.219730
v 0.908434 1.783544 2.219730
v 1.067451 1.835573 2.102119
v 1.067451 1.835573 2.102119
v 1.067451 1.835573 2.102119
v 1.067451 1.835573 2.102119
v 1.067451 1.835573 2.102119
v 1.067451 1.835573 2.102119
v 1.246274 1.799320 2.036207
v 1.246274 1.799320 2.036207
v 1.246274 1.799320 2.036207
v 1.246274 1.799320 2.036207
v 1.246274 1.799320 2.036207
v 1.434755 1.671126 2.027084
v 1.434755 1.671126 2.027084
v 1.434755 1.671126 2.027084
v 1.434755 1.671126 2.027084
v 1.434755 1.671126 2.027084
v 1.434755 1.671126 2.027084
v 1.163531 1.776008 2.102311
v 1.163531 1.776008 2.102311
v 1.163531 1.776008 2.102311
v 1.714892 1.583908 1.877946
v 1.714892 1.583908 1.877946
v 1.714892 1.583908 1.877946
v 1.714892 1.583908 1.877946
v 1.714892 1.583908 1.877946
v 1.714892 1.583908 1.877946
v 1.714892 1.583908 1.877946
v 2.045188 1.878271 1.111678
v 2.045188 1.878271 1.111678
v 2.045188 1.878271 1.111678
v 2.045188 1.878271 1.111678
v 2.045188 1.878271 1.111678
v 2.301845 1.714682 0.845804
v 2.301845 1.714682 0.845804
v 2.301845 1.714682 0.845804
v 2.301845 1.714682 0.845804
v 2.301845 1.714682 0.845804
v 2.301845 1.714682 0.845804
v 2.586839 1.496457 0.188067
v 2.586839 1.496457 0.188067
v 2.586839 1.496457 0.188067
v 2.586839 1.496457 0.188067
v 2.586839 1.496457 0.188067
v 2.586839 1.496457 0.188067
v 2.586839 1.496457 0.188067
v 2.586839 1.496457 0.188067
v 0.861433 1.592507 2.376868
v 0.861433 1.592507 2.376868
v 0.861433 1.592507 2.376868
v 0.861433 1.592507 2.376868
v 0.938737 1.621092 2.333473
v 0.938737 1.621092 2.333473
v 0.938737 1.621092 2.333473
v 0.938737 1.621092 2.333473
v 1.874552 1.607732 1.691435
v 1.874552 1.607732 1.691435
v 1.874552 1.607732 1.691435
v 1.874552 1.607732 1.691435
v 1.874552 1.607732 1.691435
v 1.874552 1.607732 1.691435
v 0.877404 1.513993 2.421747
v 0.877404 1.513993 2.421747
v 0.877404 1.513993 2.421747
v 0.877404 1.513993 2.421747
v 1.031501 1.564142 2.332760
v 1.031501 1.564142 2.332760
v 1.031501 1.564142 2.332760
v 1.031501 1.564142 2.332760
v 1.108270 1.586267 2.278100
v 1.108270 1.586267 2.278100
v 1.108270 1.586267 2.278100
v 1.108270 1.586267 2.278100
v 2.147094 1.616651 1.314504
v 2.147094 1.616651 1.314504
v 2.147094 1.616651 1.314504
v 2.147094 1.616651 1.314504
v 2.147094 1.616651 1.314504
v 2.147094 1.616651 1.314504
v 2.147094 1.616651 1.314504
v 2.147094 1.616651 1.314504
v 2.502429 1.514094 0.633928
v 2.502429 1.514094 0.633928
v 2.502429 1.514094 0.633928
v 2.502429 1.514094 0.633928
v 2.502429 1.514094 0.633928
v 2.502429 1.514094 0.633928
v 1.199170 1.528077 2.275682
v 1.199170 1.528077 2.275682
v 1.199170 1.528077 2.275682
v 1.199170 1.528077 2.275682
v 1.199170 1.528077 2.275682
v 1.199170 1.528077 2.275682
v 1.440997 1.584091 2.085842
v 1.440997 1.584091 2.085842
v 1.440997 1.584091 2.085842
v 1.440997 1.584091 2.085842
v 1.440997 1.584091 2.085842
v 1.440997 1.584091 2.085842
v 2.740214 0.975346 -0.713900
v 2.740214 0.975346 -0.713900
v 2.740214 0.975346 -0.713900
v 2.740214 0.975346 -0.713900
v 2.740214 0.975346 -0.713900
v 2.740214 0.975346 -0.713900
v 2.740214 0.975346 -0.713900
v 2.740214 0.975346 -0.713900
v 2.740214 0.975346 -0.713900
v 2.690039 1.073735 -0.749565
v 2.690039 1.073735 -0.749565
v 2.690039 1.073735 -0.749565
v 2.690039 1.073735 -0.749565
v 2.690039 1.073735 -0.749565
v 2.519065 1.348376 -0.892416
v 2.519065 1.348376 -0.892416
v 2.519065 1.348376 -0.892416
v 2.519065 1.348376 -0.892416
v 2.519065 1.348376 -0.892416
v 2.519065 1.348376 -0.892416
v 2.519065 1.348376 -0.892416
v 2.855824 0.583701 -0.663721
v 2.855824 0.583701 -0.663721
v 2.855824 0.583701 -0.663721
v 2.855824 0.583701 -0.663721
v 2.855824 0.583701 -0.663721
v 2.855824 0.583701 -0.663721
v 2.857830 0.489881 -0.726339
v 2.857830 0.489881 -0.726339
v 2.857830 0.489881 -0.726339
v 2.857830 0.489881 -0.726339
v 2.762578 0.606634 -0.977327
v 2.762578 0.606634 -0.977327
v 2.762578 0.606634 -0.977327
v 2.762578 0.606634 -0.977327
v 2.762578 0.606634 -0.977327
v 2.662218 0.996483 -0.920521
v 2.662218 0.996483 -0.920521
v 2.662218 0.996483 -0.920521
v 2.670241 0.906682 -0.988615
v 2.670241 0.906682 -0.988615
v 2.670241 0.906682 -0.988615
v 2.621161 1.007079 -1.025247
v 2.621161 1.007079 -1.025247
v 2.621161 1.007079 -1.025247
v 2.516821 1.115631 -1.164626
v 2.516821 1.115631 -1.164626
v 2.516821 1.115631 -1.164626
v 2.516821 1.115631 -1.164626
v 2.793261 0.501716 -0.934703
v 2.793261 0.501716 -0.934703
v 2.793261 0.501716 -0.934703
v 2.455116 1.211838 -1.196446
v 2.455116 1.211838 -1.196446
v 2.455116 1.211838 -1.196446
v 2.455116 1.211838 -1.196446
v 2.401798 1.221085 -1.301140
v 2.401798 1.221085 -1.301140
v 2.401798 1.221085 -1.301140
v 2.401798 1.221085 -1.301140
v 2.401798 1.221085 -1.301140
v 2.401798 1.221085 -1.301140
v 2.195354 1.486669 -1.377611
v 2.195354 1.486669 -1.377611
v 2.195354 1.486669 -1.377611
v 2.825461 0.098618 -0.970843
v 2.825461 0.098618 -0.970843
v 2.825461 0.098618 -0.970843
v 2.401988 1.127752 -1.373435
v 2.401988 1.127752 -1.373435
v 2.401988 1.127752 -1.373435
v 2.272365 1.315037 -1.429969
v 2.272365 1.315037 -1.429969
v 2.272365 1.315037 -1.429969
v 2.272365 1.315037 -1.429969
v 2.746249 0.100802 -1.184503
v 2.746249 0.100802 -1.184503
v 2.746249 0.100802 -1.184503
v 2.746249 0.100802 -1.184503
v 2.746249 0.100802 -1.184503
v 2.746249 0.100802 -1.184503
v 2.746249 0.100802 -1.184503
v 2.746249 0.100802 -1.184503
v 2.519168 0.830860 -1.378378
v 2.519168 0.830860 -1.378378
v 2.519168 0.830860 -1.378378
v 2.519168 0.830860 -1.378378
v 2.519168 0.830860 -1.378378
v 2.462139 0.932652 -1.412715
v 2.462139 0.932652 -1.412715
v 2.462139 0.932652 -1.412715
v 2.462139 0.932652 -1.412715
v 2.339220 1.131409 -1.475014
v 2.339220 1.131409 -1.475014
v 2.339220 1.131409 -1.475014
v 2.339220 1.131409 -1.475014
v 2.273336 1.225520 -1.502585
v 2.273336 1.225520 -1.502585
v 2.273336 1.225520 -1.502585
v 2.651396 0.413577 -1.324093
v 2.651396 0.413577 -1.324093
v 2.651396 0.413577 -1.324093
v 2.651396 0.413577 -1.324093
v 2.456833 0.834015 -1.481941
v 2.456833 0.834015 -1.481941
v 2.456833 0.834015 -1.481941
v 2.456833 0.834015 -1.481941
v 2.456833 0.834015 -1.481941
v 2.456833 0.834015 -1.481941
v 2.398829 0.935681 -1.515867
v 2.398829 0.935681 -1.515867
v 2.398829 0.935681 -1.515867
v 2.398829 0.935681 -1.515867
v 2.641880 0.103007 -1.395804
v 2.641880 0.103007 -1.395804
v 2.641880 0.103007 -1.395804
v 2.641880 0.103007 -1.395804
v 2.641880 0.103007 -1.395804
v 2.641880 0.103007 -1.395804
v 2.641880 0.103007 -1.395804
v 2.592912 0.415792 -1.429116
v 2.592912 0.415792 -1.429116
v 2.592912 0.415792 -1.429116
v 2.592912 0.415792 -1.429116
v 2.499311 0.629196 -1.511685
v 2.499311 0.629196 -1.511685
v 2.499311 0.629196 -1.511685
v 2.435257 0.631105 -1.615550
v 2.435257 0.631105 -1.615550
v 2.435257 0.631105 -1.615550
v 2.435257 0.631105 -1.615550
v 2.390977 0.836509 -1.584679
v 2.390977 0.836509 -1.584679
v 2.390977 0.836509 -1.584679
v 2.710639 -0.198598 -1.244319
v 2.710639 -0.198598 -1.244319
v 2.710639 -0.198598 -1.244319
v 2.710639 -0.198598 -1.244319
v 2.667725 -0.000142 -1.345732
v 2.667725 -0.000142 -1.345732
v 2.667725 -0.000142 -1.345732
v 2.667725 -0.000142 -1.345732
v 2.667725 -0.000142 -1.345732
v 2.573070 0.312376 -1.489252
v 2.573070 0.312376 -1.489252
v 2.573070 0.312376 -1.489252
v 2.640225 -0.394603 -1.344813
v 2.640225 -0.394603 -1.344813
v 2.640225 -0.394603 -1.344813
v 2.640225 -0.394603 -1.344813
v 2.637350 -0.101731 -1.400626
v 2.637350 -0.101731 -1.400626
v 2.637350 -0.101731 -1.400626
v 2.637350 -0.101731 -1.400626
v 2.612129 -0.000273 -1.450696
v 2.612129 -0.000273 -1.450696
v 2.612129 -0.000273 -1.450696
v 2.612129 -0.000273 -1.450696
v 2.612129 -0.000273 -1.450696
v 2.612129 -0.000273 -1.450696
v 2.463341 0.419584 -1.638168
v 2.463341 0.419584 -1.638168
v 2.463341 0.419584 -1.638168
v 2.463341 0.419584 -1.638168
v 2.415284 0.524703 -1.678921
v 2.415284 0.524703 -1.678921
v 2.415284 0.524703 -1.678921
v 2.415284 0.524703 -1.678921
v 2.600701 -0.488644 -1.391224
v 2.600701 -0.488644 -1.391224
v 2.600701 -0.488644 -1.391224
v 2.567338 -0.299877 -1.501472
v 2.567338 -0.299877 -1.501472
v 2.567338 -0.299877 -1.501472
v 2.567338 -0.299877 -1.501472
v 2.555146 -0.001147 -1.556276
v 2.555146 -0.001147 -1.556276
v 2.555146 -0.001147 -1.556276
v 2.555146 -0.001147 -1.556276
v 2.555146 -0.001147 -1.556276
v 2.555146 -0.001147 -1.556276
v 2.439438 0.314725 -1.696409
v 2.439438 0.314725 -1.696409
v 2.439438 0.314725 -1.696409
v 2.368921 0.315218 -1.796598
v 2.368921 0.315218 -1.796598
v 2.368921 0.315218 -1.796598
v 2.368921 0.315218 -1.796598
v 2.368921 0.315218 -1.796598
v 2.368921 0.315218 -1.796598
v 2.343118 0.524753 -1.778237
v 2.343118 0.524753 -1.778237
v 2.343118 0.524753 -1.778237
v 2.343118 0.524753 -1.778237
v 2.481829 -0.203251 -1.653842
v 2.481829 -0.203251 -1.653842
v 2.481829 -0.203251 -1.653842
v 2.319118 0.419756 -1.836630
v 2.319118 0.419756 -1.836630
v 2.319118 0.419756 -1.836630
v 2.505153 -0.300803 -1.600430
v 2.505153 -0.300803 -1.600430
v 2.505153 -0.300803 -1.600430
v 2.505153 -0.300803 -1.600430
v 2.268107 -0.000630 -1.947708
v 2.268107 -0.000630 -1.947708
v 2.268107 -0.000630 -1.947708
v 2.402667 -0.759323 -1.608499
v 2.402667 -0.759323 -1.608499
v 2.402667 -0.759323 -1.608499
v 2.402667 -0.759323 -1.608499
v 2.188131 -0.000634 -2.036611
v 2.188131 -0.000634 -2.036611
v 2.188131 -0.000634 -2.036611
v 2.188131 -0.000634 -2.036611
v 2.209814 -1.010285 -1.751877
v 2.209814 -1.010285 -1.751877
v 2.209814 -1.010285 -1.751877
v 2.209814 -1.010285 -1.751877
v 2.209814 -1.010285 -1.751877
v 2.209814 -1.010285 -1.751877
v 2.209814 -1.010285 -1.751877
v 2.209814 -1.010285 -1.751877
v 2.186617 -0.201113 -2.030043
v 2.186617 -0.201113 -2.030043
v 2.186617 -0.201113 -2.030043
v 2.186617 -0.201113 -2.030043
v 2.271134 -0.758539 -1.787258
v 2.271134 -0.758539 -1.787258
v 2.271134 -0.758539 -1.787258
v 2.271134 -0.758539 -1.787258
v 2.254006 -0.673903 -1.848161
v 2.254006 -0.673903 -1.848161
v 2.254006 -0.673903 -1.848161
v 2.254006 -0.673903 -1.848161
v 2.103867 -0.200419 -2.112183
v 2.103867 -0.200419 -2.112183
v 2.103867 -0.200419 -2.112183
v 2.103867 -0.200419 -2.112183
v 2.103867 -0.200419 -2.112183
v 2.103867 -0.200419 -2.112183
v 2.063859 -0.101557 -2.159979
v 2.063859 -0.101557 -2.159979
v 2.063859 -0.101557 -2.159979
v 2.063859 -0.101557 -2.159979
v 2.063859 -0.101557 -2.159979
v 2.060024 -0.296738 -2.146131
v 2.060024 -0.296738 -2.146131
v 2.060024 -0.296738 -2.146131
v 2.060024 -0.296738 -2.146131
v 2.060024 -0.296738 -2.146131
v 2.111543 -1.169721 -1.766711
v 2.111543 -1.169721 -1.766711
v 2.111543 -1.169721 -1.766711
v 2.111543 -1.169721 -1.766711
v 2.012305 -0.391150 -2.173771
v 2.012305 -0.391150 -2.173771
v 2.012305 -0.391150 -2.173771
v 2.012305 -0.391150 -2.173771
v 1.975643 -0.294803 -2.222084
v 1.975643 -0.294803 -2.222084
v 1.975643 -0.294803 -2.222084
v 1.975643 -0.294803 -2.222084
v 1.975643 -0.294803 -2.222084
v 1.850266 -0.196371 -2.339941
v 1.850266 -0.196371 -2.339941
v 1.850266 -0.196371 -2.339941
v 1.850266 -0.196371 -2.339941
v 1.850266 -0.196371 -2.339941
v 1.850266 -0.196371 -2.339941
v 1.850266 -0.196371 -2.339941
v 1.850266 -0.196371 -2.339941
v 1.892172 -0.099612 -2.310287
v 1.892172 -0.099612 -2.310287
v 1.892172 -0.099612 -2.310287
v -0.914609 1.134156 -2.613983
v -0.914609 1.134156 -2.613983
v -0.914609 1.134156 -2.613983
v -0.914609 1.134156 -2.613983
v -0.981510 1.035517 -2.625275
v -0.981510 1.035517 -2.625275
v -0.981510 1.035517 -2.625275
v -1.094377 1.033332 -2.581145
v -1.094377 1.033332 -2.581145
v -1.094377 1.033332 -2.581145
v -1.094377 1.033332 -2.581145
v -1.094377 1.033332 -2.581145
v -1.094377 1.033332 -2.581145
v -1.136423 1.126792 -2.523216
v -1.136423 1.126792 -2.523216
v -1.136423 1.126792 -2.523216
v -1.136423 1.126792 -2.523216
v -1.161876 0.933498 -2.589660
v -1.161876 0.933498 -2.589660
v -1.161876 0.933498 -2.589660
v -1.271444 0.929630 -2.541216
v -1.271444 0.929630 -2.541216
v -1.271444 0.929630 -2.541216
v -1.271444 0.929630 -2.541216
v -2.562270 1.155160 -1.017123
v -2.562270 1.155160 -1.017123
v -2.562270 1.155160 -1.017123
v -2.562270 1.155160 -1.017123
v -2.574906 1.261819 -0.854081
v -2.574906 1.261819 -0.854081
v -2.574906 1.261819 -0.854081
v -2.574906 1.261819 -0.854081
v -2.574906 1.261819 -0.854081
v -2.593979 1.169468 -0.915976
v -2.593979 1.169468 -0.915976
v -2.593979 1.169468 -0.915976
v -2.776386 0.920124 -0.658611
v -2.776386 0.920124 -0.658611
v -2.776386 0.920124 -0.658611
v -2.776386 0.920124 -0.658611
v -2.744518 1.125237 -0.421596
v -2.744518 1.125237 -0.421596
v -2.744518 1.125237 -0.421596
v -2.744518 1.125237 -0.421596
v -2.744518 1.125237 -0.421596
v -2.744518 1.125237 -0.421596
v -2.744518 1.125237 -0.421596
v -2.792457 0.922921 -0.541478
v -2.792457 0.922921 -0.541478
v -2.792457 0.922921 -0.541478
v -2.792457 0.922921 -0.541478
v -2.792457 0.922921 -0.541478
v -2.589860 1.490607 -0.175438
v -2.589860 1.490607 -0.175438
v -2.589860 1.490607 -0.175438
v -2.589860 1.490607 -0.175438
v -2.589860 1.490607 -0.175438
v -2.589860 1.490607 -0.175438
v -2.831580 0.826688 -0.484923
v -2.831580 0.826688 -0.484923
v -2.831580 0.826688 -0.484923
v -2.831580 0.826688 -0.484923
v -2.823273 0.932811 -0.304956
v -2.823273 0.932811 -0.304956
v -2.823273 0.932811 -0.304956
v -2.823273 0.932811 -0.304956
v -2.823273 0.932811 -0.304956
v -2.823273 0.932811 -0.304956
v -2.858629 0.834270 -0.244914
v -2.858629 0.834270 -0.244914
v -2.858629 0.834270 -0.244914
v -2.858629 0.834270 -0.244914
v -2.858629 0.834270 -0.244914
v -2.879749 0.773764 -0.164096
v -2.879749 0.773764 -0.164096
v -2.879749 0.773764 -0.164096
v -2.879749 0.773764 -0.164096
v -2.838272 0.937737 -0.061068
v -2.838272 0.937737 -0.061068
v -2.838272 0.937737 -0.061068
v -2.838272 0.937737 -0.061068
v -2.838272 0.937737 -0.061068
v -2.838272 0.937737 -0.061068
v -2.838272 0.937737 -0.061068
v -2.838272 0.937737 -0.061068
v -2.838272 0.937737 -0.061068
v -2.766243 1.132501 0.060446
v -2.766243 1.132501 0.060446
v -2.766243 1.132501 0.060446
v -2.766243 1.132501 0.060446
v -2.895518 0.734791 -0.061039
v -2.895518 0.734791 -0.061039
v -2.895518 0.734791 -0.061039
v -2.895518 0.734791 -0.061039
v -2.836350 0.937625 0.061121
v -2.836350 0.937625 0.061121
v -2.836350 0.937625 0.061121
v -2.836350 0.937625 0.061121
v -2.836350 0.937625 0.061121
v -2.800114 1.035560 0.121198
v -2.800114 1.035560 0.121198
v -2.800114 1.035560 0.121198
v -2.720248 1.224624 0.241286
v -2.720248 1.224624 0.241286
v -2.720248 1.224624 0.241286
v -2.720248 1.224624 0.241286
v -2.656699 1.306205 0.413624
v -2.656699 1.306205 0.413624
v -2.656699 1.306205 0.413624
v -2.656699 1.306205 0.413624
v -2.566216 1.475657 0.405729
v -2.566216 1.475657 0.405729
v -2.566216 1.475657 0.405729
v -2.566216 1.475657 0.405729
v -2.566216 1.475657 0.405729
v -2.909108 0.676633 0.013500
v -2.909108 0.676633 0.013500
v -2.909108 0.676633 0.013500
v -2.909108 0.676633 0.013500
v -2.909108 0.676633 0.013500
v -2.865985 0.835956 0.122678
v -2.865985 0.835956 0.122678
v -2.865985 0.835956 0.122678
v -2.865985 0.835956 0.122678
v -2.865985 0.835956 0.122678
v -2.865985 0.835956 0.122678
v -2.751902 1.127779 0.301914
v -2.751902 1.127779 0.301914
v -2.751902 1.127779 0.301914
v -2.640785 1.298385 0.527471
v -2.640785 1.298385 0.527471
v -2.640785 1.298385 0.527471
v -2.921328 0.631270 0.123964
v -2.921328 0.631270 0.123964
v -2.921328 0.631270 0.123964
v -2.921328 0.631270 0.123964
v -2.921328 0.631270 0.123964
v -2.921328 0.631270 0.123964
v -2.921328 0.631270 0.123964
v -2.921328 0.631270 0.123964
v -2.848396 0.830253 0.365684
v -2.848396 0.830253 0.365684
v -2.848396 0.830253 0.365684
v -2.848396 0.830253 0.365684
v -2.926272 0.550433 0.177692
v -2.926272 0.550433 0.177692
v -2.926272 0.550433 0.177692
v -2.723414 1.117370 0.536950
v -2.723414 1.117370 0.536950
v -2.723414 1.117370 0.536950
v -2.723414 1.117370 0.536950
v -2.723414 1.117370 0.536950
v -2.723414 1.117370 0.536950
v -2.670829 1.203118 0.588985
v -2.670829 1.203118 0.588985
v -2.670829 1.203118 0.588985
v -2.670829 1.203118 0.588985
v -2.925682 0.523133 0.307321
v -2.925682 0.523133 0.307321
v -2.925682 0.523133 0.307321
v -2.925682 0.523133 0.307321
v -2.925682 0.523133 0.307321
v -2.925682 0.523133 0.307321
v -2.898468 0.625875 0.367269
v -2.898468 0.625875 0.367269
v -2.898468 0.625875 0.367269
v -2.898468 0.625875 0.367269
v -2.898468 0.625875 0.367269
v -2.866683 0.726682 0.426257
v -2.866683 0.726682 0.426257
v -2.866683 0.726682 0.426257
v -2.866683 0.726682 0.426257
v -2.745676 1.015798 0.597600
v -2.745676 1.015798 0.597600
v -2.745676 1.015798 0.597600
v -2.745676 1.015798 0.597600
v -2.698590 1.105654 0.650295
v -2.698590 1.105654 0.650295
v -2.698590 1.105654 0.650295
v -2.698590 1.105654 0.650295
v -2.698590 1.105654 0.650295
v -2.698590 1.105654 0.650295
v -2.939952 0.418538 0.368607
v -2.939952 0.418538 0.368607
v -2.939952 0.418538 0.368607
v -2.939952 0.418538 0.368607
v -2.939952 0.418538 0.368607
v -2.910985 0.520261 0.428074
v -2.910985 0.520261 0.428074
v -2.910985 0.520261 0.428074
v -2.910985 0.520261 0.428074
v -2.910985 0.520261 0.428074
v -2.721968 1.007264 0.709962
v -2.721968 1.007264 0.709962
v -2.721968 1.007264 0.709962
v -2.721968 1.007264 0.709962
v -2.673800 1.095419 0.760643
v -2.673800 1.095419 0.760643
v -2.673800 1.095419 0.760643
v -2.869643 0.513147 0.661657
v -2.869643 0.513147 0.661657
v -2.869643 0.513147 0.661657
v -2.869643 0.513147 0.661657
v -2.742278 0.907019 0.770738
v -2.742278 0.907019 0.770738
v -2.742278 0.907019 0.770738
v -2.742278 0.907019 0.770738
v -2.646677 1.083667 0.869535
v -2.646677 1.083667 0.869535
v -2.646677 1.083667 0.869535
v -2.646677 1.083667 0.869535
v -2.632387 0.973617 1.029158
v -2.632387 0.973617 1.029158
v -2.632387 0.973617 1.029158
v -2.632387 0.973617 1.029158
v -2.632387 0.973617 1.029158
v -2.614212 1.071007 0.972928
v -2.614212 1.071007 0.972928
v -2.614212 1.071007 0.972928
v -2.950312 0.000538 0.481172
v -2.950312 0.000538 0.481172
v -2.950312 0.000538 0.481172
v -2.880704 0.408600 0.721622
v -2.880704 0.408600 0.721622
v -2.880704 0.408600 0.721622
v -2.880704 0.408600 0.721622
v -2.880704 0.408600 0.721622
v -2.880704 0.408600 0.721622
v -2.880704 0.408600 0.721622
v -2.880704 0.408600 0.721622
v -2.880704 0.408600 0.721622
v -2.807151 0.604959 0.832361
v -2.807151 0.604959 0.832361
v -2.807151 0.604959 0.832361
v -2.807151 0.604959 0.832361
v -2.807151 0.604959 0.832361
v -2.678998 0.886106 0.982577
v -2.678998 0.886106 0.982577
v -2.678998 0.886106 0.982577
v -2.947019 -0.201290 0.473797
v -2.947019 -0.201290 0.473797
v -2.947019 -0.201290 0.473797
v -2.947019 -0.201290 0.473797
v -2.939393 -0.100332 0.534668
v -2.939393 -0.100332 0.534668
v -2.939393 -0.100332 0.534668
v -2.939393 -0.100332 0.534668
v -2.939393 -0.100332 0.534668
v -2.819079 0.154868 0.998939
v -2.819079 0.154868 0.998939
v -2.819079 0.154868 0.998939
v -2.819079 0.154868 0.998939
v -2.819079 0.154868 0.998939
v -2.819079 0.154868 0.998939
v -2.884459 -0.147443 0.781114
v -2.884459 -0.147443 0.781114
v -2.884459 -0.147443 0.781114
v -2.884459 -0.147443 0.781114
v -2.884459 -0.147443 0.781114
v -2.884459 -0.147443 0.781114
v -2.884459 -0.147443 0.781114
v -2.661769 0.573709 1.237672
v -2.661769 0.573709 1.237672
v -2.661769 0.573709 1.237672
v -2.661769 0.573709 1.237672
v -2.727950 0.354495 1.177704
v -2.727950 0.354495 1.177704
v -2.727950 0.354495 1.177704
v -2.727950 0.354495 1.177704
v -2.727950 0.354495 1.177704
v -2.727950 0.354495 1.177704
v -2.727950 0.354495 1.177704
v -0.865316 1.037956 2.666450
v -0.865316 1.037956 2.666450
v -0.865316 1.037956 2.666450
v -0.865316 1.037956 2.666450
v -0.460817 1.557388 2.519806
v -0.460817 1.557388 2.519806
v -0.460817 1.557388 2.519806
v -0.460817 1.557388 2.519806
v -0.460817 1.557388 2.519806
v -0.885907 0.836695 2.729779
v -0.885907 0.836695 2.729779
v -0.885907 0.836695 2.729779
v -0.885907 0.836695 2.729779
v -0.817757 0.938332 2.718342
v -0.817757 0.938332 2.718342
v -0.817757 0.938332 2.718342
v -0.817757 0.938332 2.718342
v -0.817757 0.938332 2.718342
v -0.508612 1.203283 2.691746
v -0.508612 1.203283 2.691746
v -0.508612 1.203283 2.691746
v -0.508612 1.203283 2.691746
v -0.508612 1.203283 2.691746
v -0.508612 1.203283 2.691746
v -0.508612 1.203283 2.691746
v -0.562028 0.769265 2.836583
v -0.562028 0.769265 2.836583
v -0.562028 0.769265 2.836583
v -0.562028 0.769265 2.836583
v -0.562028 0.769265 2.836583
v -0.562028 0.769265 2.836583
v -0.668428 0.402798 2.891111
v -0.668428 0.402798 2.891111
v -0.668428 0.402798 2.891111
v -0.668428 0.402798 2.891111
v -0.668428 0.402798 2.891111
v -0.222854 0.941739 2.831698
v -0.222854 0.941739 2.831698
v -0.222854 0.941739 2.831698
v -0.222854 0.941739 2.831698
v -0.222854 0.941739 2.831698
v -0.222854 0.941739 2.831698
v -0.040257 1.266909 2.710729
v -0.040257 1.266909 2.710729
v -0.040257 1.266909 2.710729
v -0.040257 1.266909 2.710729
v -0.040257 1.266909 2.710729
v -0.040257 1.266909 2.710729
v -0.566428 0.208767 2.933208
v -0.566428 0.208767 2.933208
v -0.566428 0.208767 2.933208
v -0.566428 0.208767 2.933208
v -0.206133 0.511376 2.941017
v -0.206133 0.511376 2.941017
v -0.206133 0.511376 2.941017
v -0.206133 0.511376 2.941017
v -0.206133 0.511376 2.941017
v -0.206133 0.511376 2.941017
v -0.206133 0.511376 2.941017
v 0.260587 0.961294 2.821198
v 0.260587 0.961294 2.821198
v 0.260587 0.961294 2.821198
v 0.260587 0.961294 2.821198
v 0.260587 0.961294 2.821198
v 0.260587 0.961294 2.821198
v 0.363267 1.205172 2.714456
v 0.363267 1.205172 2.714456
v 0.363267 1.205172 2.714456
v 0.363267 1.205172 2.714456
v 0.363267 1.205172 2.714456
v 0.221653 0.636355 2.917918
v 0.221653 0.636355 2.917918
v 0.221653 0.636355 2.917918
v 0.221653 0.636355 2.917918
v 0.221653 0.636355 2.917918
v 0.221653 0.636355 2.917918
v 0.221653 0.636355 2.917918
v -0.038542 0.301013 2.974169
v -0.038542 0.301013 2.974169
v -0.038542 0.301013 2.974169
v -0.038542 0.301013 2.974169
v -0.038542 0.301013 2.974169
v -0.101487 0.201170 2.979388
v -0.101487 0.201170 2.979388
v -0.101487 0.201170 2.979388
v -0.101487 0.201170 2.979388
v 0.674722 1.120934 2.690635
v 0.674722 1.120934 2.690635
v 0.674722 1.120934 2.690635
v 0.674722 1.120934 2.690635
v 0.674722 1.120934 2.690635
v 0.674722 1.120934 2.690635
v 0.674722 1.120934 2.690635
v 0.180648 0.293875 2.969692
v 0.180648 0.293875 2.969692
v 0.180648 0.293875 2.969692
v 0.180648 0.293875 2.969692
v 0.180648 0.293875 2.969692
v 1.330907 1.036895 2.474728
v 1.330907 1.036895 2.474728
v 1.330907 1.036895 2.474728
v 1.330907 1.036895 2.474728
v 1.330907 1.036895 2.474728
v 1.330907 1.036895 2.474728
v 1.330907 1.036895 2.474728
v 1.521511 0.978969 2.383824
v 1.521511 0.978969 2.383824
v 1.521511 0.978969 2.383824
v 1.521511 0.978969 2.383824
v 1.521511 0.978969 2.383824
v 1.521511 0.978969 2.383824
v 1.436039 1.414916 2.209038
v 1.436039 1.414916 2.209038
v 1.436039 1.414916 2.209038
v 1.436039 1.414916 2.209038
v 1.436039 1.414916 2.209038
v 1.436039 1.414916 2.209038
v 1.436039 1.414916 2.209038
v 1.517825 1.430289 2.141080
v 1.517825 1.430289 2.141080
v 1.517825 1.430289 2.141080
v 1.517825 1.430289 2.141080
v 1.517825 1.430289 2.141080
v 1.805102 1.107882 2.115012
v 1.805102 1.107882 2.115012
v 1.805102 1.107882 2.115012
v 1.805102 1.107882 2.115012
v 1.805102 1.107882 2.115012
v 1.805102 1.107882 2.115012
v 1.715280 1.096503 2.188618
v 1.715280 1.096503 2.188618
v 1.715280 1.096503 2.188618
v 1.715280 1.096503 2.188618
v 1.840993 0.803975 2.220327
v 1.840993 0.803975 2.220327
v 1.840993 0.803975 2.220327
v 1.840993 0.803975 2.220327
v 1.840993 0.803975 2.220327
v 1.697662 0.996711 2.247722
v 1.697662 0.996711 2.247722
v 1.697662 0.996711 2.247722
v 1.697662 0.996711 2.247722
v 1.788750 1.007481 2.176621
v 1.788750 1.007481 2.176621
v 1.788750 1.007481 2.176621
v 1.788750 1.007481 2.176621
v 2.053124 1.153701 1.846269
v 2.053124 1.153701 1.846269
v 2.053124 1.153701 1.846269
v 2.053124 1.153701 1.846269
v 2.053124 1.153701 1.846269
v 2.053124 1.153701 1.846269
v 2.053124 1.153701 1.846269
v 2.053124 1.153701 1.846269
v 2.053124 1.153701 1.846269
v 2.020394 0.516451 2.145742
v 2.020394 0.516451 2.145742
v 2.020394 0.516451 2.145742
v 2.020394 0.516451 2.145742
v 2.020394 0.516451 2.145742
v 2.020394 0.516451 2.145742
v 2.066500 1.406924 1.647827
v 2.066500 1.406924 1.647827
v 2.066500 1.406924 1.647827
v 2.066500 1.406924 1.647827
v 2.066500 1.406924 1.647827
v 2.066500 1.406924 1.647827
v 2.045390 0.623372 2.089039
v 2.045390 0.623372 2.089039
v 2.045390 0.623372 2.089039
v 2.045390 0.623372 2.089039
v 2.153214 0.732517 1.944875
v 2.153214 0.732517 1.944875
v 2.153214 0.732517 1.944875
v 2.153214 0.732517 1.944875
v 2.153214 0.732517 1.944875
v 2.153214 0.732517 1.944875
v 2.153214 0.732517 1.944875
v 2.134386 1.316525 1.624448
v 2.134386 1.316525 1.624448
v 2.134386 1.316525 1.624448
v 2.134386 1.316525 1.624448
v 2.134386 1.316525 1.624448
v 2.201626 1.405068 1.453358
v 2.201626 1.405068 1.453358
v 2.201626 1.405068 1.453358
v 2.201626 1.405068 1.453358
v 2.201626 1.405068 1.453358
v 2.148326 0.104033 2.085807
v 2.148326 0.104033 2.085807
v 2.148326 0.104033 2.085807
v 2.148326 0.104033 2.085807
v 2.148326 0.104033 2.085807
v 2.148326 0.104033 2.085807
v 2.148326 0.104033 2.085807
v 2.128710 0.625265 2.001344
v 2.128710 0.625265 2.001344
v 2.128710 0.625265 2.001344
v 2.247327 0.837753 1.785036
v 2.247327 0.837753 1.785036
v 2.247327 0.837753 1.785036
v 2.247327 0.837753 1.785036
v 2.276419 1.226746 1.506041
v 2.276419 1.226746 1.506041
v 2.276419 1.226746 1.506041
v 2.276419 1.226746 1.506041
v 2.276419 1.226746 1.506041
v 2.276419 1.226746 1.506041
v 2.276419 1.226746 1.506041
v 2.276419 1.226746 1.506041
v 2.276419 1.226746 1.506041
v 2.203832 1.317480 1.528102
v 2.203832 1.317480 1.528102
v 2.203832 1.317480 1.528102
v 2.018929 0.000144 2.202641
v 2.018929 0.000144 2.202641
v 2.018929 0.000144 2.202641
v 2.018929 0.000144 2.202641
v 2.018929 0.000144 2.202641
v 2.018929 0.000144 2.202641
v 2.194479 0.524662 1.975216
v 2.194479 0.524662 1.975216
v 2.194479 0.524662 1.975216
v 2.194479 0.524662 1.975216
v 2.194479 0.524662 1.975216
v 2.194479 0.524662 1.975216
v 2.194479 0.524662 1.975216
v 2.210798 0.629671 1.909804
v 2.210798 0.629671 1.909804
v 2.210798 0.629671 1.909804
v 2.321136 0.839104 1.687186
v 2.321136 0.839104 1.687186
v 2.321136 0.839104 1.687186
v 2.321136 0.839104 1.687186
v 2.321136 0.839104 1.687186
v 2.270647 1.315621 1.428994
v 2.270647 1.315621 1.428994
v 2.270647 1.315621 1.428994
v 2.334254 1.312250 1.329125
v 2.334254 1.312250 1.329125
v 2.334254 1.312250 1.329125
v 2.334254 1.312250 1.329125
v 2.334254 1.312250 1.329125
v 2.334254 1.312250 1.329125
v 2.357797 1.443581 1.142259
v 2.357797 1.443581 1.142259
v 2.357797 1.443581 1.142259
v 2.357797 1.443581 1.142259
v 2.357797 1.443581 1.142259
v 2.357797 1.443581 1.142259
v 2.357797 1.443581 1.142259
v 2.104052 -0.001042 2.121451
v 2.104052 -0.001042 2.121451
v 2.104052 -0.001042 2.121451
v 2.228745 0.104821 1.994402
v 2.228745 0.104821 1.994402
v 2.228745 0.104821 1.994402
v 2.228745 0.104821 1.994402
v 2.288399 0.630186 1.814893
v 2.288399 0.630186 1.814893
v 2.288399 0.630186 1.814893
v 2.288399 0.630186 1.814893
v 2.329398 0.938712 1.618637
v 2.329398 0.938712 1.618637
v 2.329398 0.938712 1.618637
v 2.329398 0.938712 1.618637
v 2.340373 1.222827 1.404171
v 2.340373 1.222827 1.404171
v 2.340373 1.222827 1.404171
v 2.344023 0.525043 1.779503
v 2.344023 0.525043 1.779503
v 2.344023 0.525043 1.779503
v 2.344023 0.525043 1.779503
v 2.398231 0.936824 1.516084
v 2.398231 0.936824 1.516084
v 2.398231 0.936824 1.516084
v 2.398231 0.936824 1.516084
v 2.403277 1.127242 1.374644
v 2.403277 1.127242 1.374644
v 2.403277 1.127242 1.374644
v 2.403277 1.127242 1.374644
v 2.399834 1.219003 1.300197
v 2.399834 1.219003 1.300197
v 2.399834 1.219003 1.300197
v 2.399834 1.219003 1.300197
v 2.509301 1.205087 1.093889
v 2.509301 1.205087 1.093889
v 2.509301 1.205087 1.093889
v 2.509301 1.205087 1.093889
v 2.509301 1.205087 1.093889
v 2.617293 1.099665 0.957637
v 2.617293 1.099665 0.957637
v 2.617293 1.099665 0.957637
v 2.617293 1.099665 0.957637
v 2.617293 1.099665 0.957637
v 2.617293 1.099665 0.957637
v 2.617293 1.099665 0.957637
v 2.567099 1.106771 1.062036
v 2.567099 1.106771 1.062036
v 2.567099 1.106771 1.062036
v 2.129269 -0.754925 1.957688
v 2.129269 -0.754925 1.957688
v 2.129269 -0.754925 1.957688
v 2.129269 -0.754925 1.957688
v 2.129269 -0.754925 1.957688
v 2.129269 -0.754925 1.957688
v 2.230363 -0.583766 1.902668
v 2.230363 -0.583766 1.902668
v 2.230363 -0.583766 1.902668
v 2.271336 -0.758508 1.788976
v 2.271336 -0.758508 1.788976
v 2.271336 -0.758508 1.788976
v 2.271336 -0.758508 1.788976
v 2.694381 1.167491 0.582713
v 2.694381 1.167491 0.582713
v 2.694381 1.167491 0.582713
v 2.694381 1.167491 0.582713
v 2.694381 1.167491 0.582713
v 2.694381 1.167491 0.582713
v 2.166672 -0.919116 1.841850
v 2.166672 -0.919116 1.841850
v 2.166672 -0.919116 1.841850
v 2.166672 -0.919116 1.841850
v 2.166672 -0.919116 1.841850
v 2.782605 0.739404 0.823565
v 2.782605 0.739404 0.823565
v 2.782605 0.739404 0.823565
v 2.782605 0.739404 0.823565
v 2.782605 0.739404 0.823565
v 2.782605 0.739404 0.823565
v 2.782605 0.739404 0.823565
v 2.782605 0.739404 0.823565
v 2.782605 0.739404 0.823565
v 2.180788 -0.996456 1.782947
v 2.180788 -0.996456 1.782947
v 2.180788 -0.996456 1.782947
v 2.180788 -0.996456 1.782947
v 2.860905 0.491289 0.725072
v 2.860905 0.491289 0.725072
v 2.860905 0.491289 0.725072
v 2.809110 0.996384 0.266707
v 2.809110 0.996384 0.266707
v 2.809110 0.996384 0.266707
v 2.809110 0.996384 0.266707
v 2.809110 0.996384 0.266707
v 2.809110 0.996384 0.266707
v 2.809110 0.996384 0.266707
v 2.838141 0.762723 0.539362
v 2.838141 0.762723 0.539362
v 2.838141 0.762723 0.539362
v 2.838141 0.762723 0.539362
v 2.823764 0.850696 0.478775
v 2.823764 0.850696 0.478775
v 2.823764 0.850696 0.478775
v 2.823764 0.850696 0.478775
v 2.823764 0.850696 0.478775
v 2.789963 1.072857 0.105577
v 2.789963 1.072857 0.105577
v 2.789963 1.072857 0.105577
v 2.789963 1.072857 0.105577
v 2.789963 1.072857 0.105577
v 2.789963 1.072857 0.105577
v 2.789963 1.072857 0.105577
v 1.672413 -0.201787 -2.472241
v 1.672413 -0.201787 -2.472241
v 1.672413 -0.201787 -2.472241
v 1.672413 -0.201787 -2.472241
v 1.672413 -0.201787 -2.472241
v 1.672413 -0.201787 -2.472241
v 1.760813 -0.398374 -2.382946
v 1.760813 -0.398374 -2.382946
v 1.760813 -0.398374 -2.382946
v 1.760813 -0.398374 -2.382946
v 1.760813 -0.398374 -2.382946
v 1.666685 -0.403087 -2.446898
v 1.666685 -0.403087 -2.446898
v 1.666685 -0.403087 -2.446898
v 1.666685 -0.403087 -2.446898
v 1.614912 -0.506474 -2.462342
v 1.614912 -0.506474 -2.462342
v 1.614912 -0.506474 -2.462342
v 1.614912 -0.506474 -2.462342
v 1.516848 -0.511377 -2.522949
v 1.516848 -0.511377 -2.522949
v 1.516848 -0.511377 -2.522949
v 1.755825 -0.603597 -2.357030
v 1.755825 -0.603597 -2.357030
v 1.755825 -0.603597 -2.357030
v 1.755825 -0.603597 -2.357030
v 1.929295 -0.862001 -2.112437
v 1.929295 -0.862001 -2.112437
v 1.929295 -0.862001 -2.112437
v 1.929295 -0.862001 -2.112437
v 1.847686 -0.874573 -2.179183
v 1.847686 -0.874573 -2.179183
v 1.847686 -0.874573 -2.179183
v 1.847686 -0.874573 -2.179183
v 1.847686 -0.874573 -2.179183
v 1.943834 -1.149806 -1.963808
v 1.943834 -1.149806 -1.963808
v 1.943834 -1.149806 -1.963808
v 1.943834 -1.149806 -1.963808
v 1.943834 -1.149806 -1.963808
v 1.943834 -1.149806 -1.963808
v 1.943834 -1.149806 -1.963808
v 1.943834 -1.149806 -1.963808
v 1.668887 -1.153871 -2.199374
v 1.668887 -1.153871 -2.199374
v 1.668887 -1.153871 -2.199374
v 1.668887 -1.153871 -2.199374
v 1.668887 -1.153871 -2.199374
v 1.668887 -1.153871 -2.199374
v 1.668887 -1.153871 -2.199374
v 1.453894 -1.107852 -2.367188
v 1.453894 -1.107852 -2.367188
v 1.453894 -1.107852 -2.367188
v 1.453894 -1.107852 -2.367188
v 1.453894 -1.107852 -2.367188
v 1.352576 -1.117677 -2.423655
v 1.352576 -1.117677 -2.423655
v 1.352576 -1.117677 -2.423655
v 1.148844 -1.399525 -2.387751
v 1.148844 -1.399525 -2.387751
v 1.148844 -1.399525 -2.387751
v 1.148844 -1.399525 -2.387751
v 1.148844 -1.399525 -2.387751
v 1.148844 -1.399525 -2.387751
v 1.711050 -1.440367 -1.986285
v 1.711050 -1.440367 -1.986285
v 1.711050 -1.440367 -1.986285
v 1.711050 -1.440367 -1.986285
v 1.711050 -1.440367 -1.986285
v 1.711050 -1.440367 -1.986285
v 1.391788 -1.588893 -2.119843
v 1.391788 -1.588893 -2.119843
v 1.391788 -1.588893 -2.119843
v 1.391788 -1.588893 -2.119843
v 1.391788 -1.588893 -2.119843
v 1.391788 -1.588893 -2.119843
v 1.391788 -1.588893 -2.119843
v 1.391788 -1.588893 -2.119843
v 1.178214 -1.476832 -2.314819
v 1.178214 -1.476832 -2.314819
v 1.178214 -1.476832 -2.314819
v 1.178214 -1.476832 -2.314819
v -2.609524 0.576667 1.336223
v -2.609524 0.576667 1.336223
v -2.609524 0.576667 1.336223
v -2.609524 0.576667 1.336223
v -2.598973 0.487887 1.391049
v -2.598973 0.487887 1.391049
v -2.598973 0.487887 1.391049
v -2.598973 0.487887 1.391049
v -2.598973 0.487887 1.391049
v -2.542707 0.490819 1.490458
v -2.542707 0.490819 1.490458
v -2.542707 0.490819 1.490458
v -2.529688 0.397050 1.548030
v -2.529688 0.397050 1.548030
v -2.529688 0.397050 1.548030
v -2.529688 0.397050 1.548030
v -2.529688 0.397050 1.548030
v -2.529688 0.397050 1.548030
v -2.529688 0.397050 1.548030
v -2.462701 0.397387 1.644629
v -2.462701 0.397387 1.644629
v -2.462701 0.397387 1.644629
v -2.462701 0.397387 1.644629
v -2.457800 0.023542 1.710477
v -2.457800 0.023542 1.710477
v -2.457800 0.023542 1.710477
v -2.457800 0.023542 1.710477
v -2.457800 0.023542 1.710477
v -2.457800 0.023542 1.710477
v -2.457800 0.023542 1.710477
v -2.457800 0.023542 1.710477
v -2.457800 0.023542 1.710477
v -2.439900 0.301564 1.698086
v -2.439900 0.301564 1.698086
v -2.439900 0.301564 1.698086
v -2.439900 0.301564 1.698086
v -2.373226 0.301542 1.797140
v -2.373226 0.301542 1.797140
v -2.373226 0.301542 1.797140
v -2.373226 0.301542 1.797140
v -2.644922 -0.109685 1.396202
v -2.644922 -0.109685 1.396202
v -2.644922 -0.109685 1.396202
v -2.644922 -0.109685 1.396202
v -2.644922 -0.109685 1.396202
v -2.644922 -0.109685 1.396202
v -2.267531 -0.001064 1.945729
v -2.267531 -0.001064 1.945729
v -2.267531 -0.001064 1.945729
v -2.267531 -0.001064 1.945729
v -2.146866 -0.104325 2.082193
v -2.146866 -0.104325 2.082193
v -2.146866 -0.104325 2.082193
v -2.146866 -0.104325 2.082193
v -2.146866 -0.104325 2.082193
v -2.146866 -0.104325 2.082193
v -2.737427 -0.330414 1.162396
v -2.737427 -0.330414 1.162396
v -2.737427 -0.330414 1.162396
v -2.737427 -0.330414 1.162396
v -2.737427 -0.330414 1.162396
v -2.737427 -0.330414 1.162396
v -2.008957 -0.205431 2.202163
v -2.008957 -0.205431 2.202163
v -2.008957 -0.205431 2.202163
v -2.008957 -0.205431 2.202163
v -1.746757 -0.199219 2.420744
v -1.746757 -0.199219 2.420744
v -1.746757 -0.199219 2.420744
v -1.746757 -0.199219 2.420744
v -2.171927 -0.634578 1.964506
v -2.171927 -0.634578 1.964506
v -2.171927 -0.634578 1.964506
v -2.171927 -0.634578 1.964506
v -2.171927 -0.634578 1.964506
v -2.171927 -0.634578 1.964506
v -2.171927 -0.634578 1.964506
v -2.004035 -0.558059 2.152802
v -2.004035 -0.558059 2.152802
v -2.004035 -0.558059 2.152802
v -2.004035 -0.558059 2.152802
v -2.004035 -0.558059 2.152802
v -2.004035 -0.558059 2.152802
v -2.004035 -0.558059 2.152802
v -1.695767 -0.298325 2.454326
v -1.695767 -0.298325 2.454326
v -1.695767 -0.298325 2.454326
v -1.695767 -0.298325 2.454326
v -2.796460 -0.550731 0.907798
v -2.796460 -0.550731 0.907798
v -2.796460 -0.550731 0.907798
v -2.796460 -0.550731 0.907798
v -2.796460 -0.550731 0.907798
v -2.796460 -0.550731 0.907798
v -2.517949 -0.407435 1.569615
v -2.517949 -0.407435 1.569615
v -2.517949 -0.407435 1.569615
v -2.517949 -0.407435 1.569615
v -2.517949 -0.407435 1.569615
v -2.517949 -0.407435 1.569615
v -2.429101 -0.713502 1.597269
v -2.429101 -0.713502 1.597269
v -2.429101 -0.713502 1.597269
v -2.429101 -0.713502 1.597269
v -2.429101 -0.713502 1.597269
v -2.789983 -0.784968 0.742902
v -2.789983 -0.784968 0.742902
v -2.789983 -0.784968 0.742902
v -2.789983 -0.784968 0.742902
v -2.669233 -0.717399 1.145988
v -2.669233 -0.717399 1.145988
v -2.669233 -0.717399 1.145988
v -2.669233 -0.717399 1.145988
v -2.669233 -0.717399 1.145988
v -2.669233 -0.717399 1.145988
v -2.669233 -0.717399 1.145988
v -2.669233 -0.717399 1.145988
v -2.753271 -0.794628 0.846012
v -2.753271 -0.794628 0.846012
v -2.753271 -0.794628 0.846012
v -2.753271 -0.794628 0.846012
v -2.753271 -0.794628 0.846012
v -2.203316 -1.067918 1.722597
v -2.203316 -1.067918 1.722597
v -2.203316 -1.067918 1.722597
v -2.203316 -1.067918 1.722597
v -2.203316 -1.067918 1.722597
v -2.203316 -1.067918 1.722597
v -1.823188 -1.205038 2.054010
v -1.823188 -1.205038 2.054010
v -1.823188 -1.205038 2.054010
v -1.823188 -1.205038 2.054010
v -1.823188 -1.205038 2.054010
v -1.823188 -1.205038 2.054010
v -1.823188 -1.205038 2.054010
v -1.832704 -0.812575 2.215503
v -1.832704 -0.812575 2.215503
v -1.832704 -0.812575 2.215503
v -1.832704 -0.812575 2.215503
v -1.832704 -0.812575 2.215503
v -2.710142 -0.895317 0.883808
v -2.710142 -0.895317 0.883808
v -2.710142 -0.895317 0.883808
v -2.710142 -0.895317 0.883808
v -2.673687 -0.907136 0.990781
v -2.673687 -0.907136 0.990781
v -2.673687 -0.907136 0.990781
v -2.673687 -0.907136 0.990781
v -2.673687 -0.907136 0.990781
v -2.673687 -0.907136 0.990781
v -2.673687 -0.907136 0.990781
v -2.382133 -1.148524 1.404424
v -2.382133 -1.148524 1.404424
v -2.382133 -1.148524 1.404424
v -2.382133 -1.148524 1.404424
v -2.382133 -1.148524 1.404424
v -2.382133 -1.148524 1.404424
v -1.769774 -0.907473 2.235538
v -1.769774 -0.907473 2.235538
v -1.769774 -0.907473 2.235538
v -2.662027 -0.997232 0.920254
v -2.662027 -0.997232 0.920254
v -2.662027 -0.997232 0.920254
v -2.609953 -1.095744 0.956627
v -2.609953 -1.095744 0.956627
v -2.609953 -1.095744 0.956627
v -2.609953 -1.095744 0.956627
v -2.609953 -1.095744 0.956627
v -2.401609 -1.314699 1.218133
v -2.401609 -1.314699 1.218133
v -2.401609 -1.314699 1.218133
v -2.401609 -1.314699 1.218133
v -2.401609 -1.314699 1.218133
v -2.401609 -1.314699 1.218133
v -2.401609 -1.314699 1.218133
v -2.401609 -1.314699 1.218133
v -2.401609 -1.314699 1.218133
v -2.401609 -1.314699 1.218133
v -2.578638 -1.187845 0.937490
v -2.578638 -1.187845 0.937490
v -2.578638 -1.187845 0.937490
v -2.578638 -1.187845 0.937490
v -1.979174 -1.217838 1.879726
v -1.979174 -1.217838 1.879726
v -1.979174 -1.217838 1.879726
v -1.979174 -1.217838 1.879726
v -2.544584 -1.276694 0.922289
v -2.544584 -1.276694 0.922289
v -2.544584 -1.276694 0.922289
v -2.544584 -1.276694 0.922289
v -1.992734 -1.586345 1.577299
v -1.992734 -1.586345 1.577299
v -1.992734 -1.586345 1.577299
v -1.992734 -1.586345 1.577299
v -1.992734 -1.586345 1.577299
v -1.992734 -1.586345 1.577299
v -1.992734 -1.586345 1.577299
v -2.510410 -1.354469 0.902333
v -2.510410 -1.354469 0.902333
v -2.510410 -1.354469 0.902333
v -2.510410 -1.354469 0.902333
v -2.464195 -1.444683 0.881701
v -2.464195 -1.444683 0.881701
v -2.464195 -1.444683 0.881701
v -2.464195 -1.444683 0.881701
v 0.953679 1.303479 2.519924
v 0.953679 1.303479 2.519924
v 0.953679 1.303479 2.519924
v 0.953679 1.303479 2.519924
v 0.953679 1.303479 2.519924
v 0.953679 1.303479 2.519924
v 0.953679 1.303479 2.519924
v 0.953679 1.303479 2.519924
v 0.953679 1.303479 2.519924
v 0.953679 1.303479 2.519924
v 0.953679 1.303479 2.519924
v 1.086606 0.973053 2.612030
v 1.086606 0.973053 2.612030
v 1.086606 0.973053 2.612030
v 1.086606 0.973053 2.612030
v 1.086606 0.973053 2.612030
v 1.218139 0.563469 2.673431
v 1.218139 0.563469 2.673431
v 1.218139 0.563469 2.673431
v 1.218139 0.563469 2.673431
v 1.218139 0.563469 2.673431
v 1.218139 0.563469 2.673431
v 0.562911 0.324849 2.921443
v 0.562911 0.324849 2.921443
v 0.562911 0.324849 2.921443
v 0.562911 0.324849 2.921443
v 0.562911 0.324849 2.921443
v 0.562911 0.324849 2.921443
v 0.562911 0.324849 2.921443
v 0.922490 0.404136 2.817397
v 0.922490 0.404136 2.817397
v 0.922490 0.404136 2.817397
v 0.922490 0.404136 2.817397
v 0.922490 0.404136 2.817397
v 1.546751 0.445388 2.524581
v 1.546751 0.445388 2.524581
v 1.546751 0.445388 2.524581
v 1.546751 0.445388 2.524581
v 1.546751 0.445388 2.524581
v 1.546751 0.445388 2.524581
v 1.546751 0.445388 2.524581
v 0.292391 0.300159 2.957827
v 0.292391 0.300159 2.957827
v 0.292391 0.300159 2.957827
v 0.292391 0.300159 2.957827
v 1.360999 0.045265 2.668082
v 1.360999 0.045265 2.668082
v 1.360999 0.045265 2.668082
v 1.360999 0.045265 2.668082
v 1.360999 0.045265 2.668082
v 1.360999 0.045265 2.668082
v 1.360999 0.045265 2.668082
v 1.360999 0.045265 2.668082
v 0.497346 -0.073236 2.951696
v 0.497346 -0.073236 2.951696
v 0.497346 -0.073236 2.951696
v 0.497346 -0.073236 2.951696
v 0.497346 -0.073236 2.951696
v 0.864871 -0.052618 2.866679
v 0.864871 -0.052618 2.866679
v 0.864871 -0.052618 2.866679
v 0.864871 -0.052618 2.866679
v 0.864871 -0.052618 2.866679
v 0.864871 -0.052618 2.866679
v 1.053181 -0.322958 2.781574
v 1.053181 -0.322958 2.781574
v 1.053181 -0.322958 2.781574
v 1.053181 -0.322958 2.781574
v 1.053181 -0.322958 2.781574
v 1.761353 -0.100570 2.417413
v 1.761353 -0.100570 2.417413
v 1.761353 -0.100570 2.417413
v 1.761353 -0.100570 2.417413
v 1.761353 -0.100570 2.417413
v 1.761353 -0.100570 2.417413
v 1.761353 -0.100570 2.417413
v 1.454036 -0.413076 2.582308
v 1.454036 -0.413076 2.582308
v 1.454036 -0.413076 2.582308
v 1.454036 -0.413076 2.582308
v 1.454036 -0.413076 2.582308
v 1.454036 -0.413076 2.582308
v 0.732338 -0.524771 2.850950
v 0.732338 -0.524771 2.850950
v 0.732338 -0.524771 2.850950
v 0.732338 -0.524771 2.850950
v 0.732338 -0.524771 2.850950
v 0.732338 -0.524771 2.850950
v 1.725657 -0.581979 2.373824
v 1.725657 -0.581979 2.373824
v 1.725657 -0.581979 2.373824
v 1.725657 -0.581979 2.373824
v 1.725657 -0.581979 2.373824
v 1.725657 -0.581979 2.373824
v 1.846346 -0.393601 2.315978
v 1.846346 -0.393601 2.315978
v 1.846346 -0.393601 2.315978
v 1.846346 -0.393601 2.315978
v 1.846346 -0.393601 2.315978
v 1.952549 -0.674502 2.163340
v 1.952549 -0.674502 2.163340
v 1.952549 -0.674502 2.163340
v 1.952549 -0.674502 2.163340
v 1.952549 -0.674502 2.163340
v 0.534245 -0.831926 2.824955
v 0.534245 -0.831926 2.824955
v 0.534245 -0.831926 2.824955
v 0.534245 -0.831926 2.824955
v 1.028514 -0.698412 2.723193
v 1.028514 -0.698412 2.723193
v 1.028514 -0.698412 2.723193
v 1.028514 -0.698412 2.723193
v 1.028514 -0.698412 2.723193
v 1.028514 -0.698412 2.723193
v 1.028514 -0.698412 2.723193
v 1.455017 -0.816400 2.485868
v 1.455017 -0.816400 2.485868
v 1.455017 -0.816400 2.485868
v 1.455017 -0.816400 2.485868
v 1.455017 -0.816400 2.485868
v 1.455017 -0.816400 2.485868
v 0.683759 -1.133880 2.688083
v 0.683759 -1.133880 2.688083
v 0.683759 -1.133880 2.688083
v 0.683759 -1.133880 2.688083
v 0.683759 -1.133880 2.688083
v 0.683759 -1.133880 2.688083
v 1.763655 -0.885520 2.245727
v 1.763655 -0.885520 2.245727
v 1.763655 -0.885520 2.245727
v 1.763655 -0.885520 2.245727
v 1.763655 -0.885520 2.245727
v 1.763655 -0.885520 2.245727
v 1.284523 -1.142663 2.451140
v 1.284523 -1.142663 2.451140
v 1.284523 -1.142663 2.451140
v 1.284523 -1.142663 2.451140
v 1.284523 -1.142663 2.451140
v 1.284523 -1.142663 2.451140
v 1.284523 -1.142663 2.451140
v 1.284523 -1.142663 2.451140
v 1.848223 -0.873305 2.179246
v 1.848223 -0.873305 2.179246
v 1.848223 -0.873305 2.179246
v 1.645181 -1.085422 2.251172
v 1.645181 -1.085422 2.251172
v 1.645181 -1.085422 2.251172
v 1.645181 -1.085422 2.251172
v 1.645181 -1.085422 2.251172
v 1.645181 -1.085422 2.251172
v 1.645181 -1.085422 2.251172
v 1.953611 -0.945236 2.053688
v 1.953611 -0.945236 2.053688
v 1.953611 -0.945236 2.053688
v 1.977388 -1.027909 1.995096
v 1.977388 -1.027909 1.995096
v 1.977388 -1.027909 1.995096
v 1.977388 -1.027909 1.995096
v 1.977388 -1.027909 1.995096
v 1.977388 -1.027909 1.995096
v 1.977388 -1.027909 1.995096
v 1.977388 -1.027909 1.995096
v 1.977388 -1.027909 1.995096
v 0.612287 -1.224972 2.657084
v 0.612287 -1.224972 2.657084
v 0.612287 -1.224972 2.657084
v 0.612287 -1.224972 2.657084
v 0.921784 -1.270226 2.545952
v 0.921784 -1.270226 2.545952
v 0.921784 -1.270226 2.545952
v 0.921784 -1.270226 2.545952
v 0.921784 -1.270226 2.545952
v 1.673557 -1.169932 2.189115
v 1.673557 -1.169932 2.189115
v 1.673557 -1.169932 2.189115
v 1.863172 -1.215687 1.996381
v 1.863172 -1.215687 1.996381
v 1.863172 -1.215687 1.996381
v 1.863172 -1.215687 1.996381
v 2.025002 -1.250944 1.812282
v 2.025002 -1.250944 1.812282
v 2.025002 -1.250944 1.812282
v 2.025002 -1.250944 1.812282
v 2.025002 -1.250944 1.812282
v 1.515511 -1.275826 2.239271
v 1.515511 -1.275826 2.239271
v 1.515511 -1.275826 2.239271
v 1.515511 -1.275826 2.239271
v 1.515511 -1.275826 2.239271
v 1.608413 -1.262679 2.180483
v 1.608413 -1.262679 2.180483
v 1.608413 -1.262679 2.180483
v 1.608413 -1.262679 2.180483
v 0.868122 -1.733865 2.288100
v 0.868122 -1.733865 2.288100
v 0.868122 -1.733865 2.288100
v 0.868122 -1.733865 2.288100
v 0.868122 -1.733865 2.288100
v 1.068730 -1.491581 2.364177
v 1.068730 -1.491581 2.364177
v 1.068730 -1.491581 2.364177
v 1.068730 -1.491581 2.364177
v 1.068730 -1.491581 2.364177
v 1.068730 -1.491581 2.364177
v 1.068730 -1.491581 2.364177
v 1.311525 -1.542976 2.201610
v 1.311525 -1.542976 2.201610
v 1.311525 -1.542976 2.201610
v 1.311525 -1.542976 2.201610
v 1.311525 -1.542976 2.201610
v 1.879841 -1.288638 1.932189
v 1.879841 -1.288638 1.932189
v 1.879841 -1.288638 1.932189
v 2.789404 1.070945 -0.000267
v 2.789404 1.070945 -0.000267
v 2.789404 1.070945 -0.000267
v 2.812630 0.995691 0.159165
v 2.812630 0.995691 0.159165
v 2.812630 0.995691 0.159165
v 2.858150 0.840553 -0.274717
v 2.858150 0.840553 -0.274717
v 2.858150 0.840553 -0.274717
v 2.858150 0.840553 -0.274717
v 2.858150 0.840553 -0.274717
v 2.922080 0.582287 -0.344821
v 2.922080 0.582287 -0.344821
v 2.922080 0.582287 -0.344821
v 2.922080 0.582287 -0.344821
v 2.922080 0.582287 -0.344821
v 2.922080 0.582287 -0.344821
v 2.897943 0.576850 0.452857
v 2.897943 0.576850 0.452857
v 2.897943 0.576850 0.452857
v 2.897943 0.576850 0.452857
v 2.896182 0.576914 -0.454472
v 2.896182 0.576914 -0.454472
v 2.896182 0.576914 -0.454472
v 2.896182 0.576914 -0.454472
v 2.907250 0.391597 0.574470
v 2.907250 0.391597 0.574470
v 2.907250 0.391597 0.574470
v 2.907250 0.391597 0.574470
v 2.903783 0.101247 -0.759001
v 2.903783 0.101247 -0.759001
v 2.903783 0.101247 -0.759001
v 2.903783 0.101247 -0.759001
v 2.947000 0.300365 0.411250
v 2.947000 0.300365 0.411250
v 2.947000 0.300365 0.411250
v 2.947000 0.300365 0.411250
v 2.947000 0.300365 0.411250
v 2.941610 0.396515 0.349889
v 2.941610 0.396515 0.349889
v 2.941610 0.396515 0.349889
v 2.926440 0.297530 0.524577
v 2.926440 0.297530 0.524577
v 2.926440 0.297530 0.524577
v 2.958311 0.300189 -0.294656
v 2.958311 0.300189 -0.294656
v 2.958311 0.300189 -0.294656
v 2.958311 0.300189 -0.294656
v 2.945847 0.298199 -0.410533
v 2.945847 0.298199 -0.410533
v 2.945847 0.298199 -0.410533
v 2.945847 0.298199 -0.410533
v 2.945847 0.298199 -0.410533
v 2.971467 0.202856 -0.238667
v 2.971467 0.202856 -0.238667
v 2.971467 0.202856 -0.238667
v 2.959705 0.201569 -0.356645
v 2.959705 0.201569 -0.356645
v 2.959705 0.201569 -0.356645
v 2.959705 0.201569 -0.356645
v 2.959705 0.201569 -0.356645
v 2.912568 -0.306387 -0.664591
v 2.912568 -0.306387 -0.664591
v 2.912568 -0.306387 -0.664591
v 2.912568 -0.306387 -0.664591
v 2.912568 -0.306387 -0.664591
v 2.912568 -0.306387 -0.664591
v 2.912568 -0.306387 -0.664591
v 2.938520 0.098676 -0.529370
v 2.938520 0.098676 -0.529370
v 2.938520 0.098676 -0.529370
v 2.938520 0.098676 -0.529370
v 2.919455 0.100242 -0.646688
v 2.919455 0.100242 -0.646688
v 2.919455 0.100242 -0.646688
v 2.919455 0.100242 -0.646688
v 2.919455 0.100242 -0.646688
v 2.919455 0.100242 -0.646688
v 2.919455 0.100242 -0.646688
v 2.866125 -0.200149 -0.826314
v 2.866125 -0.200149 -0.826314
v 2.866125 -0.200149 -0.826314
v 2.866125 -0.200149 -0.826314
v 2.869534 -0.304118 -0.774897
v 2.869534 -0.304118 -0.774897
v 2.869534 -0.304118 -0.774897
v 2.869534 -0.304118 -0.774897
v 2.869534 -0.304118 -0.774897
v 2.869534 -0.304118 -0.774897
v 2.770510 -0.293495 -1.089963
v 2.770510 -0.293495 -1.089963
v 2.770510 -0.293495 -1.089963
v 2.770510 -0.293495 -1.089963
v 2.770510 -0.293495 -1.089963
v 2.843015 -0.402544 -0.830776
v 2.843015 -0.402544 -0.830776
v 2.843015 -0.402544 -0.830776
v 2.843015 -0.402544 -0.830776
v 2.774648 -0.393974 -1.041713
v 2.774648 -0.393974 -1.041713
v 2.774648 -0.393974 -1.041713
v 2.774648 -0.393974 -1.041713
v 2.774648 -0.393974 -1.041713
v 2.737658 -0.488789 -1.092725
v 2.737658 -0.488789 -1.092725
v 2.737658 -0.488789 -1.092725
v 2.737658 -0.488789 -1.092725
v 2.545474 -1.045155 -1.171799
v 2.545474 -1.045155 -1.171799
v 2.545474 -1.045155 -1.171799
v 2.487532 -1.325585 -1.003782
v 2.487532 -1.325585 -1.003782
v 2.487532 -1.325585 -1.003782
v 2.487532 -1.325585 -1.003782
v 2.487532 -1.325585 -1.003782
v 2.255498 -1.402559 -1.381231
v 2.255498 -1.402559 -1.381231
v 2.255498 -1.402559 -1.381231
v 2.255498 -1.402559 -1.381231
v 2.255498 -1.402559 -1.381231
v 2.255498 -1.402559 -1.381231
v 2.255498 -1.402559 -1.381231
v 2.255498 -1.402559 -1.381231
v 2.255498 -1.402559 -1.381231
v 2.255498 -1.402559 -1.381231
v 1.970272 -1.539804 -1.641787
v 1.970272 -1.539804 -1.641787
v 1.970272 -1.539804 -1.641787
v 1.970272 -1.539804 -1.641787
v 1.970272 -1.539804 -1.641787
v 1.970272 -1.539804 -1.641787
v 1.970272 -1.539804 -1.641787
v 1.823193 -1.586418 -1.758006
v 1.823193 -1.586418 -1.758006
v 1.823193 -1.586418 -1.758006
v 1.823193 -1.586418 -1.758006
v 1.823193 -1.586418 -1.758006
v 1.775495 -1.668931 -1.729169
v 1.775495 -1.668931 -1.729169
v 1.775495 -1.668931 -1.729169
v 1.695221 -1.693605 -1.790513
v 1.695221 -1.693605 -1.790513
v 1.695221 -1.693605 -1.790513
v 1.695221 -1.693605 -1.790513
v 1.695221 -1.693605 -1.790513
v 1.695221 -1.693605 -1.790513
v 1.641019 -1.777367 -1.760110
v 1.641019 -1.777367 -1.760110
v 1.641019 -1.777367 -1.760110
v 1.641019 -1.777367 -1.760110
v 1.263124 -1.851473 -1.978331
v 1.263124 -1.851473 -1.978331
v 1.263124 -1.851473 -1.978331
v 1.263124 -1.851473 -1.978331
v 1.329384 -1.984627 -1.794912
v 1.329384 -1.984627 -1.794912
v 1.329384 -1.984627 -1.794912
v 1.296897 -1.920918 -1.888299
v 1.296897 -1.920918 -1.888299
v 1.296897 -1.920918 -1.888299
v 1.296897 -1.920918 -1.888299
v 1.296897 -1.920918 -1.888299
v 1.296897 -1.920918 -1.888299
v 1.109859 -1.562739 -2.297356
v 1.109859 -1.562739 -2.297356
v 1.109859 -1.562739 -2.297356
v 1.109859 -1.562739 -2.297356
v 1.260175 -2.065830 -1.752714
v 1.260175 -2.065830 -1.752714
v 1.260175 -2.065830 -1.752714
v 1.260175 -2.065830 -1.752714
v 1.193730 -1.934753 -1.938932
v 1.193730 -1.934753 -1.938932
v 1.193730 -1.934753 -1.938932
v 1.156449 -2.082417 -1.803846
v 1.156449 -2.082417 -1.803846
v 1.156449 -2.082417 -1.803846
v 1.156449 -2.082417 -1.803846
v 1.123110 -2.016232 -1.897666
v 1.123110 -2.016232 -1.897666
v 1.123110 -2.016232 -1.897666
v 1.123110 -2.016232 -1.897666
v 0.510112 -2.190152 -1.970179
v 0.510112 -2.190152 -1.970179
v 0.510112 -2.190152 -1.970179
v 0.510112 -2.190152 -1.970179
v 0.440356 -2.036524 -2.141585
v 0.440356 -2.036524 -2.141585
v 0.440356 -2.036524 -2.141585
v 0.440356 -2.036524 -2.141585
v 0.299747 -1.709030 -2.432508
v 0.299747 -1.709030 -2.432508
v 0.299747 -1.709030 -2.432508
v 0.392711 -2.183428 -2.001532
v 0.392711 -2.183428 -2.001532
v 0.392711 -2.183428 -2.001532
v 0.358411 -2.106884 -2.088140
v 0.358411 -2.106884 -2.088140
v 0.358411 -2.106884 -2.088140
v 0.358411 -2.106884 -2.088140
v 0.358411 -2.106884 -2.088140
v 0.358411 -2.106884 -2.088140
v 0.323546 -2.027958 -2.170359
v 0.323546 -2.027958 -2.170359
v 0.323546 -2.027958 -2.170359
v 0.323546 -2.027958 -2.170359
v 0.323546 -2.027958 -2.170359
v 0.323546 -2.027958 -2.170359
v 0.289182 -1.947147 -2.247825
v 0.289182 -1.947147 -2.247825
v 0.289182 -1.947147 -2.247825
v 0.254715 -1.864290 -2.321051
v 0.254715 -1.864290 -2.321051
v 0.254715 -1.864290 -2.321051
v 0.254715 -1.864290 -2.321051
v 0.221336 -1.781029 -2.388871
v 0.221336 -1.781029 -2.388871
v 0.221336 -1.781029 -2.388871
v 0.221336 -1.781029 -2.388871
v 0.221336 -1.781029 -2.388871
v 0.221336 -1.781029 -2.388871
v 0.188419 -1.697545 -2.451647
v 0.188419 -1.697545 -2.451647
v 0.188419 -1.697545 -2.451647
v 0.188419 -1.697545 -2.451647
v 0.241356 -2.096324 -2.115397
v 0.241356 -2.096324 -2.115397
v 0.241356 -2.096324 -2.115397
v 0.241356 -2.096324 -2.115397
v 0.207632 -2.016252 -2.195307
v 0.207632 -2.016252 -2.195307
v 0.207632 -2.016252 -2.195307
v 0.207632 -2.016252 -2.195307
v 0.207632 -2.016252 -2.195307
v 0.207632 -2.016252 -2.195307
v 0.207632 -2.016252 -2.195307
v 0.174141 -1.934390 -2.270589
v 0.174141 -1.934390 -2.270589
v 0.174141 -1.934390 -2.270589
v 0.174141 -1.934390 -2.270589
v 0.174141 -1.934390 -2.270589
v 0.174141 -1.934390 -2.270589
v 0.141886 -1.851296 -2.341001
v 0.141886 -1.851296 -2.341001
v 0.141886 -1.851296 -2.341001
v 0.141886 -1.851296 -2.341001
v 0.141886 -1.851296 -2.341001
v 0.141886 -1.851296 -2.341001
v 0.109861 -1.768676 -2.408246
v 0.109861 -1.768676 -2.408246
v 0.109861 -1.768676 -2.408246
v 0.109861 -1.768676 -2.408246
v 0.092819 -2.001570 -2.216492
v 0.092819 -2.001570 -2.216492
v 0.092819 -2.001570 -2.216492
v 0.092819 -2.001570 -2.216492
v 0.030599 -1.840585 -2.361604
v 0.030599 -1.840585 -2.361604
v 0.030599 -1.840585 -2.361604
v 0.030599 -1.840585 -2.361604
v -2.388794 -1.602362 0.826126
v -2.388794 -1.602362 0.826126
v -2.388794 -1.602362 0.826126
v -2.388794 -1.602362 0.826126
v -2.388794 -1.602362 0.826126
v -2.303528 -1.752693 0.747704
v -2.303528 -1.752693 0.747704
v -2.303528 -1.752693 0.747704
v -2.303528 -1.752693 0.747704
v -2.211538 -1.905302 0.665499
v -2.211538 -1.905302 0.665499
v -2.211538 -1.905302 0.665499
v -2.211538 -1.905302 0.665499
v -2.211538 -1.905302 0.665499
v -2.067306 -2.109421 0.478944
v -2.067306 -2.109421 0.478944
v -2.067306 -2.109421 0.478944
v -2.067306 -2.109421 0.478944
v -2.104321 -2.051929 0.576674
v -2.104321 -2.051929 0.576674
v -2.104321 -2.051929 0.576674
v -2.104321 -2.051929 0.576674
v -2.104321 -2.051929 0.576674
v -2.104321 -2.051929 0.576674
v -2.143112 -1.748742 1.141752
v -2.143112 -1.748742 1.141752
v -2.143112 -1.748742 1.141752
v -2.143112 -1.748742 1.141752
v -2.143112 -1.748742 1.141752
v -2.143112 -1.748742 1.141752
v -2.143112 -1.748742 1.141752
v -2.143112 -1.748742 1.141752
v -1.940053 -2.099151 0.883263
v -1.940053 -2.099151 0.883263
v -1.940053 -2.099151 0.883263
v -1.940053 -2.099151 0.883263
v -1.940053 -2.099151 0.883263
v -1.940053 -2.099151 0.883263
v -2.009653 -1.883136 1.163158
v -2.009653 -1.883136 1.163158
v -2.009653 -1.883136 1.163158
v -2.009653 -1.883136 1.163158
v -1.702264 -2.408607 0.489266
v -1.702264 -2.408607 0.489266
v -1.702264 -2.408607 0.489266
v -1.702264 -2.408607 0.489266
v -1.702264 -2.408607 0.489266
v -1.785084 -2.307049 0.690641
v -1.785084 -2.307049 0.690641
v -1.785084 -2.307049 0.690641
v -1.785084 -2.307049 0.690641
v -1.785084 -2.307049 0.690641
v -1.785084 -2.307049 0.690641
v -1.847797 -2.175643 0.888030
v -1.847797 -2.175643 0.888030
v -1.847797 -2.175643 0.888030
v -1.847797 -2.175643 0.888030
v -1.943912 -1.886646 1.263836
v -1.943912 -1.886646 1.263836
v -1.943912 -1.886646 1.263836
v -1.943912 -1.886646 1.263836
v -1.680437 -2.371676 0.692056
v -1.680437 -2.371676 0.692056
v -1.680437 -2.371676 0.692056
v -1.680437 -2.371676 0.692056
v -1.680437 -2.371676 0.692056
v -1.580089 -2.439310 0.693408
v -1.580089 -2.439310 0.693408
v -1.580089 -2.439310 0.693408
v -1.580089 -2.439310 0.693408
v -1.617394 -2.383282 0.794815
v -1.617394 -2.383282 0.794815
v -1.617394 -2.383282 0.794815
v 2.304924 -1.527476 -1.135355
v 2.304924 -1.527476 -1.135355
v 2.304924 -1.527476 -1.135355
v 2.304924 -1.527476 -1.135355
v 2.224075 -1.692019 -1.060048
v 2.224075 -1.692019 -1.060048
v 2.224075 -1.692019 -1.060048
v 2.224075 -1.692019 -1.060048
v 2.149866 -1.751782 -1.116437
v 2.149866 -1.751782 -1.116437
v 2.149866 -1.751782 -1.116437
v 2.149866 -1.751782 -1.116437
v 1.082058 -1.717466 2.192523
v 1.082058 -1.717466 2.192523
v 1.082058 -1.717466 2.192523
v 1.082058 -1.717466 2.192523
v 1.147584 -1.634971 2.222086
v 1.147584 -1.634971 2.222086
v 1.147584 -1.634971 2.222086
v 1.147584 -1.634971 2.222086
v 1.249584 -1.625325 2.173601
v 1.249584 -1.625325 2.173601
v 1.249584 -1.625325 2.173601
v 1.249584 -1.625325 2.173601
v 2.335631 -1.444200 -1.059791
v 2.335631 -1.444200 -1.059791
v 2.335631 -1.444200 -1.059791
v 2.335631 -1.444200 -1.059791
v 1.990110 -1.624361 -1.445830
v 1.990110 -1.624361 -1.445830
v 1.990110 -1.624361 -1.445830
v 1.990110 -1.624361 -1.445830
v 2.722423 1.125583 -0.050862
v 2.722423 1.125583 -0.050862
v 2.722423 1.125583 -0.050862
v 2.722423 1.125583 -0.050862
v 2.722423 1.125583 -0.050862
v 2.722423 1.125583 -0.050862
v 2.801363 0.821731 0.375589
v 2.801363 0.821731 0.375589
v 2.801363 0.821731 0.375589
v 2.828409 0.653891 0.493142
v 2.828409 0.653891 0.493142
v 2.828409 0.653891 0.493142
v 2.828409 0.653891 0.493142
v 2.839465 0.473651 0.614151
v 2.839465 0.473651 0.614151
v 2.839465 0.473651 0.614151
v 2.839465 0.473651 0.614151
v 2.394702 -0.980297 -1.415160
v 2.394702 -0.980297 -1.415160
v 2.394702 -0.980297 -1.415160
v 2.394702 -0.980297 -1.415160
v 2.394702 -0.980297 -1.415160
v 2.394702 -0.980297 -1.415160
v 2.657907 -0.475211 -1.172019
v 2.657907 -0.475211 -1.172019
v 2.657907 -0.475211 -1.172019
v 2.657907 -0.475211 -1.172019
v 2.657907 -0.475211 -1.172019
v 2.693663 -0.381998 -1.123467
v 2.693663 -0.381998 -1.123467
v 2.693663 -0.381998 -1.123467
v 2.693663 -0.381998 -1.123467
v 2.693663 -0.381998 -1.123467
v 2.693663 -0.381998 -1.123467
v 2.755516 -0.193835 -1.020171
v 2.755516 -0.193835 -1.020171
v 2.755516 -0.193835 -1.020171
v 2.755516 -0.193835 -1.020171
v 2.800987 0.000217 -0.909046
v 2.800987 0.000217 -0.909046
v 2.800987 0.000217 -0.909046
v 2.800987 0.000217 -0.909046
v 2.835168 0.564846 -0.553808
v 2.835168 0.564846 -0.553808
v 2.835168 0.564846 -0.553808
v 2.827397 0.653123 -0.493204
v 2.827397 0.653123 -0.493204
v 2.827397 0.653123 -0.493204
v 2.827397 0.653123 -0.493204
v 2.827397 0.653123 -0.493204
v 2.827397 0.653123 -0.493204
v 2.827397 0.653123 -0.493204
v 2.816024 0.738872 -0.433694
v 2.816024 0.738872 -0.433694
v 2.816024 0.738872 -0.433694
v 2.816024 0.738872 -0.433694
v 2.816024 0.738872 -0.433694
v 2.801568 0.821263 -0.375269
v 2.801568 0.821263 -0.375269
v 2.801568 0.821263 -0.375269
v 2.801568 0.821263 -0.375269
v 2.657262 1.243250 -0.299826
v 2.657262 1.243250 -0.299826
v 2.657262 1.243250 -0.299826
v 2.657262 1.243250 -0.299826
v 2.657262 1.243250 -0.299826
v 2.657262 1.243250 -0.299826
v 2.657262 1.243250 -0.299826
v 2.657262 1.243250 -0.299826
v 0.779795 0.742762 2.746152
v 0.779795 0.742762 2.746152
v 0.779795 0.742762 2.746152
v 0.779795 0.742762 2.746152
v 0.779795 0.742762 2.746152
v 0.779795 0.742762 2.746152
v 0.779795 0.742762 2.746152
v 2.097103 -1.053790 1.777913
v 2.097103 -1.053790 1.777913
v 2.097103 -1.053790 1.777913
v 2.097103 -1.053790 1.777913
v 2.023699 -0.738724 2.008087
v 2.023699 -0.738724 2.008087
v 2.023699 -0.738724 2.008087
v 2.023699 -0.738724 2.008087
v 1.866556 -0.286567 2.262105
v 1.866556 -0.286567 2.262105
v 1.866556 -0.286567 2.262105
v 1.866556 -0.286567 2.262105
v 1.799421 0.232378 2.323085
v 1.799421 0.232378 2.323085
v 1.799421 0.232378 2.323085
v 1.799421 0.232378 2.323085
v 1.799421 0.232378 2.323085
v 1.799421 0.232378 2.323085
v -2.842780 -0.477289 0.614559
v -2.842780 -0.477289 0.614559
v -2.842780 -0.477289 0.614559
v -2.842780 -0.477289 0.614559
v -2.842780 -0.477289 0.614559
v 1.774345 -0.489990 -2.301327
v 1.774345 -0.489990 -2.301327
v 1.774345 -0.489990 -2.301327
v 1.774345 -0.489990 -2.301327
v 1.774345 -0.489990 -2.301327
v 1.774345 -0.489990 -2.301327
v 1.937237 -0.476080 -2.165921
v 1.937237 -0.476080 -2.165921
v 1.937237 -0.476080 -2.165921
v 1.999717 -0.653081 -2.065626
v 1.999717 -0.653081 -2.065626
v 1.999717 -0.653081 -2.065626
v 1.999717 -0.653081 -2.065626
v 1.999717 -0.653081 -2.065626
v -2.475141 1.528172 0.450063
v -2.475141 1.528172 0.450063
v -2.475141 1.528172 0.450063
v -2.475141 1.528172 0.450063
v -2.337515 1.445172 -1.061147
v -2.337515 1.445172 -1.061147
v -2.337515 1.445172 -1.061147
v -2.337515 1.445172 -1.061147
v -2.337515 1.445172 -1.061147
v -2.337515 1.445172 -1.061147
v -2.306378 1.425728 -1.152542
v -2.306378 1.425728 -1.152542
v -2.306378 1.425728 -1.152542
v -2.306378 1.425728 -1.152542
v 1.887671 1.543142 -1.651906
v 1.887671 1.543142 -1.651906
v 1.887671 1.543142 -1.651906
v 2.153364 1.544198 -1.285328
v 2.153364 1.544198 -1.285328
v 2.153364 1.544198 -1.285328
v 2.153364 1.544198 -1.285328
v 2.153364 1.544198 -1.285328
v 0.323090 2.756189 0.992997
v 0.323090 2.756189 0.992997
v 0.323090 2.756189 0.992997
v 0.323090 2.756189 0.992997
v 0.323090 2.756189 0.992997
v 0.323090 2.756189 0.992997
v 0.494178 2.603543 1.290991
v 0.494178 2.603543 1.290991
v 0.494178 2.603543 1.290991
v 0.494178 2.603543 1.290991
v 0.494178 2.603543 1.290991
v 0.494178 2.603543 1.290991
v 0.494178 2.603543 1.290991
v 0.494178 2.603543 1.290991
v 0.494178 2.603543 1.290991
v 0.685727 1.935478 2.108942
v 0.685727 1.935478 2.108942
v 0.685727 1.935478 2.108942
v 0.788296 1.466635 2.427242
v 0.788296 1.466635 2.427242
v 0.788296 1.466635 2.427242
v 0.788296 1.466635 2.427242
v 1.896840 2.255362 -0.145555
v 1.896840 2.255362 -0.145555
v 1.896840 2.255362 -0.145555
v 1.896840 2.255362 -0.145555
v 1.896840 2.255362 -0.145555
v 1.896840 2.255362 -0.145555
v 1.896840 2.255362 -0.145555
v 1.896840 2.255362 -0.145555
v 0.840391 2.824530 0.001032
v 0.840391 2.824530 0.001032
v 0.840391 2.824530 0.001032
v 0.840391 2.824530 0.001032
v 0.840391 2.824530 0.001032
v 0.739595 2.850233 0.000645
v 0.739595 2.850233 0.000645
v 0.739595 2.850233 0.000645
v -1.476472 2.309109 1.073301
v -1.476472 2.309109 1.073301
v -1.476472 2.309109 1.073301
v -1.546156 2.238301 1.123989
v -1.546156 2.238301 1.123989
v -1.546156 2.238301 1.123989
v -0.845426 2.755742 -0.614220
v -0.845426 2.755742 -0.614220
v -0.845426 2.755742 -0.614220
v -0.845426 2.755742 -0.614220
v -0.845426 2.755742 -0.614220
v -0.845426 2.755742 -0.614220
v -0.845426 2.755742 -0.614220
v -1.283437 2.530817 -0.796462
v -1.283437 2.530817 -0.796462
v -1.283437 2.530817 -0.796462
v -1.283437 2.530817 -0.796462
v -1.283437 2.530817 -0.796462
v -1.283437 2.530817 -0.796462
v -1.478376 2.312009 -1.075447
v -1.478376 2.312009 -1.075447
v -1.478376 2.312009 -1.075447
v -1.478376 2.312009 -1.075447
v -1.478376 2.312009 -1.075447
v -1.478376 2.312009 -1.075447
v -1.478376 2.312009 -1.075447
v -1.478376 2.312009 -1.075447
v -1.614287 2.165515 -1.172915
v -1.614287 2.165515 -1.172915
v -1.614287 2.165515 -1.172915
v 0.289450 2.794993 -0.898356
v 0.289450 2.794993 -0.898356
v 0.289450 2.794993 -0.898356
v 0.289450 2.794993 -0.898356
v 0.289450 2.794993 -0.898356
v 0.289450 2.794993 -0.898356
v 0.289450 2.794993 -0.898356
v 0.445160 2.564003 -1.376278
v 0.445160 2.564003 -1.376278
v 0.445160 2.564003 -1.376278
v 0.445160 2.564003 -1.376278
v 0.445160 2.564003 -1.376278
v 0.404084 2.472949 -1.547351
v 0.404084 2.472949 -1.547351
v 0.404084 2.472949 -1.547351
v 0.404084 2.472949 -1.547351
v 0.404084 2.472949 -1.547351
v 0.404084 2.472949 -1.547351
v 0.507378 2.442170 -1.562785
v 0.507378 2.442170 -1.562785
v 0.507378 2.442170 -1.562785
v 0.507378 2.442170 -1.562785
v 0.615729 2.876534 -0.177068
v 0.615729 2.876534 -0.177068
v 0.615729 2.876534 -0.177068
v 0.615729 2.876534 -0.177068
v 0.615729 2.876534 -0.177068
v 0.494767 2.835111 -0.636568
v 0.494767 2.835111 -0.636568
v 0.494767 2.835111 -0.636568
v 0.731726 2.815153 -0.461672
v 0.731726 2.815153 -0.461672
v 0.731726 2.815153 -0.461672
v 0.731726 2.815153 -0.461672
v 0.598124 2.815703 -0.645824
v 0.598124 2.815703 -0.645824
v 0.598124 2.815703 -0.645824
v 0.598124 2.815703 -0.645824
v 0.598124 2.815703 -0.645824
v 0.598124 2.815703 -0.645824
v 0.598124 2.815703 -0.645824
v 1.069045 2.721046 -0.382256
v 1.069045 2.721046 -0.382256
v 1.069045 2.721046 -0.382256
v 1.069045 2.721046 -0.382256
v 1.069045 2.721046 -0.382256
v 1.069045 2.721046 -0.382256
v 1.069045 2.721046 -0.382256
v 1.069045 2.721046 -0.382256
v 0.781128 2.668594 -0.976681
v 0.781128 2.668594 -0.976681
v 0.781128 2.668594 -0.976681
v 0.781128 2.668594 -0.976681
v 0.781128 2.668594 -0.976681
v 0.781128 2.668594 -0.976681
v 0.781128 2.668594 -0.976681
v 0.521372 2.592740 -1.303371
v 0.521372 2.592740 -1.303371
v 0.521372 2.592740 -1.303371
v 0.521372 2.592740 -1.303371
v 0.521372 2.592740 -1.303371
v 0.521372 2.592740 -1.303371
v 0.521372 2.592740 -1.303371
v 0.521372 2.592740 -1.303371
v 0.521372 2.592740 -1.303371
v 0.521372 2.592740 -1.303371
v 1.050309 2.637004 -0.792217
v 1.050309 2.637004 -0.792217
v 1.050309 2.637004 -0.792217
v 1.050309 2.637004 -0.792217
v 1.050309 2.637004 -0.792217
v 1.050309 2.637004 -0.792217
v 0.699681 2.581300 -1.233494
v 0.699681 2.581300 -1.233494
v 0.699681 2.581300 -1.233494
v 0.699681 2.581300 -1.233494
v 0.699681 2.581300 -1.233494
v 1.450961 2.510771 -0.539169
v 1.450961 2.510771 -0.539169
v 1.450961 2.510771 -0.539169
v 1.450961 2.510771 -0.539169
v 1.450961 2.510771 -0.539169
v 1.450961 2.510771 -0.539169
v 1.450961 2.510771 -0.539169
v 0.624553 2.558105 -1.315286
v 0.624553 2.558105 -1.315286
v 0.624553 2.558105 -1.315286
v 0.551672 2.532523 -1.394971
v 0.551672 2.532523 -1.394971
v 0.551672 2.532523 -1.394971
v 0.551672 2.532523 -1.394971
v 1.100622 2.470352 -1.173494
v 1.100622 2.470352 -1.173494
v 1.100622 2.470352 -1.173494
v 1.100622 2.470352 -1.173494
v 1.100622 2.470352 -1.173494
v 1.100622 2.470352 -1.173494
v 1.025399 2.457360 -1.265594
v 1.025399 2.457360 -1.265594
v 1.025399 2.457360 -1.265594
v 1.025399 2.457360 -1.265594
v 0.581737 2.471950 -1.488275
v 0.581737 2.471950 -1.488275
v 0.581737 2.471950 -1.488275
v 0.581737 2.471950 -1.488275
v 0.581737 2.471950 -1.488275
v 0.581737 2.471950 -1.488275
v 1.414806 2.384324 -1.011010
v 1.414806 2.384324 -1.011010
v 1.414806 2.384324 -1.011010
v 1.414806 2.384324 -1.011010
v 1.414806 2.384324 -1.011010
v 1.414806 2.384324 -1.011010
v 1.414806 2.384324 -1.011010
v 0.687045 2.436994 -1.503659
v 0.687045 2.436994 -1.503659
v 0.687045 2.436994 -1.503659
v 0.687045 2.436994 -1.503659
v 0.536121 2.378171 -1.652195
v 0.536121 2.378171 -1.652195
v 0.536121 2.378171 -1.652195
v 0.536121 2.378171 -1.652195
v 0.536121 2.378171 -1.652195
v 0.744466 2.302192 -1.684607
v 0.744466 2.302192 -1.684607
v 0.744466 2.302192 -1.684607
v 1.189415 2.267275 -1.458925
v 1.189415 2.267275 -1.458925
v 1.189415 2.267275 -1.458925
v 1.189415 2.267275 -1.458925
v 1.189415 2.267275 -1.458925
v 1.189415 2.267275 -1.458925
v 1.189415 2.267275 -1.458925
v 1.053699 2.389423 -1.358054
v 1.053699 2.389423 -1.358054
v 1.053699 2.389423 -1.358054
v 0.975410 2.371740 -1.444767
v 0.975410 2.371740 -1.444767
v 0.975410 2.371740 -1.444767
v 0.975410 2.371740 -1.444767
v 1.755505 2.272128 -0.671637
v 1.755505 2.272128 -0.671637
v 1.755505 2.272128 -0.671637
v 1.755505 2.272128 -0.671637
v 1.755505 2.272128 -0.671637
v 1.082728 2.320383 -1.451703
v 1.082728 2.320383 -1.451703
v 1.082728 2.320383 -1.451703
v 1.082728 2.320383 -1.451703
v 1.082728 2.320383 -1.451703
v 1.082728 2.320383 -1.451703
v 1.003534 2.301369 -1.536408
v 1.003534 2.301369 -1.536408
v 1.003534 2.301369 -1.536408
v 1.003534 2.301369 -1.536408
v 1.499008 2.167483 -1.324549
v 1.499008 2.167483 -1.324549
v 1.499008 2.167483 -1.324549
v 1.499008 2.167483 -1.324549
v 1.499008 2.167483 -1.324549
v 1.499008 2.167483 -1.324549
v 1.109962 2.247922 -1.542337
v 1.109962 2.247922 -1.542337
v 1.109962 2.247922 -1.542337
v 1.109962 2.247922 -1.542337
v 1.109962 2.247922 -1.542337
v 1.109962 2.247922 -1.542337
v 2.197479 1.944896 -0.301093
v 2.197479 1.944896 -0.301093
v 2.197479 1.944896 -0.301093
v 2.197479 1.944896 -0.301093
v 2.197479 1.944896 -0.301093
v 2.034395 2.035645 -0.652281
v 2.034395 2.035645 -0.652281
v 2.034395 2.035645 -0.652281
v 2.034395 2.035645 -0.652281
v 2.034395 2.035645 -0.652281
v 2.034395 2.035645 -0.652281
v 2.034395 2.035645 -0.652281
v 1.216965 2.196316 -1.549910
v 1.216965 2.196316 -1.549910
v 1.216965 2.196316 -1.549910
v 1.216965 2.196316 -1.549910
v 1.216965 2.196316 -1.549910
v 1.216965 2.196316 -1.549910
v 1.216965 2.196316 -1.549910
v 1.134785 2.173315 -1.628798
v 1.134785 2.173315 -1.628798
v 1.134785 2.173315 -1.628798
v 1.134785 2.173315 -1.628798
v 1.795979 2.050913 -1.119672
v 1.795979 2.050913 -1.119672
v 1.795979 2.050913 -1.119672
v 1.795979 2.050913 -1.119672
v 1.795979 2.050913 -1.119672
v 1.795979 2.050913 -1.119672
v 1.795979 2.050913 -1.119672
v 1.795979 2.050913 -1.119672
v 1.237716 2.114717 -1.631011
v 1.237716 2.114717 -1.631011
v 1.237716 2.114717 -1.631011
v 1.340517 2.056751 -1.634258
v 1.340517 2.056751 -1.634258
v 1.340517 2.056751 -1.634258
v 1.257755 2.035972 -1.713724
v 1.257755 2.035972 -1.713724
v 1.257755 2.035972 -1.713724
v 1.257755 2.035972 -1.713724
v 2.042406 1.849271 -1.047853
v 2.042406 1.849271 -1.047853
v 2.042406 1.849271 -1.047853
v 2.042406 1.849271 -1.047853
v 2.042406 1.849271 -1.047853
v 2.042406 1.849271 -1.047853
v 1.357299 1.972182 -1.712364
v 1.357299 1.972182 -1.712364
v 1.357299 1.972182 -1.712364
v 1.357299 1.972182 -1.712364
v 1.357299 1.972182 -1.712364
v 1.357299 1.972182 -1.712364
v 1.357299 1.972182 -1.712364
v 1.276520 1.954603 -1.792751
v 1.276520 1.954603 -1.792751
v 1.276520 1.954603 -1.792751
v 1.757426 1.936540 -1.350994
v 1.757426 1.936540 -1.350994
v 1.757426 1.936540 -1.350994
v 1.757426 1.936540 -1.350994
v 1.757426 1.936540 -1.350994
v 1.757426 1.936540 -1.350994
v 1.610647 1.927340 -1.537416
v 1.610647 1.927340 -1.537416
v 1.610647 1.927340 -1.537416
v 1.610647 1.927340 -1.537416
v 1.454048 1.905633 -1.708294
v 1.454048 1.905633 -1.708294
v 1.454048 1.905633 -1.708294
v 1.454048 1.905633 -1.708294
v 1.388305 1.808922 -1.863256
v 1.388305 1.808922 -1.863256
v 1.388305 1.808922 -1.863256
v 1.388305 1.808922 -1.863256
v 1.388305 1.808922 -1.863256
v 2.488053 1.559891 -0.263168
v 2.488053 1.559891 -0.263168
v 2.488053 1.559891 -0.263168
v 2.488053 1.559891 -0.263168
v 2.488053 1.559891 -0.263168
v 2.401852 1.586550 -0.639924
v 2.401852 1.586550 -0.639924
v 2.401852 1.586550 -0.639924
v 2.401852 1.586550 -0.639924
v 2.401852 1.586550 -0.639924
v 2.401852 1.586550 -0.639924
v 2.253011 1.634976 -0.978077
v 2.253011 1.634976 -0.978077
v 2.253011 1.634976 -0.978077
v 2.253011 1.634976 -0.978077
v 2.253011 1.634976 -0.978077
v 2.253011 1.634976 -0.978077
v 2.253011 1.634976 -0.978077
v 1.915758 1.858591 -1.243394
v 1.915758 1.858591 -1.243394
v 1.915758 1.858591 -1.243394
v 1.915758 1.858591 -1.243394
v 1.944662 1.705389 -1.412332
v 1.944662 1.705389 -1.412332
v 1.944662 1.705389 -1.412332
v 1.944662 1.705389 -1.412332
v 1.944662 1.705389 -1.412332
v 1.944662 1.705389 -1.412332
v 1.788810 1.779938 -1.517900
v 1.788810 1.779938 -1.517900
v 1.788810 1.779938 -1.517900
v 1.788810 1.779938 -1.517900
v 1.468280 1.823721 -1.783844
v 1.468280 1.823721 -1.783844
v 1.468280 1.823721 -1.783844
v 1.468280 1.823721 -1.783844
v 1.468280 1.823721 -1.783844
v 2.085274 1.625335 -1.303283
v 2.085274 1.625335 -1.303283
v 2.085274 1.625335 -1.303283
v 2.085274 1.625335 -1.303283
v 1.637617 1.765726 -1.692438
v 1.637617 1.765726 -1.692438
v 1.637617 1.765726 -1.692438
v 1.637617 1.765726 -1.692438
v 1.559678 1.754572 -1.775608
v 1.559678 1.754572 -1.775608
v 1.559678 1.754572 -1.775608
v 1.559678 1.754572 -1.775608
v 1.559678 1.754572 -1.775608
v 1.570397 1.672238 -1.846363
v 1.570397 1.672238 -1.846363
v 1.570397 1.672238 -1.846363
v 1.570397 1.672238 -1.846363
v 1.570397 1.672238 -1.846363
v 1.871893 1.702939 -1.503304
v 1.871893 1.702939 -1.503304
v 1.871893 1.702939 -1.503304
v 1.799223 1.699320 -1.593433
v 1.799223 1.699320 -1.593433
v 1.799223 1.699320 -1.593433
v 1.799223 1.699320 -1.593433
v 1.724460 1.692627 -1.680820
v 1.724460 1.692627 -1.680820
v 1.724460 1.692627 -1.680820
v 1.724460 1.692627 -1.680820
v 1.724460 1.692627 -1.680820
v 1.724460 1.692627 -1.680820
v 1.647778 1.683233 -1.765069
v 1.647778 1.683233 -1.765069
v 1.647778 1.683233 -1.765069
v 1.647778 1.683233 -1.765069
v 1.647778 1.683233 -1.765069
v 1.647778 1.683233 -1.765069
v 1.880787 1.622926 -1.578824
v 1.880787 1.622926 -1.578824
v 1.880787 1.622926 -1.578824
v 1.880787 1.622926 -1.578824
v 1.807505 1.617916 -1.667089
v 1.807505 1.617916 -1.667089
v 1.807505 1.617916 -1.667089
v 1.807505 1.617916 -1.667089
v 1.807505 1.617916 -1.667089
v 1.807505 1.617916 -1.667089
v 1.732351 1.610552 -1.751858
v 1.732351 1.610552 -1.751858
v 1.732351 1.610552 -1.751858
v 1.732351 1.610552 -1.751858
v -0.744740 2.771679 -0.653535
v -0.744740 2.771679 -0.653535
v -0.744740 2.771679 -0.653535
v 0.142472 2.751481 -1.035883
v 0.142472 2.751481 -1.035883
v 0.142472 2.751481 -1.035883
v 0.142472 2.751481 -1.035883
v 0.034097 2.767264 -1.006185
v 0.034097 2.767264 -1.006185
v 0.034097 2.767264 -1.006185
v 0.034097 2.767264 -1.006185
v -0.293856 2.786186 -0.907145
v -0.293856 2.786186 -0.907145
v -0.293856 2.786186 -0.907145
v -0.293856 2.786186 -0.907145
v -0.724981 2.754705 -0.754630
v -0.724981 2.754705 -0.754630
v -0.724981 2.754705 -0.754630
v -0.724981 2.754705 -0.754630
v -0.724981 2.754705 -0.754630
v -0.724981 2.754705 -0.754630
v 0.126739 2.637362 -1.311540
v 0.126739 2.637362 -1.311540
v 0.126739 2.637362 -1.311540
v 0.126739 2.637362 -1.311540
v 0.126739 2.637362 -1.311540
v 0.126739 2.637362 -1.311540
v 0.126739 2.637362 -1.311540
v 0.126739 2.637362 -1.311540
v 0.126739 2.637362 -1.311540
v -0.239249 2.715134 -1.115777
v -0.239249 2.715134 -1.115777
v -0.239249 2.715134 -1.115777
v -0.351030 2.721913 -1.081239
v -0.351030 2.721913 -1.081239
v -0.351030 2.721913 -1.081239
v -0.351030 2.721913 -1.081239
v -0.351030 2.721913 -1.081239
v -0.351030 2.721913 -1.081239
v -0.351030 2.721913 -1.081239
v -0.829811 2.566373 -1.200243
v -0.829811 2.566373 -1.200243
v -0.829811 2.566373 -1.200243
v -0.829811 2.566373 -1.200243
v -0.829811 2.566373 -1.200243
v -0.829811 2.566373 -1.200243
v -0.829811 2.566373 -1.200243
v -0.829811 2.566373 -1.200243
v -0.127859 2.713141 -1.150448
v -0.127859 2.713141 -1.150448
v -0.127859 2.713141 -1.150448
v -0.127859 2.713141 -1.150448
v -1.040632 2.528736 -1.110255
v -1.040632 2.528736 -1.110255
v -1.040632 2.528736 -1.110255
v -1.040632 2.528736 -1.110255
v -1.040632 2.528736 -1.110255
v -1.040632 2.528736 -1.110255
v -1.040632 2.528736 -1.110255
v 0.235888 2.612847 -1.334668
v 0.235888 2.612847 -1.334668
v 0.235888 2.612847 -1.334668
v 0.235888 2.612847 -1.334668
v 0.235888 2.612847 -1.334668
v -0.096432 2.664211 -1.250882
v -0.096432 2.664211 -1.250882
v -0.096432 2.664211 -1.250882
v -0.322867 2.675953 -1.182817
v -0.322867 2.675953 -1.182817
v -0.322867 2.675953 -1.182817
v -0.406901 2.635458 -1.253389
v -0.406901 2.635458 -1.253389
v -0.406901 2.635458 -1.253389
v -0.406901 2.635458 -1.253389
v -0.406901 2.635458 -1.253389
v -0.406901 2.635458 -1.253389
v -0.406901 2.635458 -1.253389
v 0.374072 2.532218 -1.453225
v 0.374072 2.532218 -1.453225
v 0.374072 2.532218 -1.453225
v 0.374072 2.532218 -1.453225
v 0.374072 2.532218 -1.453225
v 0.267052 2.557647 -1.432165
v 0.267052 2.557647 -1.432165
v 0.267052 2.557647 -1.432165
v 0.267052 2.557647 -1.432165
v 0.157623 2.580217 -1.407707
v 0.157623 2.580217 -1.407707
v 0.157623 2.580217 -1.407707
v -0.292971 2.630677 -1.287488
v -0.292971 2.630677 -1.287488
v -0.292971 2.630677 -1.287488
v -0.292971 2.630677 -1.287488
v -0.262816 2.580477 -1.391391
v -0.262816 2.580477 -1.391391
v -0.262816 2.580477 -1.391391
v -0.262816 2.580477 -1.391391
v -0.463009 2.541311 -1.428230
v -0.463009 2.541311 -1.428230
v -0.463009 2.541311 -1.428230
v -0.463009 2.541311 -1.428230
v -0.463009 2.541311 -1.428230
v -0.463009 2.541311 -1.428230
v -0.463009 2.541311 -1.428230
v -0.690951 2.527260 -1.345494
v -0.690951 2.527260 -1.345494
v -0.690951 2.527260 -1.345494
v -0.690951 2.527260 -1.345494
v -0.690951 2.527260 -1.345494
v -0.690951 2.527260 -1.345494
v -0.690951 2.527260 -1.345494
v -1.313731 2.408893 -1.069968
v -1.313731 2.408893 -1.069968
v -1.313731 2.408893 -1.069968
v -1.313731 2.408893 -1.069968
v -1.313731 2.408893 -1.069968
v -1.313731 2.408893 -1.069968
v -0.348371 2.532302 -1.459497
v -0.348371 2.532302 -1.459497
v -0.348371 2.532302 -1.459497
v -0.801128 2.516003 -1.300787
v -0.801128 2.516003 -1.300787
v -0.801128 2.516003 -1.300787
v -1.118450 2.462218 -1.165341
v -1.118450 2.462218 -1.165341
v -1.118450 2.462218 -1.165341
v -0.547229 2.480212 -1.489830
v -0.547229 2.480212 -1.489830
v -0.547229 2.480212 -1.489830
v -0.547229 2.480212 -1.489830
v -0.547229 2.480212 -1.489830
v -0.632790 2.420485 -1.553564
v -0.632790 2.420485 -1.553564
v -0.632790 2.420485 -1.553564
v -0.632790 2.420485 -1.553564
v -1.388201 2.340248 -1.122527
v -1.388201 2.340248 -1.122527
v -1.388201 2.340248 -1.122527
v -0.400792 2.419754 -1.627294
v -0.400792 2.419754 -1.627294
v -0.400792 2.419754 -1.627294
v -0.400792 2.419754 -1.627294
v -0.517192 2.421617 -1.591284
v -0.517192 2.421617 -1.591284
v -0.517192 2.421617 -1.591284
v -0.517192 2.421617 -1.591284
v -0.517192 2.421617 -1.591284
v -0.517192 2.421617 -1.591284
v -0.368809 2.355498 -1.726137
v -0.368809 2.355498 -1.726137
v -0.368809 2.355498 -1.726137
v -0.485850 2.359466 -1.691390
v -0.485850 2.359466 -1.691390
v -0.485850 2.359466 -1.691390
v -0.485850 2.359466 -1.691390
v -0.604342 2.880748 -0.000415
v -0.604342 2.880748 -0.000415
v -0.604342 2.880748 -0.000415
v -0.603696 2.878784 0.110048
v -0.603696 2.878784 0.110048
v -0.603696 2.878784 0.110048
v -0.603696 2.878784 0.110048
v -0.686320 2.850070 -0.278409
v -0.686320 2.850070 -0.278409
v -0.686320 2.850070 -0.278409
v -0.686320 2.850070 -0.278409
v -0.688605 2.862828 -0.055453
v -0.688605 2.862828 -0.055453
v -0.688605 2.862828 -0.055453
v -0.688605 2.862828 -0.055453
v -0.688605 2.862828 -0.055453
v -0.688605 2.862828 -0.055453
v -0.689075 2.856776 0.167420
v -0.689075 2.856776 0.167420
v -0.689075 2.856776 0.167420
v -0.689075 2.856776 0.167420
v -0.767150 2.806642 -0.445203
v -0.767150 2.806642 -0.445203
v -0.767150 2.806642 -0.445203
v -0.771821 2.826205 -0.337323
v -0.771821 2.826205 -0.337323
v -0.771821 2.826205 -0.337323
v -0.771821 2.826205 -0.337323
v -0.771821 2.826205 -0.337323
v -0.771821 2.826205 -0.337323
v -0.771821 2.826205 -0.337323
v -0.776751 2.842257 0.113280
v -0.776751 2.842257 0.113280
v -0.776751 2.842257 0.113280
v -0.776751 2.842257 0.113280
v -0.776751 2.842257 0.113280
v -0.776751 2.842257 0.113280
v -0.776751 2.842257 0.113280
v -0.776751 2.842257 0.113280
v -0.776751 2.842257 0.113280
v -0.773747 2.834981 0.225057
v -0.773747 2.834981 0.225057
v -0.773747 2.834981 0.225057
v -0.773747 2.834981 0.225057
v -0.773747 2.834981 0.225057
v -0.850417 2.772062 -0.506442
v -0.850417 2.772062 -0.506442
v -0.850417 2.772062 -0.506442
v -0.850417 2.772062 -0.506442
v -0.850417 2.772062 -0.506442
v -1.042739 2.749860 0.175359
v -1.042739 2.749860 0.175359
v -1.042739 2.749860 0.175359
v -1.042739 2.749860 0.175359
v -1.042739 2.749860 0.175359
v -1.042739 2.749860 0.175359
v -1.130756 2.661886 -0.567683
v -1.130756 2.661886 -0.567683
v -1.130756 2.661886 -0.567683
v -1.130756 2.661886 -0.567683
v -1.130756 2.661886 -0.567683
v -1.130756 2.661886 -0.567683
v -1.130756 2.661886 -0.567683
v -1.090055 2.729568 -0.204618
v -1.090055 2.729568 -0.204618
v -1.090055 2.729568 -0.204618
v -1.090055 2.729568 -0.204618
v -1.090055 2.729568 -0.204618
v -1.227214 2.679860 0.059636
v -1.227214 2.679860 0.059636
v -1.227214 2.679860 0.059636
v -1.227214 2.679860 0.059636
v -1.227214 2.679860 0.059636
v -1.227214 2.679860 0.059636
v -1.227214 2.679860 0.059636
v -1.227214 2.679860 0.059636
v -1.227214 2.679860 0.059636
v -1.038892 2.738734 0.289827
v -1.038892 2.738734 0.289827
v -1.038892 2.738734 0.289827
v -1.038892 2.738734 0.289827
v -1.038892 2.738734 0.289827
v -1.033471 2.726221 0.404421
v -1.033471 2.726221 0.404421
v -1.033471 2.726221 0.404421
v -1.033471 2.726221 0.404421
v -1.033471 2.726221 0.404421
v -1.033471 2.726221 0.404421
v -1.026840 2.709683 0.516857
v -1.026840 2.709683 0.516857
v -1.026840 2.709683 0.516857
v -1.026840 2.709683 0.516857
v -1.130289 2.707623 0.234815
v -1.130289 2.707623 0.234815
v -1.130289 2.707623 0.234815
v -1.130289 2.707623 0.234815
v -1.125998 2.696902 0.350368
v -1.125998 2.696902 0.350368
v -1.125998 2.696902 0.350368
v -1.125998 2.696902 0.350368
v -1.125998 2.696902 0.350368
v -1.125998 2.696902 0.350368
v -1.119941 2.682032 0.465126
v -1.119941 2.682032 0.465126
v -1.119941 2.682032 0.465126
v -1.119941 2.682032 0.465126
v -1.119941 2.682032 0.465126
v -1.119941 2.682032 0.465126
v -1.112332 2.663280 0.577574
v -1.112332 2.663280 0.577574
v -1.112332 2.663280 0.577574
v -1.222861 2.671527 0.177401
v -1.222861 2.671527 0.177401
v -1.222861 2.671527 0.177401
v -1.222861 2.671527 0.177401
v -1.222861 2.671527 0.177401
v -1.219195 2.662853 0.294527
v -1.219195 2.662853 0.294527
v -1.219195 2.662853 0.294527
v -1.206425 2.634657 0.526783
v -1.206425 2.634657 0.526783
v -1.206425 2.634657 0.526783
v -1.206425 2.634657 0.526783
v -1.399424 2.568251 -0.356794
v -1.399424 2.568251 -0.356794
v -1.399424 2.568251 -0.356794
v -1.399424 2.568251 -0.356794
v -1.399424 2.568251 -0.356794
v -1.399424 2.568251 -0.356794
v -1.315388 2.630514 0.118794
v -1.315388 2.630514 0.118794
v -1.315388 2.630514 0.118794
v -1.315388 2.630514 0.118794
v -1.312227 2.623926 0.238755
v -1.312227 2.623926 0.238755
v -1.312227 2.623926 0.238755
v -1.307132 2.613126 0.356262
v -1.307132 2.613126 0.356262
v -1.307132 2.613126 0.356262
v -1.300341 2.602196 0.472908
v -1.300341 2.602196 0.472908
v -1.300341 2.602196 0.472908
v -1.300341 2.602196 0.472908
v -1.300341 2.602196 0.472908
v -1.278760 2.559815 0.697165
v -1.278760 2.559815 0.697165
v -1.278760 2.559815 0.697165
v -1.401662 2.575701 0.298403
v -1.401662 2.575701 0.298403
v -1.401662 2.575701 0.298403
v -1.401662 2.575701 0.298403
v -1.438781 2.436734 0.813642
v -1.438781 2.436734 0.813642
v -1.438781 2.436734 0.813642
v -1.438781 2.436734 0.813642
v -1.438781 2.436734 0.813642
v -1.688676 2.365465 -0.516141
v -1.688676 2.365465 -0.516141
v -1.688676 2.365465 -0.516141
v -1.688676 2.365465 -0.516141
v -1.688676 2.365465 -0.516141
v -1.688676 2.365465 -0.516141
v -1.688676 2.365465 -0.516141
v -1.496754 2.533936 -0.120086
v -1.496754 2.533936 -0.120086
v -1.496754 2.533936 -0.120086
v -1.496754 2.533936 -0.120086
v -1.496754 2.533936 -0.120086
v -1.466918 2.484198 0.592009
v -1.466918 2.484198 0.592009
v -1.466918 2.484198 0.592009
v -1.466918 2.484198 0.592009
v -1.466918 2.484198 0.592009
v -1.466918 2.484198 0.592009
v -1.421662 2.408062 0.918739
v -1.421662 2.408062 0.918739
v -1.421662 2.408062 0.918739
v -1.421662 2.408062 0.918739
v -1.571975 2.458269 0.419472
v -1.571975 2.458269 0.419472
v -1.571975 2.458269 0.419472
v -1.571975 2.458269 0.419472
v -1.571975 2.458269 0.419472
v -1.571975 2.458269 0.419472
v -1.683913 2.258563 0.874183
v -1.683913 2.258563 0.874183
v -1.683913 2.258563 0.874183
v -1.683913 2.258563 0.874183
v -1.683913 2.258563 0.874183
v -1.683913 2.258563 0.874183
v -1.683913 2.258563 0.874183
v -1.683913 2.258563 0.874183
v -1.683913 2.258563 0.874183
v -1.683913 2.258563 0.874183
v -1.496605 2.340306 0.973165
v -1.496605 2.340306 0.973165
v -1.496605 2.340306 0.973165
v -1.496605 2.340306 0.973165
v -1.496605 2.340306 0.973165
v -1.675431 2.426058 0.000977
v -1.675431 2.426058 0.000977
v -1.675431 2.426058 0.000977
v -1.675431 2.426058 0.000977
v -1.675431 2.426058 0.000977
v -1.675431 2.426058 0.000977
v -1.673718 2.420557 0.121450
v -1.673718 2.420557 0.121450
v -1.673718 2.420557 0.121450
v -1.568360 2.269924 1.025472
v -1.568360 2.269924 1.025472
v -1.568360 2.269924 1.025472
v -1.568360 2.269924 1.025472
v -1.568360 2.269924 1.025472
v -1.568360 2.269924 1.025472
v -1.568360 2.269924 1.025472
v -1.704676 2.124795 -1.127196
v -1.704676 2.124795 -1.127196
v -1.704676 2.124795 -1.127196
v -1.704676 2.124795 -1.127196
v -1.704676 2.124795 -1.127196
v -1.704676 2.124795 -1.127196
v -1.704676 2.124795 -1.127196
v -1.860910 2.180851 -0.693388
v -1.860910 2.180851 -0.693388
v -1.860910 2.180851 -0.693388
v -1.860910 2.180851 -0.693388
v -1.860910 2.180851 -0.693388
v -1.860910 2.180851 -0.693388
v -1.759609 2.363420 0.183368
v -1.759609 2.363420 0.183368
v -1.759609 2.363420 0.183368
v -1.759609 2.363420 0.183368
v -1.759609 2.363420 0.183368
v -1.759609 2.363420 0.183368
v -1.754134 2.355862 0.302743
v -1.754134 2.355862 0.302743
v -1.754134 2.355862 0.302743
v -1.754134 2.355862 0.302743
v -1.754134 2.355862 0.302743
v -1.754134 2.355862 0.302743
v -1.754134 2.355862 0.302743
v -1.659480 2.226890 0.975224
v -1.659480 2.226890 0.975224
v -1.659480 2.226890 0.975224
v -1.659480 2.226890 0.975224
v -1.659480 2.226890 0.975224
v -1.613905 2.165760 1.173489
v -1.613905 2.165760 1.173489
v -1.613905 2.165760 1.173489
v -1.613905 2.165760 1.173489
v -1.613905 2.165760 1.173489
v -1.613905 2.165760 1.173489
v -1.772288 2.208087 0.820535
v -1.772288 2.208087 0.820535
v -1.772288 2.208087 0.820535
v -1.772288 2.208087 0.820535
v -1.772288 2.208087 0.820535
v -1.727044 2.151390 1.026057
v -1.727044 2.151390 1.026057
v -1.727044 2.151390 1.026057
v -1.727044 2.151390 1.026057
v -1.702639 2.121264 1.124810
v -1.702639 2.121264 1.124810
v -1.702639 2.121264 1.124810
v -2.058153 2.102271 -0.218372
v -2.058153 2.102271 -0.218372
v -2.058153 2.102271 -0.218372
v -2.058153 2.102271 -0.218372
v -2.058153 2.102271 -0.218372
v -2.058153 2.102271 -0.218372
v -2.058153 2.102271 -0.218372
v -1.837555 2.128925 0.869058
v -1.837555 2.128925 0.869058
v -1.837555 2.128925 0.869058
v -1.837555 2.128925 0.869058
v -1.837555 2.128925 0.869058
v -1.814301 2.102843 0.974831
v -1.814301 2.102843 0.974831
v -1.814301 2.102843 0.974831
v -1.931973 1.808585 -1.296270
v -1.931973 1.808585 -1.296270
v -1.931973 1.808585 -1.296270
v -2.124230 2.013853 0.347908
v -2.124230 2.013853 0.347908
v -2.124230 2.013853 0.347908
v -2.124230 2.013853 0.347908
v -2.124230 2.013853 0.347908
v -2.124230 2.013853 0.347908
v -2.124230 2.013853 0.347908
v -1.929371 2.080226 0.817931
v -1.929371 2.080226 0.817931
v -1.929371 2.080226 0.817931
v -1.929371 2.080226 0.817931
v -1.929371 2.080226 0.817931
v -1.929371 2.080226 0.817931
v -1.929371 2.080226 0.817931
v -1.901522 2.049891 0.919912
v -1.901522 2.049891 0.919912
v -1.901522 2.049891 0.919912
v -1.901522 2.049891 0.919912
v -2.013686 1.760082 -1.247865
v -2.013686 1.760082 -1.247865
v -2.013686 1.760082 -1.247865
v -2.013686 1.760082 -1.247865
v -2.013686 1.760082 -1.247865
v -2.013686 1.760082 -1.247865
v -2.096613 1.900818 -0.826301
v -2.096613 1.900818 -0.826301
v -2.096613 1.900818 -0.826301
v -2.096613 1.900818 -0.826301
v -2.096613 1.900818 -0.826301
v -2.096613 1.900818 -0.826301
v -2.273581 1.835670 -0.395895
v -2.273581 1.835670 -0.395895
v -2.273581 1.835670 -0.395895
v -2.273581 1.835670 -0.395895
v -2.273581 1.835670 -0.395895
v -2.273581 1.835670 -0.395895
v -2.273581 1.835670 -0.395895
v -2.296838 1.847451 0.035475
v -2.296838 1.847451 0.035475
v -2.296838 1.847451 0.035475
v -2.296838 1.847451 0.035475
v -2.296838 1.847451 0.035475
v -2.296838 1.847451 0.035475
v -2.057661 1.678707 -1.283326
v -2.057661 1.678707 -1.283326
v -2.057661 1.678707 -1.283326
v -2.057661 1.678707 -1.283326
v -2.302790 1.697022 -0.706964
v -2.302790 1.697022 -0.706964
v -2.302790 1.697022 -0.706964
v -2.302790 1.697022 -0.706964
v -2.302790 1.697022 -0.706964
v -2.326600 1.774621 0.348522
v -2.326600 1.774621 0.348522
v -2.326600 1.774621 0.348522
v -2.326600 1.774621 0.348522
v -2.326600 1.774621 0.348522
v -2.238031 1.824661 0.581286
v -2.238031 1.824661 0.581286
v -2.238031 1.824661 0.581286
v -2.238031 1.824661 0.581286
v -2.238031 1.824661 0.581286
v -2.303391 1.525275 -1.025506
v -2.303391 1.525275 -1.025506
v -2.303391 1.525275 -1.025506
v -2.303391 1.525275 -1.025506
v -2.303391 1.525275 -1.025506
v -2.303391 1.525275 -1.025506
v -2.303391 1.525275 -1.025506
v -2.303391 1.525275 -1.025506
v -2.290790 1.743740 0.632586
v -2.290790 1.743740 0.632586
v -2.290790 1.743740 0.632586
v -2.290790 1.743740 0.632586
v -2.290790 1.743740 0.632586
v -2.370520 1.463247 -0.969211
v -2.370520 1.463247 -0.969211
v -2.370520 1.463247 -0.969211
v -2.370520 1.463247 -0.969211
v -2.370520 1.463247 -0.969211
v -2.453314 1.562825 -0.474236
v -2.453314 1.562825 -0.474236
v -2.453314 1.562825 -0.474236
v -2.453314 1.562825 -0.474236
v -2.453314 1.562825 -0.474236
v -2.453314 1.562825 -0.474236
v -2.270353 1.503885 -1.117031
v -2.270353 1.503885 -1.117031
v -2.270353 1.503885 -1.117031
v -2.270353 1.503885 -1.117031
v -2.270353 1.503885 -1.117031
v -2.545985 1.463512 0.286530
v -2.545985 1.463512 0.286530
v -2.545985 1.463512 0.286530
v -2.545985 1.463512 0.286530
v -2.545985 1.463512 0.286530
v -2.545985 1.463512 0.286530
v -2.545985 1.463512 0.286530
v -2.545985 1.463512 0.286530
v 0.249684 2.732944 1.064240
v 0.249684 2.732944 1.064240
v 0.249684 2.732944 1.064240
v 0.280667 2.689380 1.162925
v 0.280667 2.689380 1.162925
v 0.280667 2.689380 1.162925
v 0.280667 2.689380 1.162925
v 0.280667 2.689380 1.162925
v -0.350431 2.716403 1.078099
v -0.350431 2.716403 1.078099
v -0.350431 2.716403 1.078099
v -0.237988 2.715780 1.114438
v -0.237988 2.715780 1.114438
v -0.237988 2.715780 1.114438
v -0.237988 2.715780 1.114438
v -0.237988 2.715780 1.114438
v -0.237988 2.715780 1.114438
v 0.126126 2.634506 1.309520
v 0.126126 2.634506 1.309520
v 0.126126 2.634506 1.309520
v 0.126126 2.634506 1.309520
v -0.435486 2.675556 1.147044
v -0.435486 2.675556 1.147044
v -0.435486 2.675556 1.147044
v -0.435486 2.675556 1.147044
v -0.208778 2.671409 1.218150
v -0.208778 2.671409 1.218150
v -0.208778 2.671409 1.218150
v 0.157720 2.581251 1.408456
v 0.157720 2.581251 1.408456
v 0.157720 2.581251 1.408456
v 0.157720 2.581251 1.408456
v 0.157720 2.581251 1.408456
v -0.408432 2.636164 1.254618
v -0.408432 2.636164 1.254618
v -0.408432 2.636164 1.254618
v -0.408432 2.636164 1.254618
v -0.293126 2.632039 1.289382
v -0.293126 2.632039 1.289382
v -0.293126 2.632039 1.289382
v -0.293126 2.632039 1.289382
v 0.219791 2.462986 1.602411
v 0.219791 2.462986 1.602411
v 0.219791 2.462986 1.602411
v 0.219791 2.462986 1.602411
v 0.219791 2.462986 1.602411
v 0.219791 2.462986 1.602411
v 0.078212 2.542870 1.480413
v 0.078212 2.542870 1.480413
v 0.078212 2.542870 1.480413
v 0.078212 2.542870 1.480413
v 0.250527 2.401042 1.695984
v 0.250527 2.401042 1.695984
v 0.250527 2.401042 1.695984
v 0.250527 2.401042 1.695984
v 0.250527 2.401042 1.695984
v 0.250527 2.401042 1.695984
v -0.117765 2.515325 1.524227
v -0.117765 2.515325 1.524227
v -0.117765 2.515325 1.524227
v -0.117765 2.515325 1.524227
v -0.002397 2.500786 1.552414
v -0.002397 2.500786 1.552414
v -0.002397 2.500786 1.552414
v 0.109813 2.482322 1.577956
v 0.109813 2.482322 1.577956
v 0.109813 2.482322 1.577956
v -0.202315 2.472850 1.597714
v -0.202315 2.472850 1.597714
v -0.202315 2.472850 1.597714
v -0.202315 2.472850 1.597714
v -0.085811 2.455296 1.623147
v -0.085811 2.455296 1.623147
v -0.085811 2.455296 1.623147
v -0.085811 2.455296 1.623147
v -0.085811 2.455296 1.623147
v -0.085811 2.455296 1.623147
v -0.085811 2.455296 1.623147
v 0.028864 2.439812 1.648968
v 0.028864 2.439812 1.648968
v 0.028864 2.439812 1.648968
v 0.028864 2.439812 1.648968
v 0.028864 2.439812 1.648968
v -0.285071 2.413747 1.660280
v -0.285071 2.413747 1.660280
v -0.285071 2.413747 1.660280
v -0.285071 2.413747 1.660280
v -0.169219 2.403442 1.690789
v -0.169219 2.403442 1.690789
v -0.169219 2.403442 1.690789
v -0.169219 2.403442 1.690789
v -0.169219 2.403442 1.690789
v -0.169219 2.403442 1.690789
v -0.169219 2.403442 1.690789
v -0.054375 2.389467 1.717979
v -0.054375 2.389467 1.717979
v -0.054375 2.389467 1.717979
v -0.054375 2.389467 1.717979
v -0.054375 2.389467 1.717979
v -0.054375 2.389467 1.717979
v 0.267675 2.233198 1.903395
v 0.267675 2.233198 1.903395
v 0.267675 2.233198 1.903395
v 0.267675 2.233198 1.903395
v 0.267675 2.233198 1.903395
v 0.267675 2.233198 1.903395
v 0.267675 2.233198 1.903395
v 0.267675 2.233198 1.903395
v -0.369785 2.355591 1.725805
v -0.369785 2.355591 1.725805
v -0.369785 2.355591 1.725805
v -0.337396 2.288818 1.822799
v -0.337396 2.288818 1.822799
v -0.337396 2.288818 1.822799
v -0.337396 2.288818 1.822799
v -0.137584 2.335825 1.785760
v -0.137584 2.335825 1.785760
v -0.137584 2.335825 1.785760
v -0.105768 2.265887 1.878660
v -0.105768 2.265887 1.878660
v -0.105768 2.265887 1.878660
v -0.105768 2.265887 1.878660
v -0.105768 2.265887 1.878660
v -0.105768 2.265887 1.878660
v 0.090903 2.301506 1.832679
v 0.090903 2.301506 1.832679
v 0.090903 2.301506 1.832679
v 0.090903 2.301506 1.832679
v 0.090903 2.301506 1.832679
v 0.090903 2.301506 1.832679
v 0.569357 2.047319 2.043499
v 0.569357 2.047319 2.043499
v 0.569357 2.047319 2.043499
v 0.569357 2.047319 2.043499
v 0.569357 2.047319 2.043499
v 0.569357 2.047319 2.043499
v 0.569357 2.047319 2.043499
v 0.008682 2.248094 1.899981
v 0.008682 2.248094 1.899981
v 0.008682 2.248094 1.899981
v 0.008682 2.248094 1.899981
v 0.008682 2.248094 1.899981
v -0.074635 2.195039 1.966940
v -0.074635 2.195039 1.966940
v -0.074635 2.195039 1.966940
v -0.074635 2.195039 1.966940
v -0.074635 2.195039 1.966940
v -0.042179 2.114538 2.047182
v -0.042179 2.114538 2.047182
v -0.042179 2.114538 2.047182
v -0.042179 2.114538 2.047182
v 0.124601 1.932949 2.223547
v 0.124601 1.932949 2.223547
v 0.124601 1.932949 2.223547
v 0.124601 1.932949 2.223547
v 0.124601 1.932949 2.223547
v 0.124601 1.932949 2.223547
v 0.124601 1.932949 2.223547
v 0.124601 1.932949 2.223547
v 0.124601 1.932949 2.223547
v 0.288628 2.049816 2.092589
v 0.288628 2.049816 2.092589
v 0.288628 2.049816 2.092589
v 0.288628 2.049816 2.092589
v 0.288628 2.049816 2.092589
v 0.494037 1.996758 2.106545
v 0.494037 1.996758 2.106545
v 0.494037 1.996758 2.106545
v 0.494037 1.996758 2.106545
v 0.494037 1.996758 2.106545
v 0.591431 1.966790 2.108527
v 0.591431 1.966790 2.108527
v 0.591431 1.966790 2.108527
v 0.591431 1.966790 2.108527
v 0.591431 1.966790 2.108527
v 0.591431 1.966790 2.108527
v -0.238076 2.067677 2.083855
v -0.238076 2.067677 2.083855
v -0.238076 2.067677 2.083855
v -0.238076 2.067677 2.083855
v -0.238076 2.067677 2.083855
v -0.122906 2.053011 2.105765
v -0.122906 2.053011 2.105765
v -0.122906 2.053011 2.105765
v -0.122906 2.053011 2.105765
v 0.517106 1.916447 2.173423
v 0.517106 1.916447 2.173423
v 0.517106 1.916447 2.173423
v 0.517106 1.916447 2.173423
v 0.706700 1.857225 2.173081
v 0.706700 1.857225 2.173081
v 0.706700 1.857225 2.173081
v 0.706700 1.857225 2.173081
v -0.400719 1.928163 2.189590
v -0.400719 1.928163 2.189590
v -0.400719 1.928163 2.189590
v -0.400719 1.928163 2.189590
v -0.218663 1.756455 2.356453
v -0.218663 1.756455 2.356453
v -0.218663 1.756455 2.356453
v -0.218663 1.756455 2.356453
v -0.218663 1.756455 2.356453
v -0.218663 1.756455 2.356453
v -0.218663 1.756455 2.356453
v -0.218663 1.756455 2.356453
v -0.330262 1.765473 2.333610
v -0.330262 1.765473 2.333610
v -0.330262 1.765473 2.333610
v 0.079787 1.794976 2.338291
v 0.079787 1.794976 2.338291
v 0.079787 1.794976 2.338291
v 0.079787 1.794976 2.338291
v 0.079787 1.794976 2.338291
v 0.489566 1.700802 2.351994
v 0.489566 1.700802 2.351994
v 0.489566 1.700802 2.351994
v 0.489566 1.700802 2.351994
v -0.107685 1.741225 2.370750
v -0.107685 1.741225 2.370750
v -0.107685 1.741225 2.370750
v -0.107685 1.741225 2.370750
v -0.107685 1.741225 2.370750
v 0.001763 1.726188 2.384169
v 0.001763 1.726188 2.384169
v 0.001763 1.726188 2.384169
v 0.001763 1.726188 2.384169
v 0.275466 1.529201 2.504238
v 0.275466 1.529201 2.504238
v 0.275466 1.529201 2.504238
v 0.275466 1.529201 2.504238
v 0.275466 1.529201 2.504238
v 0.275466 1.529201 2.504238
v 0.510737 1.624035 2.408870
v 0.510737 1.624035 2.408870
v 0.510737 1.624035 2.408870
v 0.510737 1.624035 2.408870
v 0.510737 1.624035 2.408870
v 0.510737 1.624035 2.408870
v 0.510737 1.624035 2.408870
v 0.689789 1.570011 2.393495
v 0.689789 1.570011 2.393495
v 0.689789 1.570011 2.393495
v -0.151398 1.502624 2.532998
v -0.151398 1.502624 2.532998
v -0.151398 1.502624 2.532998
v -0.151398 1.502624 2.532998
v -0.151398 1.502624 2.532998
v -0.151398 1.502624 2.532998
v -0.151398 1.502624 2.532998
v -0.151398 1.502624 2.532998
v 0.706794 1.493680 2.439262
v 0.706794 1.493680 2.439262
v 0.706794 1.493680 2.439262
v 0.706794 1.493680 2.439262
v 0.706794 1.493680 2.439262
v 0.706794 1.493680 2.439262
v 0.459741 2.792446 0.822961
v 0.459741 2.792446 0.822961
v 0.459741 2.792446 0.822961
v 0.863552 2.801701 0.275201
v 0.863552 2.801701 0.275201
v 0.863552 2.801701 0.275201
v 0.926787 2.795672 0.183560
v 0.926787 2.795672 0.183560
v 0.926787 2.795672 0.183560
v 0.926787 2.795672 0.183560
v 0.926787 2.795672 0.183560
v 0.926787 2.795672 0.183560
v 0.926787 2.795672 0.183560
v 0.809425 2.757495 0.661260
v 0.809425 2.757495 0.661260
v 0.809425 2.757495 0.661260
v 0.809425 2.757495 0.661260
v 0.809425 2.757495 0.661260
v 0.945916 2.752965 0.471097
v 0.945916 2.752965 0.471097
v 0.945916 2.752965 0.471097
v 0.945916 2.752965 0.471097
v 0.945916 2.752965 0.471097
v 1.328693 2.632995 -0.043606
v 1.328693 2.632995 -0.043606
v 1.328693 2.632995 -0.043606
v 1.328693 2.632995 -0.043606
v 1.328693 2.632995 -0.043606
v 0.777788 2.711974 0.854780
v 0.777788 2.711974 0.854780
v 0.777788 2.711974 0.854780
v 0.777788 2.711974 0.854780
v 0.777788 2.711974 0.854780
v 0.777788 2.711974 0.854780
v 0.777788 2.711974 0.854780
v 0.846942 2.714308 0.761059
v 0.846942 2.714308 0.761059
v 0.846942 2.714308 0.761059
v 0.846942 2.714308 0.761059
v 1.304815 2.608589 0.437835
v 1.304815 2.608589 0.437835
v 1.304815 2.608589 0.437835
v 1.304815 2.608589 0.437835
v 1.304815 2.608589 0.437835
v 1.304815 2.608589 0.437835
v 1.304815 2.608589 0.437835
v 1.304815 2.608589 0.437835
v 1.118485 2.589523 0.858582
v 1.118485 2.589523 0.858582
v 1.118485 2.589523 0.858582
v 1.118485 2.589523 0.858582
v 1.118485 2.589523 0.858582
v 1.118485 2.589523 0.858582
v 1.118485 2.589523 0.858582
v 1.539612 2.515056 -0.044383
v 1.539612 2.515056 -0.044383
v 1.539612 2.515056 -0.044383
v 1.539612 2.515056 -0.044383
v 1.539612 2.515056 -0.044383
v 0.959758 2.512146 1.212457
v 0.959758 2.512146 1.212457
v 0.959758 2.512146 1.212457
v 0.959758 2.512146 1.212457
v 0.959758 2.512146 1.212457
v 0.959758 2.512146 1.212457
v 0.959758 2.512146 1.212457
v 0.672080 2.373145 1.617740
v 0.672080 2.373145 1.617740
v 0.672080 2.373145 1.617740
v 0.672080 2.373145 1.617740
v 0.672080 2.373145 1.617740
v 0.672080 2.373145 1.617740
v 0.672080 2.373145 1.617740
v 1.587228 2.388067 0.690264
v 1.587228 2.388067 0.690264
v 1.587228 2.388067 0.690264
v 1.587228 2.388067 0.690264
v 1.587228 2.388067 0.690264
v 1.587228 2.388067 0.690264
v 1.587228 2.388067 0.690264
v 1.714697 2.381524 0.270506
v 1.714697 2.381524 0.270506
v 1.714697 2.381524 0.270506
v 1.714697 2.381524 0.270506
v 1.714697 2.381524 0.270506
v 1.464582 2.308666 1.104246
v 1.464582 2.308666 1.104246
v 1.464582 2.308666 1.104246
v 1.464582 2.308666 1.104246
v 1.464582 2.308666 1.104246
v 1.464582 2.308666 1.104246
v 1.464582 2.308666 1.104246
v 0.667455 2.018483 2.051110
v 0.667455 2.018483 2.051110
v 0.667455 2.018483 2.051110
v 0.667455 2.018483 2.051110
v 0.667455 2.018483 2.051110
v 0.667455 2.018483 2.051110
v 0.981035 2.339715 1.503632
v 0.981035 2.339715 1.503632
v 0.981035 2.339715 1.503632
v 0.981035 2.339715 1.503632
v 0.981035 2.339715 1.503632
v 1.276707 2.254531 1.403420
v 1.276707 2.254531 1.403420
v 1.276707 2.254531 1.403420
v 1.276707 2.254531 1.403420
v 1.276707 2.254531 1.403420
v 1.964613 2.162235 0.400315
v 1.964613 2.162235 0.400315
v 1.964613 2.162235 0.400315
v 1.964613 2.162235 0.400315
v 1.964613 2.162235 0.400315
v 1.964613 2.162235 0.400315
v 1.107488 2.044504 1.813000
v 1.107488 2.044504 1.813000
v 1.107488 2.044504 1.813000
v 1.107488 2.044504 1.813000
v 1.107488 2.044504 1.813000
v 1.107488 2.044504 1.813000
v 1.107488 2.044504 1.813000
v 1.107488 2.044504 1.813000
v 1.817332 2.096469 0.994942
v 1.817332 2.096469 0.994942
v 1.817332 2.096469 0.994942
v 1.817332 2.096469 0.994942
v 1.817332 2.096469 0.994942
v 1.984225 2.054043 0.735245
v 1.984225 2.054043 0.735245
v 1.984225 2.054043 0.735245
v 1.984225 2.054043 0.735245
v 1.984225 2.054043 0.735245
v 1.984225 2.054043 0.735245
v 2.246629 1.908993 0.108224
v 2.246629 1.908993 0.108224
v 2.246629 1.908993 0.108224
v 2.246629 1.908993 0.108224
v 2.246629 1.908993 0.108224
v 2.246629 1.908993 0.108224
v 0.761155 1.969576 2.057551
v 0.761155 1.969576 2.057551
v 0.761155 1.969576 2.057551
v 0.761155 1.969576 2.057551
v 0.761155 1.969576 2.057551
v 0.761155 1.969576 2.057551
v 1.478848 1.999838 1.584904
v 1.478848 1.999838 1.584904
v 1.478848 1.999838 1.584904
v 1.478848 1.999838 1.584904
v 1.478848 1.999838 1.584904
v 1.478848 1.999838 1.584904
v 1.478848 1.999838 1.584904
v 0.799902 1.808030 2.182014
v 0.799902 1.808030 2.182014
v 0.799902 1.808030 2.182014
v 1.806396 1.907776 1.340447
v 1.806396 1.907776 1.340447
v 1.806396 1.907776 1.340447
v 1.806396 1.907776 1.340447
v 1.806396 1.907776 1.340447
v 1.806396 1.907776 1.340447
v 2.267645 1.834446 0.425117
v 2.267645 1.834446 0.425117
v 2.267645 1.834446 0.425117
v 2.267645 1.834446 0.425117
v 2.267645 1.834446 0.425117
v 2.267645 1.834446 0.425117
v 0.894522 1.755560 2.188071
v 0.894522 1.755560 2.188071
v 0.894522 1.755560 2.188071
v 0.894522 1.755560 2.188071
v 1.051924 1.807063 2.071705
v 1.051924 1.807063 2.071705
v 1.051924 1.807063 2.071705
v 1.051924 1.807063 2.071705
v 1.051924 1.807063 2.071705
v 1.051924 1.807063 2.071705
v 1.227280 1.770946 2.007692
v 1.227280 1.770946 2.007692
v 1.227280 1.770946 2.007692
v 1.227280 1.770946 2.007692
v 1.227280 1.770946 2.007692
v 1.412472 1.645301 1.998527
v 1.412472 1.645301 1.998527
v 1.412472 1.645301 1.998527
v 1.412472 1.645301 1.998527
v 1.412472 1.645301 1.998527
v 1.412472 1.645301 1.998527
v 1.146654 1.748700 2.071515
v 1.146654 1.748700 2.071515
v 1.146654 1.748700 2.071515
v 1.689407 1.560431 1.850048
v 1.689407 1.560431 1.850048
v 1.689407 1.560431 1.850048
v 1.689407 1.560431 1.850048
v 1.689407 1.560431 1.850048
v 1.689407 1.560431 1.850048
v 1.689407 1.560431 1.850048
v 2.014469 1.850526 1.095384
v 2.014469 1.850526 1.095384
v 2.014469 1.850526 1.095384
v 2.014469 1.850526 1.095384
v 2.014469 1.850526 1.095384
v 2.267696 1.689136 0.833148
v 2.267696 1.689136 0.833148
v 2.267696 1.689136 0.833148
v 2.267696 1.689136 0.833148
v 2.267696 1.689136 0.833148
v 2.267696 1.689136 0.833148
v 2.548444 1.474159 0.185316
v 2.548444 1.474159 0.185316
v 2.548444 1.474159 0.185316
v 2.548444 1.474159 0.185316
v 2.548444 1.474159 0.185316
v 2.548444 1.474159 0.185316
v 2.548444 1.474159 0.185316
v 2.548444 1.474159 0.185316
v 0.848464 1.570370 2.340526
v 0.848464 1.570370 2.340526
v 0.848464 1.570370 2.340526
v 0.848464 1.570370 2.340526
v 0.925704 1.599099 2.297067
v 0.925704 1.599099 2.297067
v 0.925704 1.599099 2.297067
v 0.925704 1.599099 2.297067
v 1.846689 1.583481 1.666645
v 1.846689 1.583481 1.666645
v 1.846689 1.583481 1.666645
v 1.846689 1.583481 1.666645
v 1.846689 1.583481 1.666645
v 1.846689 1.583481 1.666645
v 0.859618 1.491614 2.387663
v 0.859618 1.491614 2.387663
v 0.859618 1.491614 2.387663
v 0.859618 1.491614 2.387663
v 1.014576 1.543592 2.297120
v 1.014576 1.543592 2.297120
v 1.014576 1.543592 2.297120
v 1.014576 1.543592 2.297120
v 1.091894 1.564915 2.242676
v 1.091894 1.564915 2.242676
v 1.091894 1.564915 2.242676
v 1.091894 1.564915 2.242676
v 2.115304 1.592347 1.295069
v 2.115304 1.592347 1.295069
v 2.115304 1.592347 1.295069
v 2.115304 1.592347 1.295069
v 2.115304 1.592347 1.295069
v 2.115304 1.592347 1.295069
v 2.115304 1.592347 1.295069
v 2.115304 1.592347 1.295069
v 2.465220 1.491636 0.624435
v 2.465220 1.491636 0.624435
v 2.465220 1.491636 0.624435
v 2.465220 1.491636 0.624435
v 2.465220 1.491636 0.624435
v 2.465220 1.491636 0.624435
v 1.181441 1.507121 2.240675
v 1.181441 1.507121 2.240675
v 1.181441 1.507121 2.240675
v 1.181441 1.507121 2.240675
v 1.181441 1.507121 2.240675
v 1.181441 1.507121 2.240675
v 1.418664 1.561521 2.054684
v 1.418664 1.561521 2.054684
v 1.418664 1.561521 2.054684
v 1.418664 1.561521 2.054684
v 1.418664 1.561521 2.054684
v 1.418664 1.561521 2.054684
v 2.698957 0.961014 -0.705449
v 2.698957 0.961014 -0.705449
v 2.698957 0.961014 -0.705449
v 2.698957 0.961014 -0.705449
v 2.698957 0.961014 -0.705449
v 2.698957 0.961014 -0.705449
v 2.698957 0.961014 -0.705449
v 2.698957 0.961014 -0.705449
v 2.698957 0.961014 -0.705449
v 2.650636 1.055567 -0.739752
v 2.650636 1.055567 -0.739752
v 2.650636 1.055567 -0.739752
v 2.650636 1.055567 -0.739752
v 2.650636 1.055567 -0.739752
v 2.481493 1.328478 -0.879326
v 2.481493 1.328478 -0.879326
v 2.481493 1.328478 -0.879326
v 2.481493 1.328478 -0.879326
v 2.481493 1.328478 -0.879326
v 2.481493 1.328478 -0.879326
v 2.481493 1.328478 -0.879326
v 2.813824 0.573459 -0.653227
v 2.813824 0.573459 -0.653227
v 2.813824 0.573459 -0.653227
v 2.813824 0.573459 -0.653227
v 2.813824 0.573459 -0.653227
v 2.813824 0.573459 -0.653227
v 2.815840 0.481373 -0.714362
v 2.815840 0.481373 -0.714362
v 2.815840 0.481373 -0.714362
v 2.815840 0.481373 -0.714362
v 2.720746 0.597388 -0.965347
v 2.720746 0.597388 -0.965347
v 2.720746 0.597388 -0.965347
v 2.720746 0.597388 -0.965347
v 2.720746 0.597388 -0.965347
v 2.622516 0.982227 -0.906398
v 2.622516 0.982227 -0.906398
v 2.622516 0.982227 -0.906398
v 2.630539 0.892426 -0.974492
v 2.630539 0.892426 -0.974492
v 2.630539 0.892426 -0.974492
v 2.581459 0.992823 -1.011124
v 2.581459 0.992823 -1.011124
v 2.581459 0.992823 -1.011124
v 2.479041 1.097940 -1.149179
v 2.479041 1.097940 -1.149179
v 2.479041 1.097940 -1.149179
v 2.479041 1.097940 -1.149179
v 2.751210 0.494559 -0.922076
v 2.751210 0.494559 -0.922076
v 2.751210 0.494559 -0.922076
v 2.418637 1.192381 -1.180025
v 2.418637 1.192381 -1.180025
v 2.418637 1.192381 -1.180025
v 2.418637 1.192381 -1.180025
v 2.366572 1.200093 -1.283895
v 2.366572 1.200093 -1.283895
v 2.366572 1.200093 -1.283895
v 2.366572 1.200093 -1.283895
v 2.366572 1.200093 -1.283895
v 2.366572 1.200093 -1.283895
v 2.161139 1.465550 -1.358576
v 2.161139 1.465550 -1.358576
v 2.161139 1.465550 -1.358576
v 2.783746 0.098588 -0.955387
v 2.783746 0.098588 -0.955387
v 2.783746 0.098588 -0.955387
v 2.367044 1.109891 -1.352485
v 2.367044 1.109891 -1.352485
v 2.367044 1.109891 -1.352485
v 2.237616 1.297170 -1.408705
v 2.237616 1.297170 -1.408705
v 2.237616 1.297170 -1.408705
v 2.237616 1.297170 -1.408705
v 2.705604 0.100478 -1.166426
v 2.705604 0.100478 -1.166426
v 2.705604 0.100478 -1.166426
v 2.705604 0.100478 -1.166426
v 2.705604 0.100478 -1.166426
v 2.705604 0.100478 -1.166426
v 2.705604 0.100478 -1.166426
v 2.705604 0.100478 -1.166426
v 2.482350 0.818877 -1.356473
v 2.482350 0.818877 -1.356473
v 2.482350 0.818877 -1.356473
v 2.482350 0.818877 -1.356473
v 2.482350 0.818877 -1.356473
v 2.425691 0.919340 -1.390959
v 2.425691 0.919340 -1.390959
v 2.425691 0.919340 -1.390959
v 2.425691 0.919340 -1.390959
v 2.304372 1.113544 -1.453908
v 2.304372 1.113544 -1.453908
v 2.304372 1.113544 -1.453908
v 2.304372 1.113544 -1.453908
v 2.238779 1.207647 -1.481013
v 2.238779 1.207647 -1.481013
v 2.238779 1.207647 -1.481013
v 2.612279 0.409952 -1.303221
v 2.612279 0.409952 -1.303221
v 2.612279 0.409952 -1.303221
v 2.612279 0.409952 -1.303221
v 2.420173 0.821870 -1.459861
v 2.420173 0.821870 -1.459861
v 2.420173 0.821870 -1.459861
v 2.420173 0.821870 -1.459861
v 2.420173 0.821870 -1.459861
v 2.420173 0.821870 -1.459861
v 2.362679 0.922505 -1.493539
v 2.362679 0.922505 -1.493539
v 2.362679 0.922505 -1.493539
v 2.362679 0.922505 -1.493539
v 2.602268 0.101217 -1.375639
v 2.602268 0.101217 -1.375639
v 2.602268 0.101217 -1.375639
v 2.602268 0.101217 -1.375639
v 2.602268 0.101217 -1.375639
v 2.602268 0.101217 -1.375639
v 2.602268 0.101217 -1.375639
v 2.553891 0.411916 -1.408110
v 2.553891 0.411916 -1.408110
v 2.553891 0.411916 -1.408110
v 2.553891 0.411916 -1.408110
v 2.462579 0.617976 -1.489239
v 2.462579 0.617976 -1.489239
v 2.462579 0.617976 -1.489239
v 2.398386 0.620093 -1.593230
v 2.398386 0.620093 -1.593230
v 2.398386 0.620093 -1.593230
v 2.398386 0.620093 -1.593230
v 2.355003 0.823573 -1.561930
v 2.355003 0.823573 -1.561930
v 2.355003 0.823573 -1.561930
v 2.669855 -0.197285 -1.226601
v 2.669855 -0.197285 -1.226601
v 2.669855 -0.197285 -1.226601
v 2.669855 -0.197285 -1.226601
v 2.627848 0.000142 -1.326017
v 2.627848 0.000142 -1.326017
v 2.627848 0.000142 -1.326017
v 2.627848 0.000142 -1.326017
v 2.627848 0.000142 -1.326017
v 2.533553 0.308318 -1.469231
v 2.533553 0.308318 -1.469231
v 2.533553 0.308318 -1.469231
v 2.600496 -0.387642 -1.326050
v 2.600496 -0.387642 -1.326050
v 2.600496 -0.387642 -1.326050
v 2.600496 -0.387642 -1.326050
v 2.598598 -0.099736 -1.378871
v 2.598598 -0.099736 -1.378871
v 2.598598 -0.099736 -1.378871
v 2.598598 -0.099736 -1.378871
v 2.572927 0.000273 -1.429676
v 2.572927 0.000273 -1.429676
v 2.572927 0.000273 -1.429676
v 2.572927 0.000273 -1.429676
v 2.572927 0.000273 -1.429676
v 2.572927 0.000273 -1.429676
v 2.427464 0.413280 -1.612633
v 2.427464 0.413280 -1.612633
v 2.427464 0.413280 -1.612633
v 2.427464 0.413280 -1.612633
v 2.379586 0.518154 -1.653198
v 2.379586 0.518154 -1.653198
v 2.379586 0.518154 -1.653198
v 2.379586 0.518154 -1.653198
v 2.561104 -0.481334 -1.372313
v 2.561104 -0.481334 -1.372313
v 2.561104 -0.481334 -1.372313
v 2.529385 -0.297196 -1.478421
v 2.529385 -0.297196 -1.478421
v 2.529385 -0.297196 -1.478421
v 2.529385 -0.297196 -1.478421
v 2.516619 0.001035 -1.534143
v 2.516619 0.001035 -1.534143
v 2.516619 0.001035 -1.534143
v 2.516619 0.001035 -1.534143
v 2.516619 0.001035 -1.534143
v 2.516619 0.001035 -1.534143
v 2.403363 0.308863 -1.671048
v 2.403363 0.308863 -1.671048
v 2.403363 0.308863 -1.671048
v 2.333256 0.308815 -1.770791
v 2.333256 0.308815 -1.770791
v 2.333256 0.308815 -1.770791
v 2.333256 0.308815 -1.770791
v 2.333256 0.308815 -1.770791
v 2.333256 0.308815 -1.770791
v 2.307634 0.518106 -1.752244
v 2.307634 0.518106 -1.752244
v 2.307634 0.518106 -1.752244
v 2.307634 0.518106 -1.752244
v 2.443512 -0.200157 -1.631455
v 2.443512 -0.200157 -1.631455
v 2.443512 -0.200157 -1.631455
v 2.283942 0.413110 -1.810220
v 2.283942 0.413110 -1.810220
v 2.283942 0.413110 -1.810220
v 2.467293 -0.297899 -1.577254
v 2.467293 -0.297899 -1.577254
v 2.467293 -0.297899 -1.577254
v 2.467293 -0.297899 -1.577254
v 2.235046 0.000590 -1.917968
v 2.235046 0.000590 -1.917968
v 2.235046 0.000590 -1.917968
v 2.367820 -0.746574 -1.583962
v 2.367820 -0.746574 -1.583962
v 2.367820 -0.746574 -1.583962
v 2.367820 -0.746574 -1.583962
v 2.155505 0.000600 -2.006395
v 2.155505 0.000600 -2.006395
v 2.155505 0.000600 -2.006395
v 2.155505 0.000600 -2.006395
v 2.176981 -0.995361 -1.725835
v 2.176981 -0.995361 -1.725835
v 2.176981 -0.995361 -1.725835
v 2.176981 -0.995361 -1.725835
v 2.176981 -0.995361 -1.725835
v 2.176981 -0.995361 -1.725835
v 2.176981 -0.995361 -1.725835
v 2.176981 -0.995361 -1.725835
v 2.154832 -0.199853 -1.998945
v 2.154832 -0.199853 -1.998945
v 2.154832 -0.199853 -1.998945
v 2.154832 -0.199853 -1.998945
v 2.236956 -0.746592 -1.761411
v 2.236956 -0.746592 -1.761411
v 2.236956 -0.746592 -1.761411
v 2.236956 -0.746592 -1.761411
v 2.222003 -0.661596 -1.819820
v 2.222003 -0.661596 -1.819820
v 2.222003 -0.661596 -1.819820
v 2.222003 -0.661596 -1.819820
v 2.072785 -0.198094 -2.080442
v 2.072785 -0.198094 -2.080442
v 2.072785 -0.198094 -2.080442
v 2.072785 -0.198094 -2.080442
v 2.072785 -0.198094 -2.080442
v 2.072785 -0.198094 -2.080442
v 2.034124 -0.098719 -2.127012
v 2.034124 -0.098719 -2.127012
v 2.034124 -0.098719 -2.127012
v 2.034124 -0.098719 -2.127012
v 2.034124 -0.098719 -2.127012
v 2.030180 -0.294005 -2.113256
v 2.030180 -0.294005 -2.113256
v 2.030180 -0.294005 -2.113256
v 2.030180 -0.294005 -2.113256
v 2.030180 -0.294005 -2.113256
v 2.080365 -1.151217 -1.740934
v 2.080365 -1.151217 -1.740934
v 2.080365 -1.151217 -1.740934
v 2.080365 -1.151217 -1.740934
v 1.983665 -0.385550 -2.140195
v 1.983665 -0.385550 -2.140195
v 1.983665 -0.385550 -2.140195
v 1.983665 -0.385550 -2.140195
v 1.946545 -0.291204 -2.188628
v 1.946545 -0.291204 -2.188628
v 1.946545 -0.291204 -2.188628
v 1.946545 -0.291204 -2.188628
v 1.946545 -0.291204 -2.188628
v 1.822105 -0.192517 -2.305721
v 1.822105 -0.192517 -2.305721
v 1.822105 -0.192517 -2.305721
v 1.822105 -0.192517 -2.305721
v 1.822105 -0.192517 -2.305721
v 1.822105 -0.192517 -2.305721
v 1.822105 -0.192517 -2.305721
v 1.822105 -0.192517 -2.305721
v 1.862928 -0.097204 -2.276852
v 1.862928 -0.097204 -2.276852
v 1.862928 -0.097204 -2.276852
v -0.898793 1.118498 -2.575465
v -0.898793 1.118498 -2.575465
v -0.898793 1.118498 -2.575465
v -0.898793 1.118498 -2.575465
v -0.966009 1.020550 -2.586356
v -0.966009 1.020550 -2.586356
v -0.966009 1.020550 -2.586356
v -1.077610 1.017632 -2.543048
v -1.077610 1.017632 -2.543048
v -1.077610 1.017632 -2.543048
v -1.077610 1.017632 -2.543048
v -1.077610 1.017632 -2.543048
v -1.077610 1.017632 -2.543048
v -1.119550 1.110858 -2.485263
v -1.119550 1.110858 -2.485263
v -1.119550 1.110858 -2.485263
v -1.119550 1.110858 -2.485263
v -1.144499 0.918501 -2.551554
v -1.144499 0.918501 -2.551554
v -1.144499 0.918501 -2.551554
v -1.253953 0.914379 -2.503263
v -1.253953 0.914379 -2.503263
v -1.253953 0.914379 -2.503263
v -1.253953 0.914379 -2.503263
v -2.525187 1.135470 -1.002421
v -2.525187 1.135470 -1.002421
v -2.525187 1.135470 -1.002421
v -2.525187 1.135470 -1.002421
v -2.536593 1.241462 -0.844251
v -2.536593 1.241462 -0.844251
v -2.536593 1.241462 -0.844251
v -2.536593 1.241462 -0.844251
v -2.536593 1.241462 -0.844251
v -2.556839 1.149693 -0.901536
v -2.556839 1.149693 -0.901536
v -2.556839 1.149693 -0.901536
v -2.735883 0.903871 -0.649988
v -2.735883 0.903871 -0.649988
v -2.735883 0.903871 -0.649988
v -2.735883 0.903871 -0.649988
v -2.704345 1.107794 -0.413798
v -2.704345 1.107794 -0.413798
v -2.704345 1.107794 -0.413798
v -2.704345 1.107794 -0.413798
v -2.704345 1.107794 -0.413798
v -2.704345 1.107794 -0.413798
v -2.704345 1.107794 -0.413798
v -2.750501 0.909423 -0.535439
v -2.750501 0.909423 -0.535439
v -2.750501 0.909423 -0.535439
v -2.750501 0.909423 -0.535439
v -2.750501 0.909423 -0.535439
v -2.552315 1.466957 -0.172264
v -2.552315 1.466957 -0.172264
v -2.552315 1.466957 -0.172264
v -2.552315 1.466957 -0.172264
v -2.552315 1.466957 -0.172264
v -2.552315 1.466957 -0.172264
v -2.789486 0.813529 -0.479105
v -2.789486 0.813529 -0.479105
v -2.789486 0.813529 -0.479105
v -2.789486 0.813529 -0.479105
v -2.781004 0.919847 -0.300035
v -2.781004 0.919847 -0.300035
v -2.781004 0.919847 -0.300035
v -2.781004 0.919847 -0.300035
v -2.781004 0.919847 -0.300035
v -2.781004 0.919847 -0.300035
v -2.816102 0.821612 -0.241726
v -2.816102 0.821612 -0.241726
v -2.816102 0.821612 -0.241726
v -2.816102 0.821612 -0.241726
v -2.816102 0.821612 -0.241726
v -2.837005 0.761603 -0.162094
v -2.837005 0.761603 -0.162094
v -2.837005 0.761603 -0.162094
v -2.837005 0.761603 -0.162094
v -2.795748 0.924682 -0.060549
v -2.795748 0.924682 -0.060549
v -2.795748 0.924682 -0.060549
v -2.795748 0.924682 -0.060549
v -2.795748 0.924682 -0.060549
v -2.795748 0.924682 -0.060549
v -2.795748 0.924682 -0.060549
v -2.795748 0.924682 -0.060549
v -2.795748 0.924682 -0.060549
v -2.724391 1.117440 0.059756
v -2.724391 1.117440 0.059756
v -2.724391 1.117440 0.059756
v -2.724391 1.117440 0.059756
v -2.852703 0.722717 -0.061343
v -2.852703 0.722717 -0.061343
v -2.852703 0.722717 -0.061343
v -2.852703 0.722717 -0.061343
v -2.794114 0.923677 0.060437
v -2.794114 0.923677 0.060437
v -2.794114 0.923677 0.060437
v -2.794114 0.923677 0.060437
v -2.794114 0.923677 0.060437
v -2.758262 1.020499 0.120500
v -2.758262 1.020499 0.120500
v -2.758262 1.020499 0.120500
v -2.679950 1.206776 0.235248
v -2.679950 1.206776 0.235248
v -2.679950 1.206776 0.235248
v -2.679950 1.206776 0.235248
v -2.618099 1.285264 0.406521
v -2.618099 1.285264 0.406521
v -2.618099 1.285264 0.406521
v -2.618099 1.285264 0.406521
v -2.527944 1.454356 0.397953
v -2.527944 1.454356 0.397953
v -2.527944 1.454356 0.397953
v -2.527944 1.454356 0.397953
v -2.527944 1.454356 0.397953
v -2.866204 0.664884 0.013041
v -2.866204 0.664884 0.013041
v -2.866204 0.664884 0.013041
v -2.866204 0.664884 0.013041
v -2.866204 0.664884 0.013041
v -2.823125 0.824124 0.121259
v -2.823125 0.824124 0.121259
v -2.823125 0.824124 0.121259
v -2.823125 0.824124 0.121259
v -2.823125 0.824124 0.121259
v -2.823125 0.824124 0.121259
v -2.711135 1.110904 0.296237
v -2.711135 1.110904 0.296237
v -2.711135 1.110904 0.296237
v -2.602143 1.277434 0.520631
v -2.602143 1.277434 0.520631
v -2.602143 1.277434 0.520631
v -2.878217 0.620601 0.121385
v -2.878217 0.620601 0.121385
v -2.878217 0.620601 0.121385
v -2.878217 0.620601 0.121385
v -2.878217 0.620601 0.121385
v -2.878217 0.620601 0.121385
v -2.878217 0.620601 0.121385
v -2.878217 0.620601 0.121385
v -2.805421 0.819534 0.361539
v -2.805421 0.819534 0.361539
v -2.805421 0.819534 0.361539
v -2.805421 0.819534 0.361539
v -2.882657 0.542479 0.174027
v -2.882657 0.542479 0.174027
v -2.882657 0.542479 0.174027
v -2.683640 1.099380 0.528380
v -2.683640 1.099380 0.528380
v -2.683640 1.099380 0.528380
v -2.683640 1.099380 0.528380
v -2.683640 1.099380 0.528380
v -2.683640 1.099380 0.528380
v -2.631489 1.184226 0.580357
v -2.631489 1.184226 0.580357
v -2.631489 1.184226 0.580357
v -2.631489 1.184226 0.580357
v -2.882323 0.514420 0.302522
v -2.882323 0.514420 0.302522
v -2.882323 0.514420 0.302522
v -2.882323 0.514420 0.302522
v -2.882323 0.514420 0.302522
v -2.882323 0.514420 0.302522
v -2.855325 0.616041 0.362693
v -2.855325 0.616041 0.362693
v -2.855325 0.616041 0.362693
v -2.855325 0.616041 0.362693
v -2.855325 0.616041 0.362693
v -2.823690 0.716161 0.421804
v -2.823690 0.716161 0.421804
v -2.823690 0.716161 0.421804
v -2.823690 0.716161 0.421804
v -2.705148 1.000480 0.587509
v -2.705148 1.000480 0.587509
v -2.705148 1.000480 0.587509
v -2.705148 1.000480 0.587509
v -2.658407 1.089582 0.640001
v -2.658407 1.089582 0.640001
v -2.658407 1.089582 0.640001
v -2.658407 1.089582 0.640001
v -2.658407 1.089582 0.640001
v -2.658407 1.089582 0.640001
v -2.896806 0.409952 0.362002
v -2.896806 0.409952 0.362002
v -2.896806 0.409952 0.362002
v -2.896806 0.409952 0.362002
v -2.896806 0.409952 0.362002
v -2.867772 0.512069 0.421407
v -2.867772 0.512069 0.421407
v -2.867772 0.512069 0.421407
v -2.867772 0.512069 0.421407
v -2.867772 0.512069 0.421407
v -2.681605 0.991536 0.699841
v -2.681605 0.991536 0.699841
v -2.681605 0.991536 0.699841
v -2.681605 0.991536 0.699841
v -2.633611 1.079499 0.750138
v -2.633611 1.079499 0.750138
v -2.633611 1.079499 0.750138
v -2.826665 0.504460 0.654150
v -2.826665 0.504460 0.654150
v -2.826665 0.504460 0.654150
v -2.826665 0.504460 0.654150
v -2.702284 0.892837 0.757385
v -2.702284 0.892837 0.757385
v -2.702284 0.892837 0.757385
v -2.702284 0.892837 0.757385
v -2.606880 1.069146 0.855960
v -2.606880 1.069146 0.855960
v -2.606880 1.069146 0.855960
v -2.606880 1.069146 0.855960
v -2.592573 0.959120 1.015606
v -2.592573 0.959120 1.015606
v -2.592573 0.959120 1.015606
v -2.592573 0.959120 1.015606
v -2.592573 0.959120 1.015606
v -2.575021 1.055483 0.958717
v -2.575021 1.055483 0.958717
v -2.575021 1.055483 0.958717
v -2.907152 -0.000488 0.470442
v -2.907152 -0.000488 0.470442
v -2.907152 -0.000488 0.470442
v -2.838176 0.403053 0.709808
v -2.838176 0.403053 0.709808
v -2.838176 0.403053 0.709808
v -2.838176 0.403053 0.709808
v -2.838176 0.403053 0.709808
v -2.838176 0.403053 0.709808
v -2.838176 0.403053 0.709808
v -2.838176 0.403053 0.709808
v -2.838176 0.403053 0.709808
v -2.765862 0.597926 0.817369
v -2.765862 0.597926 0.817369
v -2.765862 0.597926 0.817369
v -2.765862 0.597926 0.817369
v -2.765862 0.597926 0.817369
v -2.639007 0.871911 0.969229
v -2.639007 0.871911 0.969229
v -2.639007 0.871911 0.969229
v -2.903683 -0.197814 0.464373
v -2.903683 -0.197814 0.464373
v -2.903683 -0.197814 0.464373
v -2.903683 -0.197814 0.464373
v -2.895997 -0.099930 0.524888
v -2.895997 -0.099930 0.524888
v -2.895997 -0.099930 0.524888
v -2.895997 -0.099930 0.524888
v -2.895997 -0.099930 0.524888
v -2.777223 0.152880 0.984006
v -2.777223 0.152880 0.984006
v -2.777223 0.152880 0.984006
v -2.777223 0.152880 0.984006
v -2.777223 0.152880 0.984006
v -2.777223 0.152880 0.984006
v -2.841637 -0.145400 0.769237
v -2.841637 -0.145400 0.769237
v -2.841637 -0.145400 0.769237
v -2.841637 -0.145400 0.769237
v -2.841637 -0.145400 0.769237
v -2.841637 -0.145400 0.769237
v -2.841637 -0.145400 0.769237
v -2.621906 0.566721 1.219204
v -2.621906 0.566721 1.219204
v -2.621906 0.566721 1.219204
v -2.621906 0.566721 1.219204
v -2.687448 0.349419 1.160019
v -2.687448 0.349419 1.160019
v -2.687448 0.349419 1.160019
v -2.687448 0.349419 1.160019
v -2.687448 0.349419 1.160019
v -2.687448 0.349419 1.160019
v -2.687448 0.349419 1.160019
v -0.854572 1.020851 2.626814
v -0.854572 1.020851 2.626814
v -0.854572 1.020851 2.626814
v -0.854572 1.020851 2.626814
v -0.455235 1.535862 2.481278
v -0.455235 1.535862 2.481278
v -0.455235 1.535862 2.481278
v -0.455235 1.535862 2.481278
v -0.455235 1.535862 2.481278
v -0.874510 0.825595 2.688235
v -0.874510 0.825595 2.688235
v -0.874510 0.825595 2.688235
v -0.874510 0.825595 2.688235
v -0.807509 0.924135 2.677448
v -0.807509 0.924135 2.677448
v -0.807509 0.924135 2.677448
v -0.807509 0.924135 2.677448
v -0.807509 0.924135 2.677448
v -0.500544 1.185233 2.651895
v -0.500544 1.185233 2.651895
v -0.500544 1.185233 2.651895
v -0.500544 1.185233 2.651895
v -0.500544 1.185233 2.651895
v -0.500544 1.185233 2.651895
v -0.500544 1.185233 2.651895
v -0.553709 0.757840 2.794403
v -0.553709 0.757840 2.794403
v -0.553709 0.757840 2.794403
v -0.553709 0.757840 2.794403
v -0.553709 0.757840 2.794403
v -0.553709 0.757840 2.794403
v -0.660745 0.395017 2.847990
v -0.660745 0.395017 2.847990
v -0.660745 0.395017 2.847990
v -0.660745 0.395017 2.847990
v -0.660745 0.395017 2.847990
v -0.219758 0.927840 2.789553
v -0.219758 0.927840 2.789553
v -0.219758 0.927840 2.789553
v -0.219758 0.927840 2.789553
v -0.219758 0.927840 2.789553
v -0.219758 0.927840 2.789553
v -0.039681 1.248244 2.670353
v -0.039681 1.248244 2.670353
v -0.039681 1.248244 2.670353
v -0.039681 1.248244 2.670353
v -0.039681 1.248244 2.670353
v -0.039681 1.248244 2.670353
v -0.560895 0.203318 2.889405
v -0.560895 0.203318 2.889405
v -0.560895 0.203318 2.889405
v -0.560895 0.203318 2.889405
v -0.202940 0.503578 2.897336
v -0.202940 0.503578 2.897336
v -0.202940 0.503578 2.897336
v -0.202940 0.503578 2.897336
v -0.202940 0.503578 2.897336
v -0.202940 0.503578 2.897336
v -0.202940 0.503578 2.897336
v 0.256646 0.947241 2.779175
v 0.256646 0.947241 2.779175
v 0.256646 0.947241 2.779175
v 0.256646 0.947241 2.779175
v 0.256646 0.947241 2.779175
v 0.256646 0.947241 2.779175
v 0.357675 1.186883 2.674292
v 0.357675 1.186883 2.674292
v 0.357675 1.186883 2.674292
v 0.357675 1.186883 2.674292
v 0.357675 1.186883 2.674292
v 0.218189 0.626723 2.874627
v 0.218189 0.626723 2.874627
v 0.218189 0.626723 2.874627
v 0.218189 0.626723 2.874627
v 0.218189 0.626723 2.874627
v 0.218189 0.626723 2.874627
v 0.218189 0.626723 2.874627
v -0.037388 0.295287 2.930069
v -0.037388 0.295287 2.930069
v -0.037388 0.295287 2.930069
v -0.037388 0.295287 2.930069
v -0.037388 0.295287 2.930069
v -0.097615 0.197030 2.935266
v -0.097615 0.197030 2.935266
v -0.097615 0.197030 2.935266
v -0.097615 0.197030 2.935266
v 0.664844 1.104224 2.650609
v 0.664844 1.104224 2.650609
v 0.664844 1.104224 2.650609
v 0.664844 1.104224 2.650609
v 0.664844 1.104224 2.650609
v 0.664844 1.104224 2.650609
v 0.664844 1.104224 2.650609
v 0.177751 0.287310 2.925789
v 0.177751 0.287310 2.925789
v 0.177751 0.287310 2.925789
v 0.177751 0.287310 2.925789
v 0.177751 0.287310 2.925789
v 1.311160 1.021520 2.437950
v 1.311160 1.021520 2.437950
v 1.311160 1.021520 2.437950
v 1.311160 1.021520 2.437950
v 1.311160 1.021520 2.437950
v 1.311160 1.021520 2.437950
v 1.311160 1.021520 2.437950
v 1.498690 0.964839 2.348348
v 1.498690 0.964839 2.348348
v 1.498690 0.964839 2.348348
v 1.498690 0.964839 2.348348
v 1.498690 0.964839 2.348348
v 1.498690 0.964839 2.348348
v 1.415268 1.394220 2.175584
v 1.415268 1.394220 2.175584
v 1.415268 1.394220 2.175584
v 1.415268 1.394220 2.175584
v 1.415268 1.394220 2.175584
v 1.415268 1.394220 2.175584
v 1.415268 1.394220 2.175584
v 1.494321 1.408671 2.110110
v 1.494321 1.408671 2.110110
v 1.494321 1.408671 2.110110
v 1.494321 1.408671 2.110110
v 1.494321 1.408671 2.110110
v 1.776731 1.091163 2.085104
v 1.776731 1.091163 2.085104
v 1.776731 1.091163 2.085104
v 1.776731 1.091163 2.085104
v 1.776731 1.091163 2.085104
v 1.776731 1.091163 2.085104
v 1.691802 1.079302 2.154974
v 1.691802 1.079302 2.154974
v 1.691802 1.079302 2.154974
v 1.691802 1.079302 2.154974
v 1.815513 0.794197 2.185197
v 1.815513 0.794197 2.185197
v 1.815513 0.794197 2.185197
v 1.815513 0.794197 2.185197
v 1.815513 0.794197 2.185197
v 1.672923 0.982008 2.213799
v 1.672923 0.982008 2.213799
v 1.672923 0.982008 2.213799
v 1.672923 0.982008 2.213799
v 1.759241 0.994027 2.146172
v 1.759241 0.994027 2.146172
v 1.759241 0.994027 2.146172
v 1.759241 0.994027 2.146172
v 2.022697 1.136679 1.818640
v 2.022697 1.136679 1.818640
v 2.022697 1.136679 1.818640
v 2.022697 1.136679 1.818640
v 2.022697 1.136679 1.818640
v 2.022697 1.136679 1.818640
v 2.022697 1.136679 1.818640
v 2.022697 1.136679 1.818640
v 2.022697 1.136679 1.818640
v 1.991613 0.510439 2.112359
v 1.991613 0.510439 2.112359
v 1.991613 0.510439 2.112359
v 1.991613 0.510439 2.112359
v 1.991613 0.510439 2.112359
v 1.991613 0.510439 2.112359
v 2.036508 1.385705 1.622744
v 2.036508 1.385705 1.622744
v 2.036508 1.385705 1.622744
v 2.036508 1.385705 1.622744
v 2.036508 1.385705 1.622744
v 2.036508 1.385705 1.622744
v 2.015574 0.611932 2.058071
v 2.015574 0.611932 2.058071
v 2.015574 0.611932 2.058071
v 2.015574 0.611932 2.058071
v 2.122374 0.720008 1.915357
v 2.122374 0.720008 1.915357
v 2.122374 0.720008 1.915357
v 2.122374 0.720008 1.915357
v 2.122374 0.720008 1.915357
v 2.122374 0.720008 1.915357
v 2.122374 0.720008 1.915357
v 2.102169 1.298374 1.599718
v 2.102169 1.298374 1.599718
v 2.102169 1.298374 1.599718
v 2.102169 1.298374 1.599718
v 2.102169 1.298374 1.599718
v 2.168902 1.383249 1.432573
v 2.168902 1.383249 1.432573
v 2.168902 1.383249 1.432573
v 2.168902 1.383249 1.432573
v 2.168902 1.383249 1.432573
v 2.117295 0.101050 2.054072
v 2.117295 0.101050 2.054072
v 2.117295 0.101050 2.054072
v 2.117295 0.101050 2.054072
v 2.117295 0.101050 2.054072
v 2.117295 0.101050 2.054072
v 2.117295 0.101050 2.054072
v 2.097147 0.616645 1.971204
v 2.097147 0.616645 1.971204
v 2.097147 0.616645 1.971204
v 2.214626 0.823396 1.758513
v 2.214626 0.823396 1.758513
v 2.214626 0.823396 1.758513
v 2.214626 0.823396 1.758513
v 2.242698 1.210060 1.482305
v 2.242698 1.210060 1.482305
v 2.242698 1.210060 1.482305
v 2.242698 1.210060 1.482305
v 2.242698 1.210060 1.482305
v 2.242698 1.210060 1.482305
v 2.242698 1.210060 1.482305
v 2.242698 1.210060 1.482305
v 2.242698 1.210060 1.482305
v 2.171710 1.297418 1.504765
v 2.171710 1.297418 1.504765
v 2.171710 1.297418 1.504765
v 1.989850 -0.000149 2.168977
v 1.989850 -0.000149 2.168977
v 1.989850 -0.000149 2.168977
v 1.989850 -0.000149 2.168977
v 1.989850 -0.000149 2.168977
v 1.989850 -0.000149 2.168977
v 2.160967 0.518643 1.946587
v 2.160967 0.518643 1.946587
v 2.160967 0.518643 1.946587
v 2.160967 0.518643 1.946587
v 2.160967 0.518643 1.946587
v 2.160967 0.518643 1.946587
v 2.160967 0.518643 1.946587
v 2.177645 0.617803 1.882620
v 2.177645 0.617803 1.882620
v 2.177645 0.617803 1.882620
v 2.288196 0.823454 1.661712
v 2.288196 0.823454 1.661712
v 2.288196 0.823454 1.661712
v 2.288196 0.823454 1.661712
v 2.288196 0.823454 1.661712
v 2.236967 1.295299 1.408220
v 2.236967 1.295299 1.408220
v 2.236967 1.295299 1.408220
v 2.299734 1.291715 1.310004
v 2.299734 1.291715 1.310004
v 2.299734 1.291715 1.310004
v 2.299734 1.291715 1.310004
v 2.299734 1.291715 1.310004
v 2.299734 1.291715 1.310004
v 2.322624 1.421801 1.125906
v 2.322624 1.421801 1.125906
v 2.322624 1.421801 1.125906
v 2.322624 1.421801 1.125906
v 2.322624 1.421801 1.125906
v 2.322624 1.421801 1.125906
v 2.322624 1.421801 1.125906
v 2.073381 0.001036 2.089296
v 2.073381 0.001036 2.089296
v 2.073381 0.001036 2.089296
v 2.194979 0.100757 1.965727
v 2.194979 0.100757 1.965727
v 2.194979 0.100757 1.965727
v 2.194979 0.100757 1.965727
v 2.254185 0.620166 1.788286
v 2.254185 0.620166 1.788286
v 2.254185 0.620166 1.788286
v 2.254185 0.620166 1.788286
v 2.297201 0.922586 1.592517
v 2.297201 0.922586 1.592517
v 2.297201 0.922586 1.592517
v 2.297201 0.922586 1.592517
v 2.305116 1.206257 1.382693
v 2.305116 1.206257 1.382693
v 2.305116 1.206257 1.382693
v 2.309088 0.518291 1.752803
v 2.309088 0.518291 1.752803
v 2.309088 0.518291 1.752803
v 2.309088 0.518291 1.752803
v 2.363276 0.921353 1.493329
v 2.363276 0.921353 1.493329
v 2.363276 0.921353 1.493329
v 2.363276 0.921353 1.493329
v 2.368025 1.111421 1.352602
v 2.368025 1.111421 1.352602
v 2.368025 1.111421 1.352602
v 2.368025 1.111421 1.352602
v 2.364012 1.199681 1.282242
v 2.364012 1.199681 1.282242
v 2.364012 1.199681 1.282242
v 2.364012 1.199681 1.282242
v 2.472434 1.185174 1.078949
v 2.472434 1.185174 1.078949
v 2.472434 1.185174 1.078949
v 2.472434 1.185174 1.078949
v 2.472434 1.185174 1.078949
v 2.578665 1.081625 0.944933
v 2.578665 1.081625 0.944933
v 2.578665 1.081625 0.944933
v 2.578665 1.081625 0.944933
v 2.578665 1.081625 0.944933
v 2.578665 1.081625 0.944933
v 2.578665 1.081625 0.944933
v 2.529480 1.090209 1.045024
v 2.529480 1.090209 1.045024
v 2.529480 1.090209 1.045024
v 2.097438 -0.742649 1.929138
v 2.097438 -0.742649 1.929138
v 2.097438 -0.742649 1.929138
v 2.097438 -0.742649 1.929138
v 2.097438 -0.742649 1.929138
v 2.097438 -0.742649 1.929138
v 2.197398 -0.573295 1.874693
v 2.197398 -0.573295 1.874693
v 2.197398 -0.573295 1.874693
v 2.238543 -0.747198 1.761125
v 2.238543 -0.747198 1.761125
v 2.238543 -0.747198 1.761125
v 2.238543 -0.747198 1.761125
v 2.654233 1.150243 0.574369
v 2.654233 1.150243 0.574369
v 2.654233 1.150243 0.574369
v 2.654233 1.150243 0.574369
v 2.654233 1.150243 0.574369
v 2.654233 1.150243 0.574369
v 2.135094 -0.905294 1.813729
v 2.135094 -0.905294 1.813729
v 2.135094 -0.905294 1.813729
v 2.135094 -0.905294 1.813729
v 2.135094 -0.905294 1.813729
v 2.740972 0.726937 0.814069
v 2.740972 0.726937 0.814069
v 2.740972 0.726937 0.814069
v 2.740972 0.726937 0.814069
v 2.740972 0.726937 0.814069
v 2.740972 0.726937 0.814069
v 2.740972 0.726937 0.814069
v 2.740972 0.726937 0.814069
v 2.740972 0.726937 0.814069
v 2.149423 -0.981697 1.755066
v 2.149423 -0.981697 1.755066
v 2.149423 -0.981697 1.755066
v 2.149423 -0.981697 1.755066
v 2.818359 0.481040 0.717087
v 2.818359 0.481040 0.717087
v 2.818359 0.481040 0.717087
v 2.768178 0.979797 0.261387
v 2.768178 0.979797 0.261387
v 2.768178 0.979797 0.261387
v 2.768178 0.979797 0.261387
v 2.768178 0.979797 0.261387
v 2.768178 0.979797 0.261387
v 2.768178 0.979797 0.261387
v 2.796265 0.750828 0.530204
v 2.796265 0.750828 0.530204
v 2.796265 0.750828 0.530204
v 2.796265 0.750828 0.530204
v 2.784046 0.833215 0.468985
v 2.784046 0.833215 0.468985
v 2.784046 0.833215 0.468985
v 2.784046 0.833215 0.468985
v 2.784046 0.833215 0.468985
v 2.749222 1.055178 0.103001
v 2.749222 1.055178 0.103001
v 2.749222 1.055178 0.103001
v 2.749222 1.055178 0.103001
v 2.749222 1.055178 0.103001
v 2.749222 1.055178 0.103001
v 2.749222 1.055178 0.103001
v 1.647134 -0.196976 -2.435954
v 1.647134 -0.196976 -2.435954
v 1.647134 -0.196976 -2.435954
v 1.647134 -0.196976 -2.435954
v 1.647134 -0.196976 -2.435954
v 1.647134 -0.196976 -2.435954
v 1.734035 -0.393510 -2.347757
v 1.734035 -0.393510 -2.347757
v 1.734035 -0.393510 -2.347757
v 1.734035 -0.393510 -2.347757
v 1.734035 -0.393510 -2.347757
v 1.643384 -0.397695 -2.409389
v 1.643384 -0.397695 -2.409389
v 1.643384 -0.397695 -2.409389
v 1.643384 -0.397695 -2.409389
v 1.591689 -0.500867 -2.424816
v 1.591689 -0.500867 -2.424816
v 1.591689 -0.500867 -2.424816
v 1.591689 -0.500867 -2.424816
v 1.493446 -0.505740 -2.485539
v 1.493446 -0.505740 -2.485539
v 1.493446 -0.505740 -2.485539
v 1.731083 -0.589861 -2.322707
v 1.731083 -0.589861 -2.322707
v 1.731083 -0.589861 -2.322707
v 1.731083 -0.589861 -2.322707
v 1.899620 -0.847998 -2.082400
v 1.899620 -0.847998 -2.082400
v 1.899620 -0.847998 -2.082400
v 1.899620 -0.847998 -2.082400
v 1.821205 -0.860202 -2.146454
v 1.821205 -0.860202 -2.146454
v 1.821205 -0.860202 -2.146454
v 1.821205 -0.860202 -2.146454
v 1.821205 -0.860202 -2.146454
v 1.915012 -1.132679 -1.934571
v 1.915012 -1.132679 -1.934571
v 1.915012 -1.132679 -1.934571
v 1.915012 -1.132679 -1.934571
v 1.915012 -1.132679 -1.934571
v 1.915012 -1.132679 -1.934571
v 1.915012 -1.132679 -1.934571
v 1.915012 -1.132679 -1.934571
v 1.644335 -1.136673 -2.166505
v 1.644335 -1.136673 -2.166505
v 1.644335 -1.136673 -2.166505
v 1.644335 -1.136673 -2.166505
v 1.644335 -1.136673 -2.166505
v 1.644335 -1.136673 -2.166505
v 1.644335 -1.136673 -2.166505
v 1.431570 -1.089748 -2.333234
v 1.431570 -1.089748 -2.333234
v 1.431570 -1.089748 -2.333234
v 1.431570 -1.089748 -2.333234
v 1.431570 -1.089748 -2.333234
v 1.331683 -1.098230 -2.389533
v 1.331683 -1.098230 -2.389533
v 1.331683 -1.098230 -2.389533
v 1.128208 -1.378709 -2.354287
v 1.128208 -1.378709 -2.354287
v 1.128208 -1.378709 -2.354287
v 1.128208 -1.378709 -2.354287
v 1.128208 -1.378709 -2.354287
v 1.128208 -1.378709 -2.354287
v 1.685613 -1.418998 -1.956700
v 1.685613 -1.418998 -1.956700
v 1.685613 -1.418998 -1.956700
v 1.685613 -1.418998 -1.956700
v 1.685613 -1.418998 -1.956700
v 1.685613 -1.418998 -1.956700
v 1.370902 -1.565408 -2.088360
v 1.370902 -1.565408 -2.088360
v 1.370902 -1.565408 -2.088360
v 1.370902 -1.565408 -2.088360
v 1.370902 -1.565408 -2.088360
v 1.370902 -1.565408 -2.088360
v 1.370902 -1.565408 -2.088360
v 1.370902 -1.565408 -2.088360
v 1.160345 -1.453190 -2.281642
v 1.160345 -1.453190 -2.281642
v 1.160345 -1.453190 -2.281642
v 1.160345 -1.453190 -2.281642
v -2.570268 0.569850 1.316437
v -2.570268 0.569850 1.316437
v -2.570268 0.569850 1.316437
v -2.570268 0.569850 1.316437
v -2.559806 0.481549 1.370931
v -2.559806 0.481549 1.370931
v -2.559806 0.481549 1.370931
v -2.559806 0.481549 1.370931
v -2.559806 0.481549 1.370931
v -2.504510 0.482941 1.469059
v -2.504510 0.482941 1.469059
v -2.504510 0.482941 1.469059
v -2.491401 0.393048 1.525734
v -2.491401 0.393048 1.525734
v -2.491401 0.393048 1.525734
v -2.491401 0.393048 1.525734
v -2.491401 0.393048 1.525734
v -2.491401 0.393048 1.525734
v -2.491401 0.393048 1.525734
v -2.425955 0.393494 1.619860
v -2.425955 0.393494 1.619860
v -2.425955 0.393494 1.619860
v -2.425955 0.393494 1.619860
v -2.421361 0.023787 1.684960
v -2.421361 0.023787 1.684960
v -2.421361 0.023787 1.684960
v -2.421361 0.023787 1.684960
v -2.421361 0.023787 1.684960
v -2.421361 0.023787 1.684960
v -2.421361 0.023787 1.684960
v -2.421361 0.023787 1.684960
v -2.421361 0.023787 1.684960
v -2.402229 0.298078 1.674682
v -2.402229 0.298078 1.674682
v -2.402229 0.298078 1.674682
v -2.402229 0.298078 1.674682
v -2.337434 0.298837 1.770861
v -2.337434 0.298837 1.770861
v -2.337434 0.298837 1.770861
v -2.337434 0.298837 1.770861
v -2.605484 -0.108601 1.375647
v -2.605484 -0.108601 1.375647
v -2.605484 -0.108601 1.375647
v -2.605484 -0.108601 1.375647
v -2.605484 -0.108601 1.375647
v -2.605484 -0.108601 1.375647
v -2.233047 0.001064 1.917707
v -2.233047 0.001064 1.917707
v -2.233047 0.001064 1.917707
v -2.233047 0.001064 1.917707
v -2.113743 -0.100245 2.052779
v -2.113743 -0.100245 2.052779
v -2.113743 -0.100245 2.052779
v -2.113743 -0.100245 2.052779
v -2.113743 -0.100245 2.052779
v -2.113743 -0.100245 2.052779
v -2.696704 -0.325586 1.145154
v -2.696704 -0.325586 1.145154
v -2.696704 -0.325586 1.145154
v -2.696704 -0.325586 1.145154
v -2.696704 -0.325586 1.145154
v -2.696704 -0.325586 1.145154
v -1.979040 -0.200428 2.169622
v -1.979040 -0.200428 2.169622
v -1.979040 -0.200428 2.169622
v -1.979040 -0.200428 2.169622
v -1.717836 -0.194932 2.387216
v -1.717836 -0.194932 2.387216
v -1.717836 -0.194932 2.387216
v -1.717836 -0.194932 2.387216
v -2.139494 -0.625222 1.935533
v -2.139494 -0.625222 1.935533
v -2.139494 -0.625222 1.935533
v -2.139494 -0.625222 1.935533
v -2.139494 -0.625222 1.935533
v -2.139494 -0.625222 1.935533
v -2.139494 -0.625222 1.935533
v -1.974690 -0.549667 2.120439
v -1.974690 -0.549667 2.120439
v -1.974690 -0.549667 2.120439
v -1.974690 -0.549667 2.120439
v -1.974690 -0.549667 2.120439
v -1.974690 -0.549667 2.120439
v -1.974690 -0.549667 2.120439
v -1.667211 -0.293097 2.420618
v -1.667211 -0.293097 2.420618
v -1.667211 -0.293097 2.420618
v -1.667211 -0.293097 2.420618
v -2.754842 -0.542875 0.894190
v -2.754842 -0.542875 0.894190
v -2.754842 -0.542875 0.894190
v -2.754842 -0.542875 0.894190
v -2.754842 -0.542875 0.894190
v -2.754842 -0.542875 0.894190
v -2.480778 -0.401451 1.545919
v -2.480778 -0.401451 1.545919
v -2.480778 -0.401451 1.545919
v -2.480778 -0.401451 1.545919
v -2.480778 -0.401451 1.545919
v -2.480778 -0.401451 1.545919
v -2.392910 -0.702627 1.573799
v -2.392910 -0.702627 1.573799
v -2.392910 -0.702627 1.573799
v -2.392910 -0.702627 1.573799
v -2.392910 -0.702627 1.573799
v -2.748429 -0.775070 0.730483
v -2.748429 -0.775070 0.730483
v -2.748429 -0.775070 0.730483
v -2.748429 -0.775070 0.730483
v -2.629872 -0.706642 1.128269
v -2.629872 -0.706642 1.128269
v -2.629872 -0.706642 1.128269
v -2.629872 -0.706642 1.128269
v -2.629872 -0.706642 1.128269
v -2.629872 -0.706642 1.128269
v -2.629872 -0.706642 1.128269
v -2.629872 -0.706642 1.128269
v -2.712545 -0.783494 0.831999
v -2.712545 -0.783494 0.831999
v -2.712545 -0.783494 0.831999
v -2.712545 -0.783494 0.831999
v -2.712545 -0.783494 0.831999
v -2.170753 -1.051935 1.696845
v -2.170753 -1.051935 1.696845
v -2.170753 -1.051935 1.696845
v -2.170753 -1.051935 1.696845
v -2.170753 -1.051935 1.696845
v -2.170753 -1.051935 1.696845
v -1.793088 -1.191168 2.024336
v -1.793088 -1.191168 2.024336
v -1.793088 -1.191168 2.024336
v -1.793088 -1.191168 2.024336
v -1.793088 -1.191168 2.024336
v -1.793088 -1.191168 2.024336
v -1.793088 -1.191168 2.024336
v -1.803487 -0.800454 2.184223
v -1.803487 -0.800454 2.184223
v -1.803487 -0.800454 2.184223
v -1.803487 -0.800454 2.184223
v -1.803487 -0.800454 2.184223
v -2.669390 -0.884156 0.869891
v -2.669390 -0.884156 0.869891
v -2.669390 -0.884156 0.869891
v -2.669390 -0.884156 0.869891
v -2.634037 -0.894261 0.975252
v -2.634037 -0.894261 0.975252
v -2.634037 -0.894261 0.975252
v -2.634037 -0.894261 0.975252
v -2.634037 -0.894261 0.975252
v -2.634037 -0.894261 0.975252
v -2.634037 -0.894261 0.975252
v -2.346713 -1.131805 1.383331
v -2.346713 -1.131805 1.383331
v -2.346713 -1.131805 1.383331
v -2.346713 -1.131805 1.383331
v -2.346713 -1.131805 1.383331
v -2.346713 -1.131805 1.383331
v -1.740137 -0.894237 2.205118
v -1.740137 -0.894237 2.205118
v -1.740137 -0.894237 2.205118
v -2.622703 -0.981479 0.906674
v -2.622703 -0.981479 0.906674
v -2.622703 -0.981479 0.906674
v -2.571858 -1.079167 0.940724
v -2.571858 -1.079167 0.940724
v -2.571858 -1.079167 0.940724
v -2.571858 -1.079167 0.940724
v -2.571858 -1.079167 0.940724
v -2.366148 -1.294914 1.199967
v -2.366148 -1.294914 1.199967
v -2.366148 -1.294914 1.199967
v -2.366148 -1.294914 1.199967
v -2.366148 -1.294914 1.199967
v -2.366148 -1.294914 1.199967
v -2.366148 -1.294914 1.199967
v -2.366148 -1.294914 1.199967
v -2.366148 -1.294914 1.199967
v -2.366148 -1.294914 1.199967
v -2.540605 -1.170930 0.921795
v -2.540605 -1.170930 0.921795
v -2.540605 -1.170930 0.921795
v -2.540605 -1.170930 0.921795
v -1.948535 -1.200565 1.852489
v -1.948535 -1.200565 1.852489
v -1.948535 -1.200565 1.852489
v -1.948535 -1.200565 1.852489
v -2.507180 -1.258455 0.906565
v -2.507180 -1.258455 0.906565
v -2.507180 -1.258455 0.906565
v -2.507180 -1.258455 0.906565
v -1.960818 -1.564380 1.555440
v -1.960818 -1.564380 1.555440
v -1.960818 -1.564380 1.555440
v -1.960818 -1.564380 1.555440
v -1.960818 -1.564380 1.555440
v -1.960818 -1.564380 1.555440
v -1.960818 -1.564380 1.555440
v -2.474050 -1.333510 0.887580
v -2.474050 -1.333510 0.887580
v -2.474050 -1.333510 0.887580
v -2.474050 -1.333510 0.887580
v -2.428141 -1.423082 0.867126
v -2.428141 -1.423082 0.867126
v -2.428141 -1.423082 0.867126
v -2.428141 -1.423082 0.867126
v 0.939333 1.284274 2.482450
v 0.939333 1.284274 2.482450
v 0.939333 1.284274 2.482450
v 0.939333 1.284274 2.482450
v 0.939333 1.284274 2.482450
v 0.939333 1.284274 2.482450
v 0.939333 1.284274 2.482450
v 0.939333 1.284274 2.482450
v 0.939333 1.284274 2.482450
v 0.939333 1.284274 2.482450
v 0.939333 1.284274 2.482450
v 1.070680 0.958918 2.572973
v 1.070680 0.958918 2.572973
v 1.070680 0.958918 2.572973
v 1.070680 0.958918 2.572973
v 1.070680 0.958918 2.572973
v 1.199896 0.555068 2.633737
v 1.199896 0.555068 2.633737
v 1.199896 0.555068 2.633737
v 1.199896 0.555068 2.633737
v 1.199896 0.555068 2.633737
v 1.199896 0.555068 2.633737
v 0.554498 0.319736 2.878060
v 0.554498 0.319736 2.878060
v 0.554498 0.319736 2.878060
v 0.554498 0.319736 2.878060
v 0.554498 0.319736 2.878060
v 0.554498 0.319736 2.878060
v 0.554498 0.319736 2.878060
v 0.908476 0.398486 2.775557
v 0.908476 0.398486 2.775557
v 0.908476 0.398486 2.775557
v 0.908476 0.398486 2.775557
v 0.908476 0.398486 2.775557
v 1.523642 0.438528 2.487193
v 1.523642 0.438528 2.487193
v 1.523642 0.438528 2.487193
v 1.523642 0.438528 2.487193
v 1.523642 0.438528 2.487193
v 1.523642 0.438528 2.487193
v 1.523642 0.438528 2.487193
v 0.288157 0.285847 2.915920
v 0.288157 0.285847 2.915920
v 0.288157 0.285847 2.915920
v 0.288157 0.285847 2.915920
v 1.340876 0.044508 2.628415
v 1.340876 0.044508 2.628415
v 1.340876 0.044508 2.628415
v 1.340876 0.044508 2.628415
v 1.340876 0.044508 2.628415
v 1.340876 0.044508 2.628415
v 1.340876 0.044508 2.628415
v 1.340876 0.044508 2.628415
v 0.488178 -0.072920 2.908166
v 0.488178 -0.072920 2.908166
v 0.488178 -0.072920 2.908166
v 0.488178 -0.072920 2.908166
v 0.488178 -0.072920 2.908166
v 0.851851 -0.051972 2.824147
v 0.851851 -0.051972 2.824147
v 0.851851 -0.051972 2.824147
v 0.851851 -0.051972 2.824147
v 0.851851 -0.051972 2.824147
v 0.851851 -0.051972 2.824147
v 1.037238 -0.318119 2.740327
v 1.037238 -0.318119 2.740327
v 1.037238 -0.318119 2.740327
v 1.037238 -0.318119 2.740327
v 1.037238 -0.318119 2.740327
v 1.735568 -0.099167 2.381190
v 1.735568 -0.099167 2.381190
v 1.735568 -0.099167 2.381190
v 1.735568 -0.099167 2.381190
v 1.735568 -0.099167 2.381190
v 1.735568 -0.099167 2.381190
v 1.735568 -0.099167 2.381190
v 1.432586 -0.407074 2.543800
v 1.432586 -0.407074 2.543800
v 1.432586 -0.407074 2.543800
v 1.432586 -0.407074 2.543800
v 1.432586 -0.407074 2.543800
v 1.432586 -0.407074 2.543800
v 0.720367 -0.517042 2.808808
v 0.720367 -0.517042 2.808808
v 0.720367 -0.517042 2.808808
v 0.720367 -0.517042 2.808808
v 0.720367 -0.517042 2.808808
v 0.720367 -0.517042 2.808808
v 1.700106 -0.573520 2.338404
v 1.700106 -0.573520 2.338404
v 1.700106 -0.573520 2.338404
v 1.700106 -0.573520 2.338404
v 1.700106 -0.573520 2.338404
v 1.700106 -0.573520 2.338404
v 1.820148 -0.387742 2.280506
v 1.820148 -0.387742 2.280506
v 1.820148 -0.387742 2.280506
v 1.820148 -0.387742 2.280506
v 1.820148 -0.387742 2.280506
v 1.925153 -0.664536 2.129738
v 1.925153 -0.664536 2.129738
v 1.925153 -0.664536 2.129738
v 1.925153 -0.664536 2.129738
v 1.925153 -0.664536 2.129738
v 0.522520 -0.819885 2.783766
v 0.522520 -0.819885 2.783766
v 0.522520 -0.819885 2.783766
v 0.522520 -0.819885 2.783766
v 1.013072 -0.687554 2.682911
v 1.013072 -0.687554 2.682911
v 1.013072 -0.687554 2.682911
v 1.013072 -0.687554 2.682911
v 1.013072 -0.687554 2.682911
v 1.013072 -0.687554 2.682911
v 1.013072 -0.687554 2.682911
v 1.433705 -0.804392 2.448712
v 1.433705 -0.804392 2.448712
v 1.433705 -0.804392 2.448712
v 1.433705 -0.804392 2.448712
v 1.433705 -0.804392 2.448712
v 1.433705 -0.804392 2.448712
v 0.671210 -1.117172 2.648811
v 0.671210 -1.117172 2.648811
v 0.671210 -1.117172 2.648811
v 0.671210 -1.117172 2.648811
v 0.671210 -1.117172 2.648811
v 0.671210 -1.117172 2.648811
v 1.738051 -0.873468 2.211403
v 1.738051 -0.873468 2.211403
v 1.738051 -0.873468 2.211403
v 1.738051 -0.873468 2.211403
v 1.738051 -0.873468 2.211403
v 1.738051 -0.873468 2.211403
v 1.265863 -1.125862 2.414418
v 1.265863 -1.125862 2.414418
v 1.265863 -1.125862 2.414418
v 1.265863 -1.125862 2.414418
v 1.265863 -1.125862 2.414418
v 1.265863 -1.125862 2.414418
v 1.265863 -1.125862 2.414418
v 1.265863 -1.125862 2.414418
v 1.820668 -0.861469 2.146391
v 1.820668 -0.861469 2.146391
v 1.820668 -0.861469 2.146391
v 1.622392 -1.069552 2.216419
v 1.622392 -1.069552 2.216419
v 1.622392 -1.069552 2.216419
v 1.622392 -1.069552 2.216419
v 1.622392 -1.069552 2.216419
v 1.622392 -1.069552 2.216419
v 1.622392 -1.069552 2.216419
v 1.923844 -0.932267 2.023279
v 1.923844 -0.932267 2.023279
v 1.923844 -0.932267 2.023279
v 1.947063 -1.012882 1.966225
v 1.947063 -1.012882 1.966225
v 1.947063 -1.012882 1.966225
v 1.947063 -1.012882 1.966225
v 1.947063 -1.012882 1.966225
v 1.947063 -1.012882 1.966225
v 1.947063 -1.012882 1.966225
v 1.947063 -1.012882 1.966225
v 1.947063 -1.012882 1.966225
v 0.601951 -1.203507 2.619516
v 0.601951 -1.203507 2.619516
v 0.601951 -1.203507 2.619516
v 0.601951 -1.203507 2.619516
v 0.908214 -1.251616 2.507894
v 0.908214 -1.251616 2.507894
v 0.908214 -1.251616 2.507894
v 0.908214 -1.251616 2.507894
v 0.908214 -1.251616 2.507894
v 1.652203 -1.151731 2.154594
v 1.652203 -1.151731 2.154594
v 1.652203 -1.151731 2.154594
v 1.834352 -1.197775 1.967614
v 1.834352 -1.197775 1.967614
v 1.834352 -1.197775 1.967614
v 1.834352 -1.197775 1.967614
v 1.995375 -1.233768 1.783889
v 1.995375 -1.233768 1.783889
v 1.995375 -1.233768 1.783889
v 1.995375 -1.233768 1.783889
v 1.995375 -1.233768 1.783889
v 1.493901 -1.257352 2.205056
v 1.493901 -1.257352 2.205056
v 1.493901 -1.257352 2.205056
v 1.493901 -1.257352 2.205056
v 1.493901 -1.257352 2.205056
v 1.585378 -1.244547 2.147022
v 1.585378 -1.244547 2.147022
v 1.585378 -1.244547 2.147022
v 1.585378 -1.244547 2.147022
v 0.854087 -1.710730 2.252790
v 0.854087 -1.710730 2.252790
v 0.854087 -1.710730 2.252790
v 0.854087 -1.710730 2.252790
v 0.854087 -1.710730 2.252790
v 1.052806 -1.469794 2.328811
v 1.052806 -1.469794 2.328811
v 1.052806 -1.469794 2.328811
v 1.052806 -1.469794 2.328811
v 1.052806 -1.469794 2.328811
v 1.052806 -1.469794 2.328811
v 1.052806 -1.469794 2.328811
v 1.293085 -1.521039 2.167586
v 1.293085 -1.521039 2.167586
v 1.293085 -1.521039 2.167586
v 1.293085 -1.521039 2.167586
v 1.293085 -1.521039 2.167586
v 1.851359 -1.269962 1.903572
v 1.851359 -1.269962 1.903572
v 1.851359 -1.269962 1.903572
v 2.747448 1.056168 0.000267
v 2.747448 1.056168 0.000267
v 2.747448 1.056168 0.000267
v 2.770181 0.982443 0.157932
v 2.770181 0.982443 0.157932
v 2.770181 0.982443 0.157932
v 2.816762 0.825199 -0.269214
v 2.816762 0.825199 -0.269214
v 2.816762 0.825199 -0.269214
v 2.816762 0.825199 -0.269214
v 2.816762 0.825199 -0.269214
v 2.879395 0.574158 -0.335291
v 2.879395 0.574158 -0.335291
v 2.879395 0.574158 -0.335291
v 2.879395 0.574158 -0.335291
v 2.879395 0.574158 -0.335291
v 2.879395 0.574158 -0.335291
v 2.854491 0.570163 0.446062
v 2.854491 0.570163 0.446062
v 2.854491 0.570163 0.446062
v 2.854491 0.570163 0.446062
v 2.853560 0.569597 -0.444043
v 2.853560 0.569597 -0.444043
v 2.853560 0.569597 -0.444043
v 2.853560 0.569597 -0.444043
v 2.863775 0.385472 0.567306
v 2.863775 0.385472 0.567306
v 2.863775 0.385472 0.567306
v 2.863775 0.385472 0.567306
v 2.860007 0.097116 -0.752254
v 2.860007 0.097116 -0.752254
v 2.860007 0.097116 -0.752254
v 2.860007 0.097116 -0.752254
v 2.903520 0.294177 0.404171
v 2.903520 0.294177 0.404171
v 2.903520 0.294177 0.404171
v 2.903520 0.294177 0.404171
v 2.903520 0.294177 0.404171
v 2.898145 0.389809 0.343201
v 2.898145 0.389809 0.343201
v 2.898145 0.389809 0.343201
v 2.882928 0.292913 0.516560
v 2.882928 0.292913 0.516560
v 2.882928 0.292913 0.516560
v 2.914206 0.296657 -0.290052
v 2.914206 0.296657 -0.290052
v 2.914206 0.296657 -0.290052
v 2.914206 0.296657 -0.290052
v 2.901809 0.296104 -0.404603
v 2.901809 0.296104 -0.404603
v 2.901809 0.296104 -0.404603
v 2.901809 0.296104 -0.404603
v 2.901809 0.296104 -0.404603
v 2.927335 0.199436 -0.234244
v 2.927335 0.199436 -0.234244
v 2.927335 0.199436 -0.234244
v 2.915798 0.199134 -0.349919
v 2.915798 0.199134 -0.349919
v 2.915798 0.199134 -0.349919
v 2.915798 0.199134 -0.349919
v 2.915798 0.199134 -0.349919
v 2.869739 -0.304430 -0.652726
v 2.869739 -0.304430 -0.652726
v 2.869739 -0.304430 -0.652726
v 2.869739 -0.304430 -0.652726
v 2.869739 -0.304430 -0.652726
v 2.869739 -0.304430 -0.652726
v 2.869739 -0.304430 -0.652726
v 2.894126 0.101518 -0.529643
v 2.894126 0.101518 -0.529643
v 2.894126 0.101518 -0.529643
v 2.894126 0.101518 -0.529643
v 2.875605 0.098632 -0.639373
v 2.875605 0.098632 -0.639373
v 2.875605 0.098632 -0.639373
v 2.875605 0.098632 -0.639373
v 2.875605 0.098632 -0.639373
v 2.875605 0.098632 -0.639373
v 2.875605 0.098632 -0.639373
v 2.823750 -0.198270 -0.812906
v 2.823750 -0.198270 -0.812906
v 2.823750 -0.198270 -0.812906
v 2.823750 -0.198270 -0.812906
v 2.828149 -0.298364 -0.759630
v 2.828149 -0.298364 -0.759630
v 2.828149 -0.298364 -0.759630
v 2.828149 -0.298364 -0.759630
v 2.828149 -0.298364 -0.759630
v 2.828149 -0.298364 -0.759630
v 2.729081 -0.288031 -1.074708
v 2.729081 -0.288031 -1.074708
v 2.729081 -0.288031 -1.074708
v 2.729081 -0.288031 -1.074708
v 2.729081 -0.288031 -1.074708
v 2.800806 -0.398568 -0.817301
v 2.800806 -0.398568 -0.817301
v 2.800806 -0.398568 -0.817301
v 2.800806 -0.398568 -0.817301
v 2.733330 -0.388203 -1.026270
v 2.733330 -0.388203 -1.026270
v 2.733330 -0.388203 -1.026270
v 2.733330 -0.388203 -1.026270
v 2.733330 -0.388203 -1.026270
v 2.697093 -0.482081 -1.075742
v 2.697093 -0.482081 -1.075742
v 2.697093 -0.482081 -1.075742
v 2.697093 -0.482081 -1.075742
v 2.509839 -1.026442 -1.152854
v 2.509839 -1.026442 -1.152854
v 2.509839 -1.026442 -1.152854
v 2.451730 -1.306566 -0.985467
v 2.451730 -1.306566 -0.985467
v 2.451730 -1.306566 -0.985467
v 2.451730 -1.306566 -0.985467
v 2.451730 -1.306566 -0.985467
v 2.221869 -1.381966 -1.360640
v 2.221869 -1.381966 -1.360640
v 2.221869 -1.381966 -1.360640
v 2.221869 -1.381966 -1.360640
v 2.221869 -1.381966 -1.360640
v 2.221869 -1.381966 -1.360640
v 2.221869 -1.381966 -1.360640
v 2.221869 -1.381966 -1.360640
v 2.221869 -1.381966 -1.360640
v 2.221869 -1.381966 -1.360640
v 1.940080 -1.518960 -1.616629
v 1.940080 -1.518960 -1.616629
v 1.940080 -1.518960 -1.616629
v 1.940080 -1.518960 -1.616629
v 1.940080 -1.518960 -1.616629
v 1.940080 -1.518960 -1.616629
v 1.940080 -1.518960 -1.616629
v 1.795793 -1.564255 -1.730859
v 1.795793 -1.564255 -1.730859
v 1.795793 -1.564255 -1.730859
v 1.795793 -1.564255 -1.730859
v 1.795793 -1.564255 -1.730859
v 1.748474 -1.644397 -1.703736
v 1.748474 -1.644397 -1.703736
v 1.748474 -1.644397 -1.703736
v 1.670830 -1.669325 -1.762325
v 1.670830 -1.669325 -1.762325
v 1.670830 -1.669325 -1.762325
v 1.670830 -1.669325 -1.762325
v 1.670830 -1.669325 -1.762325
v 1.670830 -1.669325 -1.762325
v 1.618698 -1.751866 -1.731293
v 1.618698 -1.751866 -1.731293
v 1.618698 -1.751866 -1.731293
v 1.618698 -1.751866 -1.731293
v 1.242970 -1.825457 -1.948399
v 1.242970 -1.825457 -1.948399
v 1.242970 -1.825457 -1.948399
v 1.242970 -1.825457 -1.948399
v 1.310641 -1.954633 -1.767931
v 1.310641 -1.954633 -1.767931
v 1.310641 -1.954633 -1.767931
v 1.278740 -1.890998 -1.860839
v 1.278740 -1.890998 -1.860839
v 1.278740 -1.890998 -1.860839
v 1.278740 -1.890998 -1.860839
v 1.278740 -1.890998 -1.860839
v 1.278740 -1.890998 -1.860839
v 1.091340 -1.539198 -2.264464
v 1.091340 -1.539198 -2.264464
v 1.091340 -1.539198 -2.264464
v 1.091340 -1.539198 -2.264464
v 1.241814 -2.035763 -1.725552
v 1.241814 -2.035763 -1.725552
v 1.241814 -2.035763 -1.725552
v 1.241814 -2.035763 -1.725552
v 1.175985 -1.905156 -1.910859
v 1.175985 -1.905156 -1.910859
v 1.175985 -1.905156 -1.910859
v 1.138364 -2.052375 -1.776471
v 1.138364 -2.052375 -1.776471
v 1.138364 -2.052375 -1.776471
v 1.138364 -2.052375 -1.776471
v 1.105225 -1.986341 -1.869996
v 1.105225 -1.986341 -1.869996
v 1.105225 -1.986341 -1.869996
v 1.105225 -1.986341 -1.869996
v 0.503549 -2.158627 -1.939486
v 0.503549 -2.158627 -1.939486
v 0.503549 -2.158627 -1.939486
v 0.503549 -2.158627 -1.939486
v 0.434164 -2.005532 -2.110278
v 0.434164 -2.005532 -2.110278
v 0.434164 -2.005532 -2.110278
v 0.434164 -2.005532 -2.110278
v 0.296197 -1.683285 -2.396404
v 0.296197 -1.683285 -2.396404
v 0.296197 -1.683285 -2.396404
v 0.386372 -2.151710 -1.970992
v 0.386372 -2.151710 -1.970992
v 0.386372 -2.151710 -1.970992
v 0.352537 -2.075769 -2.056894
v 0.352537 -2.075769 -2.056894
v 0.352537 -2.075769 -2.056894
v 0.352537 -2.075769 -2.056894
v 0.352537 -2.075769 -2.056894
v 0.352537 -2.075769 -2.056894
v 0.319025 -1.997504 -2.138249
v 0.319025 -1.997504 -2.138249
v 0.319025 -1.997504 -2.138249
v 0.319025 -1.997504 -2.138249
v 0.319025 -1.997504 -2.138249
v 0.319025 -1.997504 -2.138249
v 0.285121 -1.917406 -2.214994
v 0.285121 -1.917406 -2.214994
v 0.285121 -1.917406 -2.214994
v 0.251762 -1.836630 -2.286336
v 0.251762 -1.836630 -2.286336
v 0.251762 -1.836630 -2.286336
v 0.251762 -1.836630 -2.286336
v 0.218065 -1.754505 -2.353308
v 0.218065 -1.754505 -2.353308
v 0.218065 -1.754505 -2.353308
v 0.218065 -1.754505 -2.353308
v 0.218065 -1.754505 -2.353308
v 0.218065 -1.754505 -2.353308
v 0.184936 -1.671779 -2.415551
v 0.184936 -1.671779 -2.415551
v 0.184936 -1.671779 -2.415551
v 0.184936 -1.671779 -2.415551
v 0.237149 -2.065613 -2.083490
v 0.237149 -2.065613 -2.083490
v 0.237149 -2.065613 -2.083490
v 0.237149 -2.065613 -2.083490
v 0.204224 -1.986318 -2.162576
v 0.204224 -1.986318 -2.162576
v 0.204224 -1.986318 -2.162576
v 0.204224 -1.986318 -2.162576
v 0.204224 -1.986318 -2.162576
v 0.204224 -1.986318 -2.162576
v 0.204224 -1.986318 -2.162576
v 0.171615 -1.905518 -2.236840
v 0.171615 -1.905518 -2.236840
v 0.171615 -1.905518 -2.236840
v 0.171615 -1.905518 -2.236840
v 0.171615 -1.905518 -2.236840
v 0.171615 -1.905518 -2.236840
v 0.138611 -1.823641 -2.306310
v 0.138611 -1.823641 -2.306310
v 0.138611 -1.823641 -2.306310
v 0.138611 -1.823641 -2.306310
v 0.138611 -1.823641 -2.306310
v 0.138611 -1.823641 -2.306310
v 0.106632 -1.742097 -2.372720
v 0.106632 -1.742097 -2.372720
v 0.106632 -1.742097 -2.372720
v 0.106632 -1.742097 -2.372720
v 0.090645 -1.972134 -2.183208
v 0.090645 -1.972134 -2.183208
v 0.090645 -1.972134 -2.183208
v 0.090645 -1.972134 -2.183208
v 0.027743 -1.812001 -2.327638
v 0.027743 -1.812001 -2.327638
v 0.027743 -1.812001 -2.327638
v 0.027743 -1.812001 -2.327638
v -2.354090 -1.578242 0.812240
v -2.354090 -1.578242 0.812240
v -2.354090 -1.578242 0.812240
v -2.354090 -1.578242 0.812240
v -2.354090 -1.578242 0.812240
v -2.270111 -1.726281 0.734875
v -2.270111 -1.726281 0.734875
v -2.270111 -1.726281 0.734875
v -2.270111 -1.726281 0.734875
v -2.179262 -1.877095 0.653598
v -2.179262 -1.877095 0.653598
v -2.179262 -1.877095 0.653598
v -2.179262 -1.877095 0.653598
v -2.179262 -1.877095 0.653598
v -2.038493 -2.076381 0.471381
v -2.038493 -2.076381 0.471381
v -2.038493 -2.076381 0.471381
v -2.038493 -2.076381 0.471381
v -2.073951 -2.020953 0.566823
v -2.073951 -2.020953 0.566823
v -2.073951 -2.020953 0.566823
v -2.073951 -2.020953 0.566823
v -2.073951 -2.020953 0.566823
v -2.073951 -2.020953 0.566823
v -2.110973 -1.723064 1.124820
v -2.110973 -1.723064 1.124820
v -2.110973 -1.723064 1.124820
v -2.110973 -1.723064 1.124820
v -2.110973 -1.723064 1.124820
v -2.110973 -1.723064 1.124820
v -2.110973 -1.723064 1.124820
v -2.110973 -1.723064 1.124820
v -1.910393 -2.068131 0.871562
v -1.910393 -2.068131 0.871562
v -1.910393 -2.068131 0.871562
v -1.910393 -2.068131 0.871562
v -1.910393 -2.068131 0.871562
v -1.910393 -2.068131 0.871562
v -1.979074 -1.855394 1.146598
v -1.979074 -1.855394 1.146598
v -1.979074 -1.855394 1.146598
v -1.979074 -1.855394 1.146598
v -1.676367 -2.373217 0.481800
v -1.676367 -2.373217 0.481800
v -1.676367 -2.373217 0.481800
v -1.676367 -2.373217 0.481800
v -1.676367 -2.373217 0.481800
v -1.757750 -2.273014 0.682073
v -1.757750 -2.273014 0.682073
v -1.757750 -2.273014 0.682073
v -1.757750 -2.273014 0.682073
v -1.757750 -2.273014 0.682073
v -1.757750 -2.273014 0.682073
v -1.819017 -2.143542 0.877070
v -1.819017 -2.143542 0.877070
v -1.819017 -2.143542 0.877070
v -1.819017 -2.143542 0.877070
v -1.913773 -1.860475 1.244198
v -1.913773 -1.860475 1.244198
v -1.913773 -1.860475 1.244198
v -1.913773 -1.860475 1.244198
v -1.656632 -2.335348 0.682439
v -1.656632 -2.335348 0.682439
v -1.656632 -2.335348 0.682439
v -1.656632 -2.335348 0.682439
v -1.656632 -2.335348 0.682439
v -1.555773 -2.403430 0.683396
v -1.555773 -2.403430 0.683396
v -1.555773 -2.403430 0.683396
v -1.555773 -2.403430 0.683396
v -1.593181 -2.347568 0.783988
v -1.593181 -2.347568 0.783988
v -1.593181 -2.347568 0.783988
v 2.271363 -1.504721 -1.117057
v 2.271363 -1.504721 -1.117057
v 2.271363 -1.504721 -1.117057
v 2.271363 -1.504721 -1.117057
v 2.191346 -1.668109 -1.041714
v 2.191346 -1.668109 -1.041714
v 2.191346 -1.668109 -1.041714
v 2.191346 -1.668109 -1.041714
v 2.117214 -1.727881 -1.097955
v 2.117214 -1.727881 -1.097955
v 2.117214 -1.727881 -1.097955
v 2.117214 -1.727881 -1.097955
v 1.065651 -1.693058 2.159146
v 1.065651 -1.693058 2.159146
v 1.065651 -1.693058 2.159146
v 1.065651 -1.693058 2.159146
v 1.130615 -1.611104 2.188599
v 1.130615 -1.611104 2.188599
v 1.130615 -1.611104 2.188599
v 1.130615 -1.611104 2.188599
v 1.232167 -1.601463 2.140341
v 1.232167 -1.601463 2.140341
v 1.232167 -1.601463 2.140341
v 1.232167 -1.601463 2.140341
v -0.068936 2.991131 -0.049801
v -0.068936 2.991131 -0.049801
v -0.068936 2.991131 -0.049801
v -0.068936 2.991131 -0.049801
v -0.068936 2.991131 -0.049801
v -0.068936 2.991131 -0.049801
v -0.068936 2.991131 -0.049801
v -0.294522 -2.831914 0.909763
v -0.294522 -2.831914 0.909763
v -0.294522 -2.831914 0.909763
v -0.294522 -2.831914 0.909763
v -0.262829 -2.863683 0.811128
v -0.262829 -2.863683 0.811128
v -0.262829 -2.863683 0.811128
v -0.262829 -2.863683 0.811128
v -0.262829 -2.863683 0.811128
v -0.148292 -2.924831 0.605592
v -0.148292 -2.924831 0.605592
v -0.148292 -2.924831 0.605592
v -0.148292 -2.924831 0.605592
v -0.148292 -2.924831 0.605592
v -0.148292 -2.924831 0.605592
v -0.148292 -2.924831 0.605592
v 0.942141 -2.753296 -0.684834
v 0.942141 -2.753296 -0.684834
v 0.942141 -2.753296 -0.684834
v 0.942141 -2.753296 -0.684834
v 0.942141 -2.753296 -0.684834
v -0.955882 -2.832235 0.000151
v -0.955882 -2.832235 0.000151
v -0.955882 -2.832235 0.000151
v -0.955882 -2.832235 0.000151
v -0.140238 -2.953620 -0.429095
v -0.140238 -2.953620 -0.429095
v -0.140238 -2.953620 -0.429095
v -0.140238 -2.953620 -0.429095
v 0.224351 2.980509 0.129163
v 0.224351 2.980509 0.129163
v 0.224351 2.980509 0.129163
v 0.224351 2.980509 0.129163
v 0.224351 2.980509 0.129163
v 0.224351 2.980509 0.129163
v 0.097832 2.929577 0.586142
v 0.097832 2.929577 0.586142
v 0.097832 2.929577 0.586142
v 0.097832 2.929577 0.586142
v 0.097832 2.929577 0.586142
v 0.097832 2.929577 0.586142
v 0.231366 2.892265 0.713437
v 0.231366 2.892265 0.713437
v 0.231366 2.892265 0.713437
v 0.231366 2.892265 0.713437
v 0.626146 2.922167 -0.180188
v 0.626146 2.922167 -0.180188
v 0.626146 2.922167 -0.180188
v 0.626146 2.922167 -0.180188
v 0.626146 2.922167 -0.180188
v 0.626146 2.922167 -0.180188
v 0.626146 2.922167 -0.180188
v -0.335832 2.957454 0.301546
v -0.335832 2.957454 0.301546
v -0.335832 2.957454 0.301546
v -0.335832 2.957454 0.301546
v -0.335832 2.957454 0.301546
v -0.335832 2.957454 0.301546
v -0.335832 2.957454 0.301546
v -0.335832 2.957454 0.301546
v -0.609927 2.909536 0.333345
v -0.609927 2.909536 0.333345
v -0.609927 2.909536 0.333345
v -0.609927 2.909536 0.333345
v -0.609927 2.909536 0.333345
v -0.609927 2.909536 0.333345
v -0.689539 2.863642 0.501788
v -0.689539 2.863642 0.501788
v -0.689539 2.863642 0.501788
v -0.689539 2.863642 0.501788
v -0.689539 2.863642 0.501788
v -0.938258 2.757640 0.683170
v -0.938258 2.757640 0.683170
v -0.938258 2.757640 0.683170
v -0.938258 2.757640 0.683170
v -0.938258 2.757640 0.683170
v -0.938258 2.757640 0.683170
v -1.109005 2.658818 0.807444
v -1.109005 2.658818 0.807444
v -1.109005 2.658818 0.807444
v -1.109005 2.658818 0.807444
v -0.554283 2.903334 -0.460283
v -0.554283 2.903334 -0.460283
v -0.554283 2.903334 -0.460283
v -0.554283 2.903334 -0.460283
v -0.554283 2.903334 -0.460283
v -0.554283 2.903334 -0.460283
v -0.554283 2.903334 -0.460283
v -0.554283 2.903334 -0.460283
v -0.554283 2.903334 -0.460283
v -0.773138 2.830908 -0.562069
v -0.773138 2.830908 -0.562069
v -0.773138 2.830908 -0.562069
v -0.773138 2.830908 -0.562069
v 0.192603 2.974244 -0.255037
v 0.192603 2.974244 -0.255037
v 0.192603 2.974244 -0.255037
v 0.192603 2.974244 -0.255037
v 0.192603 2.974244 -0.255037
v 0.192603 2.974244 -0.255037
v 0.249049 2.915082 -0.618423
v 0.249049 2.915082 -0.618423
v 0.249049 2.915082 -0.618423
v 0.249049 2.915082 -0.618423
v 0.249049 2.915082 -0.618423
v 0.249049 2.915082 -0.618423
v 0.295436 2.835245 -0.909786
v 0.295436 2.835245 -0.909786
v 0.295436 2.835245 -0.909786
v 0.295436 2.835245 -0.909786
v 0.295436 2.835245 -0.909786
v 0.295436 2.835245 -0.909786
v 0.469445 2.925045 -0.409055
v 0.469445 2.925045 -0.409055
v 0.469445 2.925045 -0.409055
v 0.469445 2.925045 -0.409055
v 0.469445 2.925045 -0.409055
v 0.690236 2.905690 -0.089640
v 0.690236 2.905690 -0.089640
v 0.690236 2.905690 -0.089640
v 0.743248 2.859016 -0.469075
v 0.743248 2.859016 -0.469075
v 0.743248 2.859016 -0.469075
v 0.743248 2.859016 -0.469075
v 0.743248 2.859016 -0.469075
v 0.501386 2.875371 -0.646323
v 0.501386 2.875371 -0.646323
v 0.501386 2.875371 -0.646323
v 0.501386 2.875371 -0.646323
v 0.501386 2.875371 -0.646323
v 0.501386 2.875371 -0.646323
v 0.606438 2.851615 -0.654384
v 0.606438 2.851615 -0.654384
v 0.606438 2.851615 -0.654384
v -0.284521 2.968393 -0.227178
v -0.284521 2.968393 -0.227178
v -0.284521 2.968393 -0.227178
v -0.284521 2.968393 -0.227178
v -0.284521 2.968393 -0.227178
v -0.125029 2.949000 -0.485056
v -0.125029 2.949000 -0.485056
v -0.125029 2.949000 -0.485056
v -0.125029 2.949000 -0.485056
v -0.125029 2.949000 -0.485056
v -0.125029 2.949000 -0.485056
v -0.125029 2.949000 -0.485056
v -0.104532 2.857108 -0.887059
v -0.104532 2.857108 -0.887059
v -0.104532 2.857108 -0.887059
v -0.104532 2.857108 -0.887059
v -0.104532 2.857108 -0.887059
v -0.104532 2.857108 -0.887059
v -0.104532 2.857108 -0.887059
v -0.217113 2.865264 -0.853482
v -0.217113 2.865264 -0.853482
v -0.217113 2.865264 -0.853482
v -0.217113 2.865264 -0.853482
v -0.217113 2.865264 -0.853482
v -0.217113 2.865264 -0.853482
v -0.217113 2.865264 -0.853482
v 0.144892 2.794064 -1.051936
v 0.144892 2.794064 -1.051936
v 0.144892 2.794064 -1.051936
v 0.035475 2.809187 -1.021700
v 0.035475 2.809187 -1.021700
v 0.035475 2.809187 -1.021700
v 0.035475 2.809187 -1.021700
v 0.035475 2.809187 -1.021700
v -0.300474 2.828076 -0.921059
v -0.300474 2.828076 -0.921059
v -0.300474 2.828076 -0.921059
v -0.649968 2.830639 -0.701885
v -0.649968 2.830639 -0.701885
v -0.649968 2.830639 -0.701885
v -0.649968 2.830639 -0.701885
v -0.649968 2.830639 -0.701885
v -0.754886 2.814042 -0.662552
v -0.754886 2.814042 -0.662552
v -0.754886 2.814042 -0.662552
v -0.754886 2.814042 -0.662552
v -0.044843 2.786484 -1.094164
v -0.044843 2.786484 -1.094164
v -0.044843 2.786484 -1.094164
v -0.628487 2.812088 -0.806099
v -0.628487 2.812088 -0.806099
v -0.628487 2.812088 -0.806099
v -0.628487 2.812088 -0.806099
v -0.613128 2.926822 0.111938
v -0.613128 2.926822 0.111938
v -0.613128 2.926822 0.111938
v -0.613128 2.926822 0.111938
v -0.613128 2.926822 0.111938
v -0.613128 2.926822 0.111938
v -0.613128 2.926822 0.111938
v -0.613545 2.929852 -0.000562
v -0.613545 2.929852 -0.000562
v -0.613545 2.929852 -0.000562
v -0.613545 2.929852 -0.000562
v -0.613545 2.929852 -0.000562
v -0.613545 2.929852 -0.000562
v -0.611721 2.916157 0.222614
v -0.611721 2.916157 0.222614
v -0.611721 2.916157 0.222614
v -0.611721 2.916157 0.222614
v -0.611721 2.916157 0.222614
v -0.696176 2.892044 -0.281267
v -0.696176 2.892044 -0.281267
v -0.696176 2.892044 -0.281267
v -0.696176 2.892044 -0.281267
v -0.696176 2.892044 -0.281267
v -0.700150 2.905441 -0.057502
v -0.700150 2.905441 -0.057502
v -0.700150 2.905441 -0.057502
v -0.698939 2.900033 0.170142
v -0.698939 2.900033 0.170142
v -0.698939 2.900033 0.170142
v -0.694047 2.879575 0.392536
v -0.694047 2.879575 0.392536
v -0.694047 2.879575 0.392536
v -0.782395 2.864596 -0.341856
v -0.782395 2.864596 -0.341856
v -0.782395 2.864596 -0.341856
v -0.782395 2.864596 -0.341856
v 0.202226 2.967762 0.344900
v 0.202226 2.967762 0.344900
v 0.202226 2.967762 0.344900
v 0.202226 2.967762 0.344900
v 0.202226 2.967762 0.344900
v 0.202226 2.967762 0.344900
v 0.202226 2.967762 0.344900
v 0.202226 2.967762 0.344900
v -0.007404 2.940091 0.553575
v -0.007404 2.940091 0.553575
v -0.007404 2.940091 0.553575
v -0.007404 2.940091 0.553575
v -0.007404 2.940091 0.553575
v -0.327739 2.862151 0.817658
v -0.327739 2.862151 0.817658
v -0.327739 2.862151 0.817658
v -0.327739 2.862151 0.817658
v -0.327739 2.862151 0.817658
v 0.128133 2.906090 0.682599
v 0.128133 2.906090 0.682599
v 0.128133 2.906090 0.682599
v -0.570840 2.837062 0.760028
v -0.570840 2.837062 0.760028
v -0.570840 2.837062 0.760028
v -0.570840 2.837062 0.760028
v -0.570840 2.837062 0.760028
v -0.570840 2.837062 0.760028
v -0.570840 2.837062 0.760028
v -0.570840 2.837062 0.760028
v -0.300649 2.828327 0.921250
v -0.300649 2.828327 0.921250
v -0.300649 2.828327 0.921250
v -0.300649 2.828327 0.921250
v -0.692356 2.739246 0.977046
v -0.692356 2.739246 0.977046
v -0.692356 2.739246 0.977046
v -0.692356 2.739246 0.977046
v -0.692356 2.739246 0.977046
v -0.692356 2.739246 0.977046
v -0.469517 2.756602 1.056711
v -0.469517 2.756602 1.056711
v -0.469517 2.756602 1.056711
v -0.469517 2.756602 1.056711
v -0.885704 2.673264 0.998448
v -0.885704 2.673264 0.998448
v -0.885704 2.673264 0.998448
v -0.885704 2.673264 0.998448
v -0.885704 2.673264 0.998448
v -0.885704 2.673264 0.998448
v -0.777993 2.690213 1.041724
v -0.777993 2.690213 1.041724
v -0.777993 2.690213 1.041724
v -1.053977 2.562642 1.122481
v -1.053977 2.562642 1.122481
v -1.053977 2.562642 1.122481
v 0.297452 2.909189 0.628042
v 0.297452 2.909189 0.628042
v 0.297452 2.909189 0.628042
v 0.297452 2.909189 0.628042
v 0.396451 2.941517 0.354480
v 0.396451 2.941517 0.354480
v 0.396451 2.941517 0.354480
v 0.396451 2.941517 0.354480
v 0.648593 2.921020 0.000612
v 0.648593 2.921020 0.000612
v 0.648593 2.921020 0.000612
v 0.648593 2.921020 0.000612
v 0.648593 2.921020 0.000612
v 0.905648 -2.705135 -0.892666
v 0.905648 -2.705135 -0.892666
v 0.905648 -2.705135 -0.892666
v 0.905648 -2.705135 -0.892666
v 0.729225 -2.820195 -0.686011
v 0.729225 -2.820195 -0.686011
v 0.729225 -2.820195 -0.686011
v 0.729225 -2.820195 -0.686011
v 0.729225 -2.820195 -0.686011
v 0.729225 -2.820195 -0.686011
v 0.729225 -2.820195 -0.686011
v 0.582567 -2.752662 -1.018039
v 0.582567 -2.752662 -1.018039
v 0.582567 -2.752662 -1.018039
v 0.582567 -2.752662 -1.018039
v 0.406394 -2.880665 -0.703611
v 0.406394 -2.880665 -0.703611
v 0.406394 -2.880665 -0.703611
v 0.406394 -2.880665 -0.703611
v 0.406394 -2.880665 -0.703611
v 0.406394 -2.880665 -0.703611
v 0.406394 -2.880665 -0.703611
v 0.495480 -2.790149 -0.950377
v 0.495480 -2.790149 -0.950377
v 0.495480 -2.790149 -0.950377
v 0.495480 -2.790149 -0.950377
v 0.495480 -2.790149 -0.950377
v 0.271393 -2.794823 -1.024826
v 0.271393 -2.794823 -1.024826
v 0.271393 -2.794823 -1.024826
v 0.271393 -2.794823 -1.024826
v 0.216430 -2.942213 -0.486519
v 0.216430 -2.942213 -0.486519
v 0.216430 -2.942213 -0.486519
v 0.216430 -2.942213 -0.486519
v 0.216430 -2.942213 -0.486519
v 0.106533 -2.854268 -0.886630
v 0.106533 -2.854268 -0.886630
v 0.106533 -2.854268 -0.886630
v 0.106533 -2.854268 -0.886630
v -0.081410 -2.982515 -0.250361
v -0.081410 -2.982515 -0.250361
v -0.081410 -2.982515 -0.250361
v -0.081410 -2.982515 -0.250361
v -0.081410 -2.982515 -0.250361
v -0.081410 -2.982515 -0.250361
v -0.081410 -2.982515 -0.250361
v -0.298813 -2.907194 -0.626928
v -0.298813 -2.907194 -0.626928
v -0.298813 -2.907194 -0.626928
v -0.298813 -2.907194 -0.626928
v -0.500647 -2.873835 -0.646622
v -0.500647 -2.873835 -0.646622
v -0.500647 -2.873835 -0.646622
v -0.234347 -2.947249 -0.436602
v -0.234347 -2.947249 -0.436602
v -0.234347 -2.947249 -0.436602
v -0.234347 -2.947249 -0.436602
v -0.234347 -2.947249 -0.436602
v -0.570150 -2.885214 -0.555390
v -0.570150 -2.885214 -0.555390
v -0.570150 -2.885214 -0.555390
v -0.570150 -2.885214 -0.555390
v -0.570150 -2.885214 -0.555390
v -0.570150 -2.885214 -0.555390
v -0.570150 -2.885214 -0.555390
v -0.570150 -2.885214 -0.555390
v -0.676205 -2.857477 -0.562025
v -0.676205 -2.857477 -0.562025
v -0.676205 -2.857477 -0.562025
v -0.809962 -2.853328 -0.374764
v -0.809962 -2.853328 -0.374764
v -0.809962 -2.853328 -0.374764
v -0.809962 -2.853328 -0.374764
v -0.338166 -2.967779 -0.182862
v -0.338166 -2.967779 -0.182862
v -0.338166 -2.967779 -0.182862
v -0.338166 -2.967779 -0.182862
v -0.338166 -2.967779 -0.182862
v -0.338166 -2.967779 -0.182862
v -0.338166 -2.967779 -0.182862
v -0.729993 -2.898574 -0.181916
v -0.729993 -2.898574 -0.181916
v -0.729993 -2.898574 -0.181916
v -0.729993 -2.898574 -0.181916
v -0.729993 -2.898574 -0.181916
v -0.729993 -2.898574 -0.181916
v -0.729993 -2.898574 -0.181916
v -0.729993 -2.898574 -0.181916
v -0.729993 -2.898574 -0.181916
v -0.729993 -2.898574 -0.181916
v -0.939570 -2.831820 -0.185220
v -0.939570 -2.831820 -0.185220
v -0.939570 -2.831820 -0.185220
v -0.896049 -2.848947 -0.091412
v -0.896049 -2.848947 -0.091412
v -0.896049 -2.848947 -0.091412
v -0.896049 -2.848947 -0.091412
v -0.939650 -2.830185 0.186513
v -0.939650 -2.830185 0.186513
v -0.939650 -2.830185 0.186513
v -0.939650 -2.830185 0.186513
v -1.156253 -2.684753 0.688329
v -1.156253 -2.684753 0.688329
v -1.156253 -2.684753 0.688329
v -1.156253 -2.684753 0.688329
v -0.833822 -2.864795 0.184435
v -0.833822 -2.864795 0.184435
v -0.833822 -2.864795 0.184435
v -0.833822 -2.864795 0.184435
v -0.833822 -2.864795 0.184435
v -0.833822 -2.864795 0.184435
v -0.961843 -2.793016 0.477358
v -0.961843 -2.793016 0.477358
v -0.961843 -2.793016 0.477358
v -0.961843 -2.793016 0.477358
v -0.961843 -2.793016 0.477358
v -0.961843 -2.793016 0.477358
v -0.961843 -2.793016 0.477358
v -1.042532 -2.723683 0.683243
v -1.042532 -2.723683 0.683243
v -1.042532 -2.723683 0.683243
v -0.744506 -2.857005 0.467374
v -0.744506 -2.857005 0.467374
v -0.744506 -2.857005 0.467374
v -0.626603 -2.918700 0.179415
v -0.626603 -2.918700 0.179415
v -0.626603 -2.918700 0.179415
v -0.626603 -2.918700 0.179415
v -0.626603 -2.918700 0.179415
v -0.626603 -2.918700 0.179415
v -0.328302 -2.967958 0.172279
v -0.328302 -2.967958 0.172279
v -0.328302 -2.967958 0.172279
v -0.328302 -2.967958 0.172279
v -0.328302 -2.967958 0.172279
v -0.328302 -2.967958 0.172279
v -0.394849 -2.945045 0.356154
v -0.394849 -2.945045 0.356154
v -0.394849 -2.945045 0.356154
v -0.394849 -2.945045 0.356154
v -0.394849 -2.945045 0.356154
v -0.329499 -2.937687 0.443559
v -0.329499 -2.937687 0.443559
v -0.329499 -2.937687 0.443559
v -0.329499 -2.937687 0.443559
v -0.397804 -2.893463 0.637493
v -0.397804 -2.893463 0.637493
v -0.397804 -2.893463 0.637493
v -0.397804 -2.893463 0.637493
v -0.043508 -2.989012 0.159658
v -0.043508 -2.989012 0.159658
v -0.043508 -2.989012 0.159658
v -0.043508 -2.989012 0.159658
v -0.043508 -2.989012 0.159658
v -0.043508 -2.989012 0.159658
v -0.043508 -2.989012 0.159658
v 1.035157 -2.729518 -0.637040
v 1.035157 -2.729518 -0.637040
v 1.035157 -2.729518 -0.637040
v 1.232430 -2.694010 -0.416753
v 1.232430 -2.694010 -0.416753
v 1.232430 -2.694010 -0.416753
v 1.232430 -2.694010 -0.416753
v 1.044352 -2.756986 -0.524790
v 1.044352 -2.756986 -0.524790
v 1.044352 -2.756986 -0.524790
v 1.044352 -2.756986 -0.524790
v 1.044352 -2.756986 -0.524790
v 1.044352 -2.756986 -0.524790
v 1.044352 -2.756986 -0.524790
v 1.243772 -2.717664 0.059020
v 1.243772 -2.717664 0.059020
v 1.243772 -2.717664 0.059020
v 1.243772 -2.717664 0.059020
v 1.016785 -2.810823 -0.098853
v 1.016785 -2.810823 -0.098853
v 1.016785 -2.810823 -0.098853
v 1.016785 -2.810823 -0.098853
v 1.016785 -2.810823 -0.098853
v 1.016785 -2.810823 -0.098853
v 0.690316 -2.896457 -0.285896
v 0.690316 -2.896457 -0.285896
v 0.690316 -2.896457 -0.285896
v 0.690316 -2.896457 -0.285896
v 0.690316 -2.896457 -0.285896
v 0.690316 -2.896457 -0.285896
v 1.150628 -2.758072 0.119270
v 1.150628 -2.758072 0.119270
v 1.150628 -2.758072 0.119270
v 1.150628 -2.758072 0.119270
v 1.150628 -2.758072 0.119270
v 1.146707 -2.750160 0.238043
v 1.146707 -2.750160 0.238043
v 1.146707 -2.750160 0.238043
v 1.146707 -2.750160 0.238043
v 0.730520 -2.900913 0.103453
v 0.730520 -2.900913 0.103453
v 0.730520 -2.900913 0.103453
v 0.730520 -2.900913 0.103453
v 0.730520 -2.900913 0.103453
v 0.730520 -2.900913 0.103453
v 0.730520 -2.900913 0.103453
v 0.730520 -2.900913 0.103453
v 0.730520 -2.900913 0.103453
v 0.404523 -2.951939 -0.254918
v 0.404523 -2.951939 -0.254918
v 0.404523 -2.951939 -0.254918
v 0.404523 -2.951939 -0.254918
v 0.404523 -2.951939 -0.254918
v 0.404523 -2.951939 -0.254918
v 1.049161 -2.768906 0.411090
v 1.049161 -2.768906 0.411090
v 1.049161 -2.768906 0.411090
v 1.049161 -2.768906 0.411090
v 0.960573 -2.807737 0.348734
v 0.960573 -2.807737 0.348734
v 0.960573 -2.807737 0.348734
v 0.960573 -2.807737 0.348734
v 0.960573 -2.807737 0.348734
v 0.255486 -2.980198 0.089519
v 0.255486 -2.980198 0.089519
v 0.255486 -2.980198 0.089519
v 0.255486 -2.980198 0.089519
v 0.255486 -2.980198 0.089519
v 0.255486 -2.980198 0.089519
v 1.026402 -2.709691 0.745607
v 1.026402 -2.709691 0.745607
v 1.026402 -2.709691 0.745607
v 1.026402 -2.709691 0.745607
v 0.533731 -2.920816 0.372120
v 0.533731 -2.920816 0.372120
v 0.533731 -2.920816 0.372120
v 0.533731 -2.920816 0.372120
v 0.533731 -2.920816 0.372120
v -0.145045 -2.794382 1.051694
v -0.145045 -2.794382 1.051694
v -0.145045 -2.794382 1.051694
v 0.076006 -2.825426 0.991195
v 0.076006 -2.825426 0.991195
v 0.076006 -2.825426 0.991195
v 0.076006 -2.825426 0.991195
v 0.076006 -2.825426 0.991195
v 0.076006 -2.825426 0.991195
v 0.076006 -2.825426 0.991195
v 0.076006 -2.825426 0.991195
v 0.158947 -2.788778 1.060709
v 0.158947 -2.788778 1.060709
v 0.158947 -2.788778 1.060709
v 0.158947 -2.788778 1.060709
v 0.299242 -2.831379 0.920970
v 0.299242 -2.831379 0.920970
v 0.299242 -2.831379 0.920970
v 0.299242 -2.831379 0.920970
v 0.299242 -2.831379 0.920970
v 0.299242 -2.831379 0.920970
v 0.270613 -2.793256 1.025776
v 0.270613 -2.793256 1.025776
v 0.270613 -2.793256 1.025776
v 0.172743 -2.932450 0.570168
v 0.172743 -2.932450 0.570168
v 0.172743 -2.932450 0.570168
v 0.172743 -2.932450 0.570168
v 0.172743 -2.932450 0.570168
v 0.172743 -2.932450 0.570168
v 0.172743 -2.932450 0.570168
v 0.630270 -2.814094 0.806694
v 0.630270 -2.814094 0.806694
v 0.630270 -2.814094 0.806694
v 0.630270 -2.814094 0.806694
v 0.630270 -2.814094 0.806694
v 0.630270 -2.814094 0.806694
v 0.716491 -2.771139 0.871145
v 0.716491 -2.771139 0.871145
v 0.716491 -2.771139 0.871145
v 0.716491 -2.771139 0.871145
v 0.862473 -2.808823 0.566275
v 0.862473 -2.808823 0.566275
v 0.862473 -2.808823 0.566275
v 0.862473 -2.808823 0.566275
v 0.862473 -2.808823 0.566275
v 0.862473 -2.808823 0.566275
v 0.862473 -2.808823 0.566275
v -0.067595 2.946668 -0.049401
v -0.067595 2.946668 -0.049401
v -0.067595 2.946668 -0.049401
v -0.067595 2.946668 -0.049401
v -0.067595 2.946668 -0.049401
v -0.067595 2.946668 -0.049401
v -0.067595 2.946668 -0.049401
v -0.292366 -2.789474 0.896605
v -0.292366 -2.789474 0.896605
v -0.292366 -2.789474 0.896605
v -0.292366 -2.789474 0.896605
v -0.260398 -2.820888 0.799227
v -0.260398 -2.820888 0.799227
v -0.260398 -2.820888 0.799227
v -0.260398 -2.820888 0.799227
v -0.260398 -2.820888 0.799227
v -0.146430 -2.881285 0.596691
v -0.146430 -2.881285 0.596691
v -0.146430 -2.881285 0.596691
v -0.146430 -2.881285 0.596691
v -0.146430 -2.881285 0.596691
v -0.146430 -2.881285 0.596691
v -0.146430 -2.881285 0.596691
v 0.928707 -2.712194 -0.674390
v 0.928707 -2.712194 -0.674390
v 0.928707 -2.712194 -0.674390
v 0.928707 -2.712194 -0.674390
v 0.928707 -2.712194 -0.674390
v -0.943540 -2.789497 -0.000126
v -0.943540 -2.789497 -0.000126
v -0.943540 -2.789497 -0.000126
v -0.943540 -2.789497 -0.000126
v -0.136903 -2.909569 -0.423869
v -0.136903 -2.909569 -0.423869
v -0.136903 -2.909569 -0.423869
v -0.136903 -2.909569 -0.423869
v 0.220782 2.936187 0.127827
v 0.220782 2.936187 0.127827
v 0.220782 2.936187 0.127827
v 0.220782 2.936187 0.127827
v 0.220782 2.936187 0.127827
v 0.220782 2.936187 0.127827
v 0.095438 2.885970 0.577673
v 0.095438 2.885970 0.577673
v 0.095438 2.885970 0.577673
v 0.095438 2.885970 0.577673
v 0.095438 2.885970 0.577673
v 0.095438 2.885970 0.577673
v 0.228949 2.849019 0.703291
v 0.228949 2.849019 0.703291
v 0.228949 2.849019 0.703291
v 0.228949 2.849019 0.703291
v 0.618652 2.878393 -0.177624
v 0.618652 2.878393 -0.177624
v 0.618652 2.878393 -0.177624
v 0.618652 2.878393 -0.177624
v 0.618652 2.878393 -0.177624
v 0.618652 2.878393 -0.177624
v 0.618652 2.878393 -0.177624
v -0.331260 2.913431 0.297066
v -0.331260 2.913431 0.297066
v -0.331260 2.913431 0.297066
v -0.331260 2.913431 0.297066
v -0.331260 2.913431 0.297066
v -0.331260 2.913431 0.297066
v -0.331260 2.913431 0.297066
v -0.331260 2.913431 0.297066
v -0.602392 2.866099 0.327393
v -0.602392 2.866099 0.327393
v -0.602392 2.866099 0.327393
v -0.602392 2.866099 0.327393
v -0.602392 2.866099 0.327393
v -0.602392 2.866099 0.327393
v -0.680314 2.820928 0.493457
v -0.680314 2.820928 0.493457
v -0.680314 2.820928 0.493457
v -0.680314 2.820928 0.493457
v -0.680314 2.820928 0.493457
v -0.925934 2.716588 0.671261
v -0.925934 2.716588 0.671261
v -0.925934 2.716588 0.671261
v -0.925934 2.716588 0.671261
v -0.925934 2.716588 0.671261
v -0.925934 2.716588 0.671261
v -1.094768 2.618937 0.793817
v -1.094768 2.618937 0.793817
v -1.094768 2.618937 0.793817
v -1.094768 2.618937 0.793817
v -0.546486 2.860088 -0.453361
v -0.546486 2.860088 -0.453361
v -0.546486 2.860088 -0.453361
v -0.546486 2.860088 -0.453361
v -0.546486 2.860088 -0.453361
v -0.546486 2.860088 -0.453361
v -0.546486 2.860088 -0.453361
v -0.546486 2.860088 -0.453361
v -0.546486 2.860088 -0.453361
v -0.762866 2.788404 -0.553891
v -0.762866 2.788404 -0.553891
v -0.762866 2.788404 -0.553891
v -0.762866 2.788404 -0.553891
v 0.189694 2.930015 -0.251256
v 0.189694 2.930015 -0.251256
v 0.189694 2.930015 -0.251256
v 0.189694 2.930015 -0.251256
v 0.189694 2.930015 -0.251256
v 0.189694 2.930015 -0.251256
v 0.245828 2.871660 -0.609306
v 0.245828 2.871660 -0.609306
v 0.245828 2.871660 -0.609306
v 0.245828 2.871660 -0.609306
v 0.245828 2.871660 -0.609306
v 0.245828 2.871660 -0.609306
v 0.292695 2.792490 -0.897807
v 0.292695 2.792490 -0.897807
v 0.292695 2.792490 -0.897807
v 0.292695 2.792490 -0.897807
v 0.292695 2.792490 -0.897807
v 0.292695 2.792490 -0.897807
v 0.462750 2.881488 -0.402977
v 0.462750 2.881488 -0.402977
v 0.462750 2.881488 -0.402977
v 0.462750 2.881488 -0.402977
v 0.462750 2.881488 -0.402977
v 0.677282 2.863154 -0.088301
v 0.677282 2.863154 -0.088301
v 0.677282 2.863154 -0.088301
v 0.734316 2.815999 -0.462100
v 0.734316 2.815999 -0.462100
v 0.734316 2.815999 -0.462100
v 0.734316 2.815999 -0.462100
v 0.734316 2.815999 -0.462100
v 0.494306 2.832350 -0.637491
v 0.494306 2.832350 -0.637491
v 0.494306 2.832350 -0.637491
v 0.494306 2.832350 -0.637491
v 0.494306 2.832350 -0.637491
v 0.494306 2.832350 -0.637491
v 0.597405 2.808870 -0.646005
v 0.597405 2.808870 -0.646005
v 0.597405 2.808870 -0.646005
v -0.279993 2.924249 -0.224060
v -0.279993 2.924249 -0.224060
v -0.279993 2.924249 -0.224060
v -0.279993 2.924249 -0.224060
v -0.279993 2.924249 -0.224060
v -0.123255 2.905148 -0.477795
v -0.123255 2.905148 -0.477795
v -0.123255 2.905148 -0.477795
v -0.123255 2.905148 -0.477795
v -0.123255 2.905148 -0.477795
v -0.123255 2.905148 -0.477795
v -0.123255 2.905148 -0.477795
v -0.105362 2.814100 -0.875719
v -0.105362 2.814100 -0.875719
v -0.105362 2.814100 -0.875719
v -0.105362 2.814100 -0.875719
v -0.105362 2.814100 -0.875719
v -0.105362 2.814100 -0.875719
v -0.105362 2.814100 -0.875719
v -0.213392 2.822187 -0.843019
v -0.213392 2.822187 -0.843019
v -0.213392 2.822187 -0.843019
v -0.213392 2.822187 -0.843019
v -0.213392 2.822187 -0.843019
v -0.213392 2.822187 -0.843019
v -0.213392 2.822187 -0.843019
v 0.142998 2.751953 -1.037721
v 0.142998 2.751953 -1.037721
v 0.142998 2.751953 -1.037721
v 0.034127 2.766933 -1.007850
v 0.034127 2.766933 -1.007850
v 0.034127 2.766933 -1.007850
v 0.034127 2.766933 -1.007850
v 0.034127 2.766933 -1.007850
v -0.293455 2.786541 -0.906756
v -0.293455 2.786541 -0.906756
v -0.293455 2.786541 -0.906756
v -0.641900 2.787900 -0.692545
v -0.641900 2.787900 -0.692545
v -0.641900 2.787900 -0.692545
v -0.641900 2.787900 -0.692545
v -0.641900 2.787900 -0.692545
v -0.744917 2.771603 -0.653693
v -0.744917 2.771603 -0.653693
v -0.744917 2.771603 -0.653693
v -0.744917 2.771603 -0.653693
v -0.045686 2.744316 -1.080018
v -0.045686 2.744316 -1.080018
v -0.045686 2.744316 -1.080018
v -0.621825 2.769170 -0.796478
v -0.621825 2.769170 -0.796478
v -0.621825 2.769170 -0.796478
v -0.621825 2.769170 -0.796478
v -0.606219 2.882942 0.109527
v -0.606219 2.882942 0.109527
v -0.606219 2.882942 0.109527
v -0.606219 2.882942 0.109527
v -0.606219 2.882942 0.109527
v -0.606219 2.882942 0.109527
v -0.606219 2.882942 0.109527
v -0.607132 2.885840 0.000350
v -0.607132 2.885840 0.000350
v -0.607132 2.885840 0.000350
v -0.607132 2.885840 0.000350
v -0.607132 2.885840 0.000350
v -0.607132 2.885840 0.000350
v -0.603393 2.872625 0.218797
v -0.603393 2.872625 0.218797
v -0.603393 2.872625 0.218797
v -0.603393 2.872625 0.218797
v -0.603393 2.872625 0.218797
v -0.687207 2.848671 -0.277108
v -0.687207 2.848671 -0.277108
v -0.687207 2.848671 -0.277108
v -0.687207 2.848671 -0.277108
v -0.687207 2.848671 -0.277108
v -0.689744 2.862278 -0.054737
v -0.689744 2.862278 -0.054737
v -0.689744 2.862278 -0.054737
v -0.688384 2.857032 0.165837
v -0.688384 2.857032 0.165837
v -0.688384 2.857032 0.165837
v -0.683489 2.836875 0.385884
v -0.683489 2.836875 0.385884
v -0.683489 2.836875 0.385884
v -0.771947 2.821788 -0.335749
v -0.771947 2.821788 -0.335749
v -0.771947 2.821788 -0.335749
v -0.771947 2.821788 -0.335749
v 0.200335 2.923541 0.340447
v 0.200335 2.923541 0.340447
v 0.200335 2.923541 0.340447
v 0.200335 2.923541 0.340447
v 0.200335 2.923541 0.340447
v 0.200335 2.923541 0.340447
v 0.200335 2.923541 0.340447
v 0.200335 2.923541 0.340447
v -0.006149 2.896119 0.546955
v -0.006149 2.896119 0.546955
v -0.006149 2.896119 0.546955
v -0.006149 2.896119 0.546955
v -0.006149 2.896119 0.546955
v -0.321129 2.819727 0.806017
v -0.321129 2.819727 0.806017
v -0.321129 2.819727 0.806017
v -0.321129 2.819727 0.806017
v -0.321129 2.819727 0.806017
v 0.125210 2.862759 0.672962
v 0.125210 2.862759 0.672962
v 0.125210 2.862759 0.672962
v -0.562251 2.794798 0.749122
v -0.562251 2.794798 0.749122
v -0.562251 2.794798 0.749122
v -0.562251 2.794798 0.749122
v -0.562251 2.794798 0.749122
v -0.562251 2.794798 0.749122
v -0.562251 2.794798 0.749122
v -0.562251 2.794798 0.749122
v -0.293421 2.786856 0.906867
v -0.293421 2.786856 0.906867
v -0.293421 2.786856 0.906867
v -0.293421 2.786856 0.906867
v -0.681631 2.698171 0.963751
v -0.681631 2.698171 0.963751
v -0.681631 2.698171 0.963751
v -0.681631 2.698171 0.963751
v -0.681631 2.698171 0.963751
v -0.681631 2.698171 0.963751
v -0.462076 2.714983 1.042874
v -0.462076 2.714983 1.042874
v -0.462076 2.714983 1.042874
v -0.462076 2.714983 1.042874
v -0.872203 2.633155 0.984739
v -0.872203 2.633155 0.984739
v -0.872203 2.633155 0.984739
v -0.872203 2.633155 0.984739
v -0.872203 2.633155 0.984739
v -0.872203 2.633155 0.984739
v -0.765848 2.649938 1.027257
v -0.765848 2.649938 1.027257
v -0.765848 2.649938 1.027257
v -1.038943 2.523405 1.107874
v -1.038943 2.523405 1.107874
v -1.038943 2.523405 1.107874
v 0.294961 2.865752 0.618770
v 0.294961 2.865752 0.618770
v 0.294961 2.865752 0.618770
v 0.294961 2.865752 0.618770
v 0.390005 2.897584 0.351790
v 0.390005 2.897584 0.351790
v 0.390005 2.897584 0.351790
v 0.390005 2.897584 0.351790
v 0.641049 2.877179 0.000610
v 0.641049 2.877179 0.000610
v 0.641049 2.877179 0.000610
v 0.641049 2.877179 0.000610
v 0.641049 2.877179 0.000610
v 0.893742 -2.664181 -0.880016
v 0.893742 -2.664181 -0.880016
v 0.893742 -2.664181 -0.880016
v 0.893742 -2.664181 -0.880016
v 0.718619 -2.778155 -0.676055
v 0.718619 -2.778155 -0.676055
v 0.718619 -2.778155 -0.676055
v 0.718619 -2.778155 -0.676055
v 0.718619 -2.778155 -0.676055
v 0.718619 -2.778155 -0.676055
v 0.718619 -2.778155 -0.676055
v 0.572999 -2.711111 -1.005355
v 0.572999 -2.711111 -1.005355
v 0.572999 -2.711111 -1.005355
v 0.572999 -2.711111 -1.005355
v 0.400387 -2.837781 -0.693420
v 0.400387 -2.837781 -0.693420
v 0.400387 -2.837781 -0.693420
v 0.400387 -2.837781 -0.693420
v 0.400387 -2.837781 -0.693420
v 0.400387 -2.837781 -0.693420
v 0.400387 -2.837781 -0.693420
v 0.488138 -2.748166 -0.937631
v 0.488138 -2.748166 -0.937631
v 0.488138 -2.748166 -0.937631
v 0.488138 -2.748166 -0.937631
v 0.488138 -2.748166 -0.937631
v 0.266669 -2.752627 -1.011556
v 0.266669 -2.752627 -1.011556
v 0.266669 -2.752627 -1.011556
v 0.266669 -2.752627 -1.011556
v 0.212344 -2.898412 -0.479910
v 0.212344 -2.898412 -0.479910
v 0.212344 -2.898412 -0.479910
v 0.212344 -2.898412 -0.479910
v 0.212344 -2.898412 -0.479910
v 0.102960 -2.811587 -0.874608
v 0.102960 -2.811587 -0.874608
v 0.102960 -2.811587 -0.874608
v 0.102960 -2.811587 -0.874608
v -0.080409 -2.938135 -0.247468
v -0.080409 -2.938135 -0.247468
v -0.080409 -2.938135 -0.247468
v -0.080409 -2.938135 -0.247468
v -0.080409 -2.938135 -0.247468
v -0.080409 -2.938135 -0.247468
v -0.080409 -2.938135 -0.247468
v -0.293241 -2.863755 -0.619121
v -0.293241 -2.863755 -0.619121
v -0.293241 -2.863755 -0.619121
v -0.293241 -2.863755 -0.619121
v -0.494530 -2.830933 -0.636573
v -0.494530 -2.830933 -0.636573
v -0.494530 -2.830933 -0.636573
v -0.229951 -2.903347 -0.430920
v -0.229951 -2.903347 -0.430920
v -0.229951 -2.903347 -0.430920
v -0.229951 -2.903347 -0.430920
v -0.229951 -2.903347 -0.430920
v -0.562459 -2.841915 -0.548682
v -0.562459 -2.841915 -0.548682
v -0.562459 -2.841915 -0.548682
v -0.562459 -2.841915 -0.548682
v -0.562459 -2.841915 -0.548682
v -0.562459 -2.841915 -0.548682
v -0.562459 -2.841915 -0.548682
v -0.562459 -2.841915 -0.548682
v -0.665452 -2.814840 -0.555288
v -0.665452 -2.814840 -0.555288
v -0.665452 -2.814840 -0.555288
v -0.799728 -2.810455 -0.368755
v -0.799728 -2.810455 -0.368755
v -0.799728 -2.810455 -0.368755
v -0.799728 -2.810455 -0.368755
v -0.332690 -2.923703 -0.180348
v -0.332690 -2.923703 -0.180348
v -0.332690 -2.923703 -0.180348
v -0.332690 -2.923703 -0.180348
v -0.332690 -2.923703 -0.180348
v -0.332690 -2.923703 -0.180348
v -0.332690 -2.923703 -0.180348
v -0.720243 -2.855220 -0.179833
v -0.720243 -2.855220 -0.179833
v -0.720243 -2.855220 -0.179833
v -0.720243 -2.855220 -0.179833
v -0.720243 -2.855220 -0.179833
v -0.720243 -2.855220 -0.179833
v -0.720243 -2.855220 -0.179833
v -0.720243 -2.855220 -0.179833
v -0.720243 -2.855220 -0.179833
v -0.720243 -2.855220 -0.179833
v -0.926081 -2.789454 -0.183743
v -0.926081 -2.789454 -0.183743
v -0.926081 -2.789454 -0.183743
v -0.882748 -2.806510 -0.090317
v -0.882748 -2.806510 -0.090317
v -0.882748 -2.806510 -0.090317
v -0.882748 -2.806510 -0.090317
v -0.925135 -2.788348 0.182276
v -0.925135 -2.788348 0.182276
v -0.925135 -2.788348 0.182276
v -0.925135 -2.788348 0.182276
v -1.140967 -2.643576 0.681276
v -1.140967 -2.643576 0.681276
v -1.140967 -2.643576 0.681276
v -1.140967 -2.643576 0.681276
v -0.822001 -2.822041 0.181082
v -0.822001 -2.822041 0.181082
v -0.822001 -2.822041 0.181082
v -0.822001 -2.822041 0.181082
v -0.822001 -2.822041 0.181082
v -0.822001 -2.822041 0.181082
v -0.945871 -2.751738 0.472897
v -0.945871 -2.751738 0.472897
v -0.945871 -2.751738 0.472897
v -0.945871 -2.751738 0.472897
v -0.945871 -2.751738 0.472897
v -0.945871 -2.751738 0.472897
v -0.945871 -2.751738 0.472897
v -1.028747 -2.682264 0.674671
v -1.028747 -2.682264 0.674671
v -1.028747 -2.682264 0.674671
v -0.732184 -2.814456 0.463290
v -0.732184 -2.814456 0.463290
v -0.732184 -2.814456 0.463290
v -0.616992 -2.875288 0.177989
v -0.616992 -2.875288 0.177989
v -0.616992 -2.875288 0.177989
v -0.616992 -2.875288 0.177989
v -0.616992 -2.875288 0.177989
v -0.616992 -2.875288 0.177989
v -0.323789 -2.923736 0.170567
v -0.323789 -2.923736 0.170567
v -0.323789 -2.923736 0.170567
v -0.323789 -2.923736 0.170567
v -0.323789 -2.923736 0.170567
v -0.323789 -2.923736 0.170567
v -0.392421 -2.900937 0.350908
v -0.392421 -2.900937 0.350908
v -0.392421 -2.900937 0.350908
v -0.392421 -2.900937 0.350908
v -0.392421 -2.900937 0.350908
v -0.327750 -2.893569 0.438122
v -0.327750 -2.893569 0.438122
v -0.327750 -2.893569 0.438122
v -0.327750 -2.893569 0.438122
v -0.393567 -2.850200 0.628044
v -0.393567 -2.850200 0.628044
v -0.393567 -2.850200 0.628044
v -0.393567 -2.850200 0.628044
v -0.042968 -2.944606 0.157064
v -0.042968 -2.944606 0.157064
v -0.042968 -2.944606 0.157064
v -0.042968 -2.944606 0.157064
v -0.042968 -2.944606 0.157064
v -0.042968 -2.944606 0.157064
v -0.042968 -2.944606 0.157064
v 1.019180 -2.689528 -0.625883
v 1.019180 -2.689528 -0.625883
v 1.019180 -2.689528 -0.625883
v 1.215550 -2.653011 -0.413132
v 1.215550 -2.653011 -0.413132
v 1.215550 -2.653011 -0.413132
v 1.215550 -2.653011 -0.413132
v 1.030151 -2.715328 -0.518320
v 1.030151 -2.715328 -0.518320
v 1.030151 -2.715328 -0.518320
v 1.030151 -2.715328 -0.518320
v 1.030151 -2.715328 -0.518320
v 1.030151 -2.715328 -0.518320
v 1.030151 -2.715328 -0.518320
v 1.225971 -2.676925 0.060561
v 1.225971 -2.676925 0.060561
v 1.225971 -2.676925 0.060561
v 1.225971 -2.676925 0.060561
v 1.001630 -2.769036 -0.097085
v 1.001630 -2.769036 -0.097085
v 1.001630 -2.769036 -0.097085
v 1.001630 -2.769036 -0.097085
v 1.001630 -2.769036 -0.097085
v 1.001630 -2.769036 -0.097085
v 0.680051 -2.853392 -0.281537
v 0.680051 -2.853392 -0.281537
v 0.680051 -2.853392 -0.281537
v 0.680051 -2.853392 -0.281537
v 0.680051 -2.853392 -0.281537
v 0.680051 -2.853392 -0.281537
v 1.135183 -2.716374 0.117965
v 1.135183 -2.716374 0.117965
v 1.135183 -2.716374 0.117965
v 1.135183 -2.716374 0.117965
v 1.135183 -2.716374 0.117965
v 1.132428 -2.708132 0.235095
v 1.132428 -2.708132 0.235095
v 1.132428 -2.708132 0.235095
v 1.132428 -2.708132 0.235095
v 0.719736 -2.857779 0.101989
v 0.719736 -2.857779 0.101989
v 0.719736 -2.857779 0.101989
v 0.719736 -2.857779 0.101989
v 0.719736 -2.857779 0.101989
v 0.719736 -2.857779 0.101989
v 0.719736 -2.857779 0.101989
v 0.719736 -2.857779 0.101989
v 0.719736 -2.857779 0.101989
v 0.398568 -2.908005 -0.251264
v 0.398568 -2.908005 -0.251264
v 0.398568 -2.908005 -0.251264
v 0.398568 -2.908005 -0.251264
v 0.398568 -2.908005 -0.251264
v 0.398568 -2.908005 -0.251264
v 1.034480 -2.727501 0.404087
v 1.034480 -2.727501 0.404087
v 1.034480 -2.727501 0.404087
v 1.034480 -2.727501 0.404087
v 0.947218 -2.765536 0.344306
v 0.947218 -2.765536 0.344306
v 0.947218 -2.765536 0.344306
v 0.947218 -2.765536 0.344306
v 0.947218 -2.765536 0.344306
v 0.251416 -2.935917 0.088276
v 0.251416 -2.935917 0.088276
v 0.251416 -2.935917 0.088276
v 0.251416 -2.935917 0.088276
v 0.251416 -2.935917 0.088276
v 0.251416 -2.935917 0.088276
v 1.012512 -2.668631 0.735598
v 1.012512 -2.668631 0.735598
v 1.012512 -2.668631 0.735598
v 1.012512 -2.668631 0.735598
v 0.525979 -2.877385 0.366409
v 0.525979 -2.877385 0.366409
v 0.525979 -2.877385 0.366409
v 0.525979 -2.877385 0.366409
v 0.525979 -2.877385 0.366409
v -0.142800 -2.752071 1.038140
v -0.142800 -2.752071 1.038140
v -0.142800 -2.752071 1.038140
v 0.074927 -2.782945 0.978035
v 0.074927 -2.782945 0.978035
v 0.074927 -2.782945 0.978035
v 0.074927 -2.782945 0.978035
v 0.074927 -2.782945 0.978035
v 0.074927 -2.782945 0.978035
v 0.074927 -2.782945 0.978035
v 0.074927 -2.782945 0.978035
v 0.154972 -2.747680 1.044152
v 0.154972 -2.747680 1.044152
v 0.154972 -2.747680 1.044152
v 0.154972 -2.747680 1.044152
v 0.295175 -2.788806 0.908724
v 0.295175 -2.788806 0.908724
v 0.295175 -2.788806 0.908724
v 0.295175 -2.788806 0.908724
v 0.295175 -2.788806 0.908724
v 0.295175 -2.788806 0.908724
v 0.267265 -2.751883 1.009774
v 0.267265 -2.751883 1.009774
v 0.267265 -2.751883 1.009774
v 0.170005 -2.888830 0.561880
v 0.170005 -2.888830 0.561880
v 0.170005 -2.888830 0.561880
v 0.170005 -2.888830 0.561880
v 0.170005 -2.888830 0.561880
v 0.170005 -2.888830 0.561880
v 0.170005 -2.888830 0.561880
v 0.621091 -2.771698 0.796832
v 0.621091 -2.771698 0.796832
v 0.621091 -2.771698 0.796832
v 0.621091 -2.771698 0.796832
v 0.621091 -2.771698 0.796832
v 0.621091 -2.771698 0.796832
v 0.704012 -2.729902 0.860065
v 0.704012 -2.729902 0.860065
v 0.704012 -2.729902 0.860065
v 0.704012 -2.729902 0.860065
v 0.849896 -2.766931 0.558163
v 0.849896 -2.766931 0.558163
v 0.849896 -2.766931 0.558163
v 0.849896 -2.766931 0.558163
v 0.849896 -2.766931 0.558163
v 0.849896 -2.766931 0.558163
v 0.849896 -2.766931 0.558163
vn 0.7145 0.6990 -0.0309
vn 0.8170 0.5765 -0.0108
vn 0.8555 0.5175 0.0141
vn 0.1273 0.9894 -0.0694
vn 0.1855 0.9820 -0.0366
vn 0.0879 0.9837 -0.1569
vn 0.3016 0.9510 -0.0684
vn 0.3436 0.9383 -0.0379
vn 0.2236 0.9396 -0.2589
vn 0.2899 0.9319 -0.2179
vn 0.1882 0.9216 -0.3396
vn 0.4248 0.9047 -0.0317
vn 0.2527 0.8530 -0.4566
vn 0.1871 0.8380 -0.5125
vn 0.5157 0.8460 -0.1354
vn 0.4270 0.8620 -0.2732
vn 0.5630 0.8186 -0.1137
vn 0.4691 0.8486 -0.2448
vn 0.3860 0.8041 -0.4523
vn 0.3904 0.8039 -0.4487
vn 0.6509 0.7443 -0.1496
vn 0.2425 0.7096 -0.6615
vn 0.5957 0.7255 -0.3446
vn 0.5161 0.7319 -0.4449
vn 0.3640 0.6903 -0.6253
vn 0.3299 0.6858 -0.6487
vn 0.6787 0.6918 -0.2466
vn 0.6372 0.6977 -0.3273
vn 0.7914 0.6086 -0.0576
vn 0.7648 0.6056 -0.2201
vn 0.6654 0.6332 -0.3954
vn 0.7973 0.5787 -0.1717
vn 0.6124 0.6020 -0.5124
vn 0.5668 0.6139 -0.5495
vn 0.5637 0.6115 -0.5552
vn 0.4866 0.6170 -0.6185
vn 0.3268 0.5708 -0.7533
vn 0.7596 0.5254 -0.3834
vn 0.3839 0.5046 -0.7733
vn 0.0479 0.9838 -0.1729
vn 0.2082 0.7366 -0.6434
vn -0.0606 0.9924 -0.1071
vn -0.1566 0.9662 -0.2046
vn 0.0046 0.9604 -0.2784
vn -0.1092 0.9497 -0.2936
vn -0.2993 0.9280 -0.2219
vn 0.0872 0.9253 -0.3692
vn -0.1541 0.9138 -0.3757
vn 0.0553 0.8906 -0.4514
vn -0.2694 0.8807 -0.3896
vn 0.1135 0.8516 -0.5118
vn -0.0544 0.8772 -0.4770
vn -0.2948 0.8605 -0.4155
vn -0.4212 0.8108 -0.4064
vn -0.4675 0.8037 -0.3681
vn 0.0262 0.7861 -0.6175
vn -0.0798 0.8215 -0.5646
vn -0.2318 0.7778 -0.5842
vn 0.0484 0.7452 -0.6651
vn -0.1954 0.7770 -0.5984
vn -0.5984 0.6775 -0.4277
vn 0.0321 0.7134 -0.7000
vn -0.3786 0.6833 -0.6243
vn -0.4292 0.6736 -0.6018
vn -0.4491 0.6791 -0.5806
vn -0.5811 0.6326 -0.5120
vn 0.1628 0.5942 -0.7877
vn 0.1739 0.5989 -0.7817
vn 0.0723 0.6356 -0.7686
vn -0.1292 0.6716 -0.7296
vn -0.5987 0.6054 -0.5245
vn -0.1476 0.6255 -0.7661
vn -0.0703 0.5563 -0.8280
vn -0.2875 0.5812 -0.7613
vn -0.6016 0.4873 -0.6330
vn -0.0736 0.9967 -0.0347
vn -0.1773 0.9842 0.0047
vn -0.2005 0.9756 0.0893
vn -0.2406 0.9544 -0.1770
vn -0.2602 0.9623 -0.0786
vn -0.3621 0.9268 0.0994
vn -0.3922 0.9194 -0.0294
vn -0.4076 0.8961 -0.1755
vn -0.4069 0.9135 0.0018
vn -0.3795 0.8990 0.2186
vn -0.5053 0.8286 -0.2411
vn -0.5421 0.8402 0.0153
vn -0.5715 0.8193 0.0473
vn -0.5008 0.8333 0.2341
vn -0.5643 0.7579 0.3273
vn -0.5957 0.7814 -0.1860
vn -0.5944 0.7818 -0.1886
vn -0.6654 0.7357 -0.1263
vn -0.6628 0.7471 0.0509
vn -0.6955 0.7138 0.0822
vn -0.6936 0.6878 0.2142
vn -0.6536 0.7010 0.2853
vn -0.6613 0.6685 -0.3402
vn -0.7669 0.6281 -0.1316
vn -0.7756 0.6305 0.0322
vn -0.7931 0.6085 -0.0269
vn -0.7167 0.5676 0.4052
vn -0.6965 0.5643 0.4432
vn -0.7478 0.5895 -0.3055
vn -0.7841 0.5879 -0.1990
vn -0.8072 0.5483 0.2187
vn -0.7314 0.4805 -0.4840
vn -0.0015 0.9996 0.0278
vn 0.0082 0.9971 0.0753
vn -0.0550 0.9829 0.1759
vn -0.1440 0.9725 0.1830
vn 0.0601 0.9504 0.3052
vn 0.0924 0.9498 0.2990
vn -0.1907 0.9464 0.2608
vn -0.3354 0.9030 0.2687
vn -0.1598 0.9242 0.3468
vn -0.0092 0.9197 0.3925
vn -0.0037 0.8922 0.4517
vn -0.3253 0.8641 0.3841
vn 0.0310 0.8685 0.4947
vn -0.2236 0.8791 0.4210
vn -0.1883 0.8395 0.5096
vn 0.1836 0.7887 0.5867
vn -0.3797 0.8131 0.4412
vn -0.1980 0.8142 0.5457
vn -0.0118 0.7969 0.6040
vn -0.5480 0.7542 0.3618
vn -0.3630 0.7710 0.5233
vn -0.2769 0.7769 0.5655
vn -0.1054 0.7749 0.6233
vn 0.0444 0.7639 0.6438
vn -0.4450 0.6974 0.5618
vn -0.5539 0.6685 0.4963
vn -0.1191 0.7169 0.6869
vn 0.0470 0.6746 0.7367
vn 0.0524 0.6684 0.7420
vn 0.1623 0.6577 0.7356
vn 0.2274 0.5973 0.7691
vn -0.6194 0.5931 0.5144
vn -0.6084 0.6019 0.5173
vn -0.2515 0.6745 0.6941
vn -0.1761 0.6802 0.7116
vn -0.4272 0.6118 0.6657
vn -0.3160 0.5958 0.7383
vn -0.3511 0.5862 0.7301
vn 0.0114 0.5668 0.8237
vn 0.2091 0.5175 0.8297
vn -0.1487 0.5625 0.8133
vn -0.0918 0.5420 0.8353
vn 0.0026 0.5612 0.8277
vn 0.1864 0.5071 0.8415
vn -0.4966 0.5567 0.6659
vn -0.2430 0.5294 0.8128
vn 0.1823 0.8426 0.5067
vn 0.1535 0.9816 0.1137
vn 0.1930 0.9632 0.1870
vn 0.2919 0.9363 0.1955
vn 0.3396 0.9117 0.2311
vn 0.4958 0.8645 0.0830
vn 0.2441 0.8635 0.4412
vn 0.3943 0.8898 0.2298
vn 0.2629 0.8614 0.4347
vn 0.5477 0.8326 0.0822
vn 0.3203 0.8360 0.4456
vn 0.5928 0.8049 0.0265
vn 0.4679 0.8272 0.3112
vn 0.2339 0.7321 0.6398
vn 0.5347 0.7809 0.3229
vn 0.6039 0.7627 0.2316
vn 0.6914 0.7218 0.0322
vn 0.3313 0.6938 0.6394
vn 0.4114 0.7274 0.5491
vn 0.4782 0.7016 0.5283
vn 0.5531 0.7239 0.4125
vn 0.7225 0.6757 0.1467
vn 0.7191 0.6685 0.1896
vn 0.3414 0.6209 0.7056
vn 0.7358 0.6116 0.2909
vn 0.7279 0.6553 0.2019
vn 0.6511 0.6270 0.4278
vn 0.4273 0.5468 0.7200
vn 0.5715 0.5820 0.5785
vn 0.5658 0.5617 0.6036
vn 0.6650 0.5719 0.4804
vn 0.4331 0.5022 0.7485
vn 0.7926 0.4975 0.3526
vn 0.9249 0.3726 -0.0751
vn 0.8208 -0.3042 -0.4836
vn 0.8948 0.4392 -0.0799
vn 0.8524 0.4938 -0.1721
vn 0.9425 0.2890 -0.1680
vn 0.9173 0.3063 -0.2545
vn 0.8638 0.4059 -0.2984
vn 0.9487 0.1414 -0.2829
vn 0.9178 0.2124 -0.3356
vn 0.8209 0.4266 -0.3796
vn 0.7715 0.4940 -0.4009
vn 0.8951 0.2057 -0.3955
vn 0.7210 0.4853 -0.4946
vn 0.9356 0.0072 -0.3531
vn 0.8152 0.3156 -0.4857
vn 0.8208 0.2955 -0.4889
vn 0.9192 -0.0022 -0.3937
vn 0.8915 0.0895 -0.4442
vn 0.7124 0.4152 -0.5657
vn 0.6729 0.4070 -0.6178
vn 0.6133 0.4544 -0.6460
vn 0.9000 -0.0718 -0.4299
vn 0.8095 0.0931 -0.5797
vn 0.7793 0.2080 -0.5912
vn 0.8254 -0.0977 -0.5560
vn 0.6943 0.2342 -0.6805
vn 0.6708 0.2711 -0.6903
vn 0.7982 0.0593 -0.5995
vn 0.5380 0.4442 -0.7164
vn 0.4658 0.5093 -0.7236
vn 0.6764 0.0564 -0.7344
vn 0.5313 0.3600 -0.7669
vn 0.7836 -0.1800 -0.5947
vn 0.7759 -0.1823 -0.6040
vn 0.6815 0.0621 -0.7292
vn 0.5751 0.2950 -0.7631
vn 0.7847 -0.3806 -0.4893
vn 0.4326 0.3606 -0.8263
vn 0.3638 0.4449 -0.8184
vn 0.6594 -0.0509 -0.7501
vn 0.6277 -0.0840 -0.7739
vn 0.5124 0.1736 -0.8410
vn -0.0019 0.0420 -0.9991
vn 0.1750 0.4770 -0.8613
vn 0.1322 0.2766 -0.9519
vn 0.0341 0.4149 -0.9093
vn 0.0368 0.3601 -0.9322
vn -0.0687 0.4889 -0.8696
vn 0.0631 0.1358 -0.9887
vn -0.0467 0.2806 -0.9587
vn -0.1696 0.4268 -0.8883
vn -0.0777 0.0281 -0.9966
vn -0.1755 0.2574 -0.9502
vn -0.1931 0.2858 -0.9386
vn -0.1977 0.1631 -0.9666
vn -0.3384 0.4875 -0.8049
vn -0.1195 -0.0434 -0.9919
vn -0.3902 0.4521 -0.8021
vn -0.3235 0.0827 -0.9426
vn -0.3935 0.3120 -0.8648
vn -0.5081 0.4695 -0.7220
vn -0.2503 -0.0771 -0.9651
vn -0.3269 0.0185 -0.9449
vn -0.4149 0.1559 -0.8964
vn -0.4438 0.2391 -0.8636
vn -0.5046 0.4711 -0.7235
vn -0.2628 -0.2250 -0.9383
vn -0.2788 -0.1809 -0.9432
vn -0.3100 -0.2928 -0.9045
vn -0.5641 0.2251 -0.7945
vn -0.5996 0.2688 -0.7538
vn -0.4652 -0.0789 -0.8817
vn -0.5322 0.0467 -0.8453
vn -0.6705 0.4313 -0.6037
vn -0.4462 -0.1559 -0.8813
vn -0.5877 0.0954 -0.8034
vn -0.3924 -0.3038 -0.8682
vn -0.5080 -0.0440 -0.8602
vn -0.6523 0.2707 -0.7079
vn -0.7158 0.4211 -0.5571
vn -0.7796 0.4827 -0.3990
vn -0.8475 0.3367 -0.4104
vn -0.8425 0.3983 -0.3626
vn -0.8757 0.3836 -0.2932
vn -0.9212 0.1657 -0.3520
vn -0.9378 0.2026 -0.2820
vn -0.8889 0.4267 -0.1666
vn -0.8967 0.4184 -0.1443
vn -0.9617 0.1886 -0.1987
vn -0.9588 0.2523 -0.1303
vn -0.8969 0.4384 -0.0577
vn -0.8809 0.4727 -0.0234
vn -0.9797 0.0123 -0.2002
vn -0.9844 0.0797 -0.1567
vn -0.9741 0.2262 0.0068
vn -0.9445 0.3231 0.0599
vn -0.8737 0.4667 0.1371
vn -0.8703 0.4705 0.1452
vn -0.8346 0.5252 0.1664
vn -0.9625 0.2622 0.0701
vn -0.9851 -0.1379 -0.1027
vn -0.9957 0.0845 -0.0390
vn -0.9629 0.2435 0.1166
vn -0.9509 -0.2372 -0.1990
vn -0.9900 -0.1376 -0.0317
vn -0.9984 -0.0177 0.0538
vn -0.7881 0.5104 0.3441
vn -0.9053 0.3098 0.2905
vn -0.8882 0.3531 0.2941
vn -0.8353 0.4154 0.3601
vn -0.9924 -0.0127 0.1228
vn -0.9767 0.0927 0.1934
vn -0.9100 0.2340 0.3422
vn -0.9460 -0.3240 0.0022
vn -0.9642 -0.2620 0.0404
vn -0.9425 0.0958 0.3201
vn -0.9040 -0.4254 0.0428
vn -0.9588 -0.2479 0.1389
vn -0.9768 -0.0929 0.1927
vn -0.9422 0.0940 0.3215
vn -0.5500 -0.0759 0.8317
vn -0.6619 0.3997 0.6342
vn -0.6453 0.4206 0.6377
vn -0.5263 0.4735 0.7063
vn -0.6150 0.2506 0.7476
vn -0.6223 0.2269 0.7492
vn -0.4751 0.4337 0.7656
vn -0.5815 0.1347 0.8023
vn -0.4260 0.4592 0.7796
vn -0.4878 0.3477 0.8007
vn -0.4533 0.1513 0.8784
vn -0.4020 0.2606 0.8778
vn -0.2777 0.3858 0.8798
vn -0.2573 0.4047 0.8775
vn -0.3129 0.2891 0.9047
vn -0.2560 0.2327 0.9382
vn -0.4235 -0.0401 0.9050
vn -0.3886 0.0427 0.9204
vn -0.1222 0.4075 0.9050
vn -0.2522 0.0684 0.9653
vn -0.3661 -0.1797 0.9131
vn -0.2576 0.0722 0.9636
vn -0.0659 0.3501 0.9344
vn -0.0702 0.2764 0.9585
vn 0.0371 0.4034 0.9143
vn -0.2907 -0.3208 0.9015
vn -0.3263 -0.1973 0.9244
vn -0.0431 0.2402 0.9698
vn -0.2102 -0.1263 0.9695
vn -0.0789 0.0731 0.9942
vn -0.0317 0.1163 0.9927
vn 0.1407 0.3855 0.9119
vn -0.1128 -0.1469 0.9827
vn 0.0549 0.0925 0.9942
vn 0.1728 0.2657 0.9484
vn 0.1894 0.3023 0.9342
vn 0.6951 -0.2648 0.6683
vn 0.3636 0.4117 0.8356
vn 0.3543 0.4095 0.8407
vn 0.5079 0.3200 0.7998
vn 0.5576 0.3936 0.7309
vn 0.5204 0.2343 0.8212
vn 0.6303 0.3971 0.6671
vn 0.6260 0.1619 0.7628
vn 0.6839 0.2851 0.6716
vn 0.6467 0.3827 0.6598
vn 0.6338 0.1631 0.7561
vn 0.7406 0.3963 0.5427
vn 0.7279 0.5079 0.4607
vn 0.6843 -0.0785 0.7250
vn 0.6843 -0.0860 0.7241
vn 0.7358 0.0383 0.6761
vn 0.7979 0.2301 0.5571
vn 0.8015 0.3197 0.5054
vn 0.7883 0.4876 0.3752
vn 0.8095 0.1935 0.5543
vn 0.7831 0.0553 0.6194
vn 0.8341 0.3452 0.4302
vn 0.7210 -0.1771 0.6699
vn 0.7181 -0.3192 0.6184
vn 0.8474 -0.0324 0.5300
vn 0.9026 0.1045 0.4176
vn 0.8929 0.2921 0.3427
vn 0.8735 0.4384 0.2117
vn 0.8241 -0.1556 0.5446
vn 0.9079 0.3383 0.2476
vn 0.8704 0.4710 0.1434
vn 0.8977 0.0101 0.4405
vn 0.8708 0.4709 0.1414
vn 0.7935 -0.3160 0.5201
vn 0.8341 -0.1989 0.5145
vn 0.9248 0.1501 0.3495
vn 0.8077 -0.3046 0.5048
vn 0.9598 0.1228 0.2523
vn 0.9592 0.2381 0.1528
vn 0.2653 0.4162 -0.8697
vn 0.2611 0.3067 -0.9153
vn 0.4012 0.2497 -0.8813
vn 0.3314 0.2319 -0.9146
vn 0.3102 0.1548 -0.9380
vn 0.1142 0.1569 -0.9810
vn 0.2411 0.0871 -0.9666
vn 0.5248 0.1233 -0.8422
vn 0.4804 0.0415 -0.8760
vn 0.2417 0.0300 -0.9699
vn 0.4746 -0.0197 -0.8800
vn 0.0883 -0.0564 -0.9945
vn 0.4101 -0.0998 -0.9066
vn 0.3412 -0.0995 -0.9347
vn 0.2303 -0.2196 -0.9480
vn 0.0685 -0.1783 -0.9816
vn 0.0776 -0.1872 -0.9792
vn -0.0375 -0.1875 -0.9815
vn 0.5954 -0.2118 -0.7751
vn 0.5569 -0.2381 -0.7957
vn 0.4748 -0.2273 -0.8503
vn 0.6916 -0.2662 -0.6714
vn -0.1246 -0.2708 -0.9545
vn 0.3966 -0.3321 -0.8558
vn 0.2607 -0.3497 -0.8999
vn 0.2939 -0.3588 -0.8859
vn 0.0568 -0.4020 -0.9139
vn 0.1573 -0.4273 -0.8903
vn 0.0886 -0.4320 -0.8975
vn 0.6590 -0.3906 -0.6428
vn 0.5479 -0.4158 -0.7258
vn 0.4438 -0.4587 -0.7698
vn -0.0948 -0.3819 -0.9193
vn 0.5158 -0.4487 -0.7298
vn 0.3666 -0.5079 -0.7795
vn 0.6715 -0.4190 -0.6111
vn -0.2424 -0.4544 -0.8571
vn -0.4655 -0.2226 -0.8566
vn -0.7806 0.2763 -0.5606
vn -0.7653 0.2862 -0.5766
vn -0.7153 0.2328 -0.6589
vn -0.8837 0.1941 -0.4259
vn -0.8482 0.1731 -0.5007
vn -0.8379 0.0950 -0.5375
vn -0.7374 0.0641 -0.6724
vn -0.6757 0.0216 -0.7368
vn -0.7711 0.0454 -0.6351
vn -0.9460 -0.0181 -0.3236
vn -0.6556 -0.0845 -0.7504
vn -0.8694 -0.0481 -0.4917
vn -0.9382 -0.0465 -0.3430
vn -0.8062 -0.1020 -0.5828
vn -0.9122 -0.0741 -0.4029
vn -0.6679 -0.1416 -0.7307
vn -0.7943 -0.1332 -0.5928
vn -0.6499 -0.1891 -0.7361
vn -0.7980 -0.2086 -0.5655
vn -0.5466 -0.2618 -0.7954
vn -0.8537 -0.2650 -0.4483
vn -0.8732 -0.2524 -0.4168
vn -0.9452 -0.2386 -0.2228
vn -0.6897 -0.3410 -0.6388
vn -0.9042 -0.3043 -0.2998
vn -0.6973 -0.3432 -0.6293
vn -0.9376 -0.3357 -0.0910
vn -0.5382 -0.3946 -0.7447
vn -0.5635 -0.4121 -0.7160
vn -0.4174 -0.4314 -0.7998
vn -0.7166 -0.4413 -0.5401
vn -0.7637 -0.4533 -0.4597
vn -0.7688 -0.4757 -0.4274
vn -0.8583 -0.4322 -0.2765
vn -0.8579 -0.4639 -0.2209
vn -0.3876 -0.4634 -0.7969
vn -0.5600 -0.5178 -0.6468
vn -0.8813 -0.4502 -0.1439
vn -0.7383 0.3660 0.5666
vn -0.7230 0.3669 0.5854
vn -0.7878 0.3315 0.5191
vn -0.8285 0.2395 0.5062
vn -0.7054 0.1842 0.6845
vn -0.8232 0.1438 0.5492
vn -0.7234 0.1542 0.6730
vn -0.8467 0.0614 0.5285
vn -0.8600 0.0484 0.5081
vn -0.7071 0.0688 0.7038
vn -0.6216 0.0452 0.7820
vn -0.7650 -0.0397 0.6428
vn -0.9378 -0.0934 0.3344
vn -0.9406 -0.0878 0.3280
vn -0.8965 -0.1058 0.4303
vn -0.7571 -0.0796 0.6484
vn -0.6017 -0.0435 0.7975
vn -0.6678 -0.1325 0.7325
vn -0.8577 -0.1903 0.4777
vn -0.8017 -0.2086 0.5601
vn -0.6428 -0.2177 0.7344
vn -0.5224 -0.2202 0.8238
vn -0.6624 -0.2945 0.6888
vn -0.4952 -0.2429 0.8341
vn -0.7649 -0.2777 0.5812
vn -0.8971 -0.3476 0.2727
vn -0.9220 -0.2979 0.2474
vn -0.8618 -0.3347 0.3812
vn -0.8447 -0.3610 0.3952
vn -0.7695 -0.3826 0.5113
vn -0.6441 -0.3281 0.6911
vn -0.5318 -0.3933 0.7500
vn -0.4744 -0.3581 0.8042
vn -0.3776 -0.4075 0.8315
vn -0.8795 -0.4484 0.1595
vn -0.7155 -0.4674 0.5192
vn -0.6500 -0.4971 0.5748
vn -0.6299 -0.4853 0.6063
vn -0.5405 -0.5020 0.6752
vn -0.7883 -0.5072 0.3483
vn -0.7420 -0.5304 0.4100
vn -0.3676 -0.4294 0.8249
vn 0.3090 0.3229 0.8946
vn 0.1781 0.1977 0.9640
vn 0.4249 0.1593 0.8911
vn 0.4210 0.1405 0.8961
vn 0.2683 0.0835 0.9597
vn 0.3577 0.0800 0.9304
vn 0.5532 0.0190 0.8328
vn 0.1314 -0.0213 0.9911
vn 0.1787 -0.0262 0.9836
vn 0.5540 0.0092 0.8325
vn 0.3978 -0.1009 0.9119
vn 0.4825 -0.1074 0.8693
vn -0.0601 -0.1110 0.9920
vn 0.0245 -0.1216 0.9923
vn 0.2317 -0.1067 0.9669
vn 0.3877 -0.1084 0.9154
vn 0.5336 -0.1848 0.8253
vn 0.2034 -0.2184 0.9544
vn -0.0946 -0.2652 0.9595
vn 0.1084 -0.2575 0.9602
vn 0.3118 -0.2617 0.9134
vn 0.5349 -0.2823 0.7964
vn 0.6005 -0.3060 0.7387
vn 0.0812 -0.3075 0.9481
vn 0.0298 -0.3357 0.9415
vn 0.4362 -0.3728 0.8190
vn 0.3547 -0.3775 0.8554
vn -0.1903 -0.3642 0.9117
vn 0.1950 -0.4350 0.8791
vn -0.0162 -0.4326 0.9015
vn 0.3110 -0.4227 0.8512
vn -0.1568 -0.4269 0.8906
vn 0.5956 -0.4564 0.6610
vn 0.1121 -0.5234 0.8447
vn 0.6570 -0.4442 0.6091
vn 0.9361 -0.0854 0.3412
vn 0.9446 0.3254 0.0433
vn 0.9662 0.2413 0.0912
vn 0.9890 0.1478 0.0042
vn 0.9507 0.2203 -0.2181
vn 0.9797 0.1425 -0.1410
vn 0.9875 0.1546 0.0308
vn 0.9721 0.0640 0.2256
vn 0.9938 0.0556 0.0964
vn 0.9952 0.0367 -0.0904
vn 0.9891 0.0418 -0.1410
vn 0.9966 -0.0635 0.0533
vn 0.9761 -0.0541 -0.2107
vn 0.9658 -0.0589 0.2524
vn 0.9751 -0.1045 0.1957
vn 0.9964 -0.0834 0.0122
vn 0.9967 -0.0813 -0.0008
vn 0.9818 -0.1465 -0.1213
vn 0.9745 -0.1218 -0.1886
vn 0.9616 -0.2018 0.1861
vn 0.9141 -0.1807 0.3630
vn 0.9062 -0.2211 -0.3604
vn 0.9408 -0.2113 -0.2652
vn 0.9118 -0.2501 0.3256
vn 0.9303 -0.2706 0.2476
vn 0.9711 -0.2328 0.0523
vn 0.9576 -0.2768 -0.0798
vn 0.9537 -0.3007 0.0079
vn 0.8777 -0.2810 -0.3882
vn 0.8477 -0.3467 0.4016
vn 0.9253 -0.3314 -0.1844
vn 0.9088 -0.3623 0.2069
vn 0.9255 -0.3761 0.0440
vn 0.9066 -0.4102 0.0988
vn 0.8996 -0.3849 -0.2064
vn 0.8609 -0.4144 -0.2952
vn 0.8241 -0.4569 0.3350
vn 0.8732 -0.4794 -0.0873
vn 0.8340 -0.4533 -0.3144
vn 0.7803 -0.4549 -0.4292
vn 0.8237 -0.4575 0.3350
vn 0.8491 -0.5187 0.0997
vn 0.4638 -0.8170 -0.3427
vn 0.6455 -0.5656 -0.5132
vn 0.6294 -0.5368 -0.5618
vn 0.5470 -0.5483 -0.6326
vn 0.5908 -0.6689 -0.4512
vn 0.4825 -0.7288 -0.4858
vn 0.4307 -0.6520 -0.6240
vn 0.4211 -0.7257 -0.5441
vn 0.4046 -0.6999 -0.5886
vn 0.3498 -0.5306 -0.7721
vn 0.2717 -0.7103 -0.6494
vn 0.2462 -0.5887 -0.7699
vn 0.2567 -0.5757 -0.7763
vn 0.3754 -0.8633 -0.3373
vn 0.3033 -0.8479 -0.4348
vn 0.3315 -0.9102 -0.2483
vn 0.1850 -0.7557 -0.6282
vn 0.1124 -0.6328 -0.7661
vn 0.2310 -0.8620 -0.4513
vn 0.1563 -0.8206 -0.5498
vn 0.0728 -0.6875 -0.7225
vn 0.0352 -0.5240 -0.8510
vn 0.1610 -0.9319 -0.3250
vn 0.1545 -0.9195 -0.3615
vn 0.0237 -0.6977 -0.7160
vn 0.1168 -0.9797 -0.1629
vn 0.1032 -0.9699 -0.2207
vn 0.0471 -0.9132 -0.4048
vn 0.0672 -0.8406 -0.5375
vn -0.0815 -0.5468 -0.8333
vn -0.1081 -0.6179 -0.7788
vn -0.1520 -0.4558 -0.8770
vn -0.0488 -0.8172 -0.5743
vn -0.0675 -0.7774 -0.6254
vn 0.0580 -0.9948 -0.0841
vn -0.0311 -0.9239 -0.3814
vn -0.1248 -0.8704 -0.4762
vn -0.1884 -0.7278 -0.6594
vn -0.1909 -0.6477 -0.7376
vn -0.0604 -0.9566 -0.2852
vn -0.2469 -0.6129 -0.7506
vn -0.2801 -0.4782 -0.8324
vn -0.4031 -0.5997 -0.6913
vn -0.4059 -0.6017 -0.6879
vn -0.2768 -0.7559 -0.5933
vn -0.5951 -0.5445 -0.5911
vn -0.4093 -0.6671 -0.6225
vn -0.2806 -0.8027 -0.5262
vn -0.5005 -0.6882 -0.5252
vn -0.5747 -0.6242 -0.5292
vn -0.1977 -0.8654 -0.4605
vn -0.4282 -0.7973 -0.4255
vn -0.4727 -0.7674 -0.4332
vn -0.6900 -0.6150 -0.3817
vn -0.2557 -0.9046 -0.3412
vn -0.3803 -0.8576 -0.3462
vn -0.5573 -0.7606 -0.3329
vn -0.6813 -0.6611 -0.3143
vn -0.1269 -0.9623 -0.2407
vn -0.2313 -0.9303 -0.2847
vn -0.1195 -0.9804 -0.1569
vn -0.4252 -0.8742 -0.2344
vn -0.5103 -0.8349 -0.2061
vn -0.7247 -0.6562 -0.2101
vn -0.7494 -0.6325 -0.1957
vn -0.3546 -0.9185 -0.1749
vn -0.1057 -0.9851 -0.1354
vn -0.5541 -0.8261 -0.1027
vn -0.5367 -0.8358 -0.1154
vn -0.6823 -0.7195 -0.1295
vn -0.3523 -0.9318 -0.0871
vn -0.4060 -0.9127 -0.0469
vn -0.2923 -0.9548 -0.0542
vn -0.1023 -0.9947 0.0093
vn -0.6950 -0.7190 -0.0101
vn -0.8102 -0.5858 -0.0209
vn -0.8680 -0.4949 -0.0410
vn -0.5914 -0.8063 0.0115
vn -0.8378 -0.5122 0.1889
vn -0.7599 -0.6458 0.0737
vn -0.7600 -0.6468 0.0632
vn -0.7970 -0.5352 0.2800
vn -0.6942 -0.6941 0.1905
vn -0.6911 -0.6766 0.2543
vn -0.6572 -0.6854 0.3135
vn -0.6651 -0.6279 0.4041
vn -0.5588 -0.8196 0.1262
vn -0.5987 -0.6346 0.4887
vn -0.5494 -0.7592 0.3490
vn -0.4067 -0.9059 0.1180
vn -0.4852 -0.8557 0.1797
vn -0.4805 -0.8486 0.2215
vn -0.5162 -0.7492 0.4149
vn -0.5366 -0.6809 0.4984
vn -0.2315 -0.9717 0.0468
vn -0.3126 -0.9404 0.1338
vn -0.3994 -0.8078 0.4336
vn -0.4553 -0.6727 0.5833
vn -0.4626 -0.5725 0.6769
vn -0.3607 -0.8707 0.3343
vn -0.3848 -0.5601 0.7336
vn -0.2428 -0.9368 0.2518
vn -0.2763 -0.9026 0.3301
vn -0.3293 -0.7898 0.5175
vn -0.3553 -0.7371 0.5749
vn -0.1379 -0.9887 0.0591
vn -0.2253 -0.8856 0.4061
vn -0.2598 -0.8244 0.5029
vn -0.1049 -0.9853 0.1346
vn -0.1347 -0.9653 0.2238
vn -0.2511 -0.6940 0.6747
vn -0.3099 -0.5896 0.7459
vn 0.7113 -0.5365 -0.4541
vn 0.7780 -0.5715 -0.2609
vn 0.7366 -0.6133 -0.2850
vn 0.6283 -0.7022 -0.3350
vn 0.6980 -0.6597 -0.2783
vn 0.5445 -0.7903 -0.2812
vn 0.8274 -0.5573 -0.0688
vn 0.8130 -0.5765 -0.0821
vn 0.6780 -0.7204 -0.1463
vn 0.7220 -0.6900 -0.0508
vn 0.5640 -0.8074 -0.1732
vn 0.7229 -0.6888 -0.0539
vn 0.8132 -0.5612 0.1543
vn 0.3355 -0.9233 -0.1870
vn 0.7795 -0.6043 0.1646
vn 0.7322 -0.6696 0.1243
vn 0.5973 -0.8010 0.0414
vn 0.5049 -0.8591 -0.0840
vn 0.4683 -0.8794 -0.0854
vn 0.5698 -0.8209 0.0381
vn 0.2612 -0.9574 -0.1231
vn 0.6800 -0.7179 0.1493
vn 0.2687 -0.9624 -0.0394
vn 0.7527 -0.5338 0.3854
vn 0.7142 -0.6087 0.3456
vn 0.4945 -0.8546 0.1588
vn 0.3319 -0.9406 0.0710
vn 0.3589 -0.9302 0.0769
vn 0.6072 -0.7395 0.2906
vn 0.6308 -0.6877 0.3595
vn 0.5498 -0.7901 0.2711
vn 0.4047 -0.8995 0.1650
vn 0.2512 -0.9605 0.1195
vn 0.1583 -0.9854 0.0634
vn 0.6983 -0.5010 0.5112
vn 0.5742 -0.6798 0.4563
vn 0.1069 -0.9923 0.0632
vn 0.0525 -0.9982 -0.0279
vn -0.1520 -0.8010 0.5790
vn -0.2297 -0.5220 0.8214
vn -0.1948 -0.5182 0.8328
vn -0.1356 -0.5588 0.8182
vn -0.1156 -0.6785 0.7255
vn -0.0046 -0.5456 0.8380
vn 0.0203 -0.5179 0.8552
vn -0.2085 -0.7071 0.6757
vn -0.0404 -0.6976 0.7154
vn 0.0196 -0.6829 0.7303
vn -0.0906 -0.8136 0.5744
vn 0.0776 -0.6939 0.7159
vn 0.1827 -0.5917 0.7852
vn 0.1599 -0.6572 0.7366
vn 0.2891 -0.5523 0.7819
vn -0.1050 -0.9071 0.4076
vn -0.0168 -0.8623 0.5062
vn -0.0160 -0.8556 0.5174
vn 0.1203 -0.8074 0.5776
vn 0.2613 -0.6840 0.6811
vn 0.3599 -0.6145 0.7021
vn 0.2206 -0.8100 0.5433
vn 0.2528 -0.7939 0.5530
vn 0.4132 -0.6100 0.6762
vn -0.0605 -0.9462 0.3178
vn 0.4234 -0.6726 0.6068
vn 0.5090 -0.5251 0.6820
vn 0.0620 -0.9461 0.3179
vn 0.0843 -0.9183 0.3868
vn 0.1933 -0.8874 0.4184
vn 0.3573 -0.7758 0.5201
vn 0.5144 -0.5236 0.6792
vn 0.1071 -0.9612 0.2543
vn 0.4109 -0.7888 0.4572
vn 0.2101 -0.9452 0.2500
vn 0.2777 -0.9096 0.3090
vn 0.5533 -0.6909 0.4654
vn 0.6162 -0.5752 0.5380
vn 0.6834 -0.5045 0.5277
vn 0.0681 -0.9884 0.1359
vn 0.3365 -0.8921 0.3014
vn 0.4088 -0.8329 0.3731
vn 0.7121 0.7016 -0.0240
vn 0.8216 0.5700 -0.0016
vn 0.2485 0.9682 -0.0303
vn 0.2888 0.9536 -0.0855
vn 0.2872 0.9537 -0.0891
vn 0.1558 0.9506 -0.2685
vn 0.3720 0.9278 -0.0290
vn 0.3590 0.9327 -0.0328
vn 0.3108 0.9239 -0.2232
vn 0.1904 0.9318 -0.3091
vn 0.3018 0.9312 -0.2046
vn 0.1795 0.9173 -0.3554
vn 0.2831 0.9246 -0.2548
vn 0.2038 0.9055 -0.3722
vn 0.4445 0.8891 -0.1096
vn 0.4078 0.8906 -0.2011
vn 0.2334 0.8586 -0.4564
vn 0.1609 0.8564 -0.4907
vn 0.4855 0.8691 -0.0945
vn 0.3358 0.8786 -0.3395
vn 0.2936 0.8729 -0.3896
vn 0.1703 0.8506 -0.4975
vn 0.1745 0.8419 -0.5107
vn 0.4377 0.8596 -0.2639
vn 0.3105 0.8733 -0.3755
vn 0.1971 0.8263 -0.5276
vn 0.1979 0.8261 -0.5276
vn 0.5644 0.8184 -0.1083
vn 0.4016 0.8575 -0.3216
vn 0.2132 0.8147 -0.5393
vn 0.4374 0.7916 -0.4266
vn 0.5762 0.8070 -0.1290
vn 0.5240 0.8118 -0.2577
vn 0.3527 0.8020 -0.4821
vn 0.3467 0.7923 -0.5020
vn 0.4404 0.7895 -0.4276
vn 0.3540 0.7795 -0.5168
vn 0.3622 0.7781 -0.5133
vn 0.6794 0.7224 -0.1288
vn 0.6456 0.7489 -0.1495
vn 0.4477 0.7653 -0.4626
vn 0.3449 0.7880 -0.5101
vn 0.3275 0.7598 -0.5616
vn 0.6294 0.7179 -0.2974
vn 0.5696 0.7563 -0.3218
vn 0.5494 0.7490 -0.3704
vn 0.3845 0.6991 -0.6029
vn 0.6544 0.6891 -0.3112
vn 0.4296 0.6571 -0.6194
vn 0.4410 0.6756 -0.5908
vn 0.5737 0.6924 -0.4376
vn 0.5593 0.6803 -0.4737
vn 0.4909 0.6947 -0.5257
vn 0.4693 0.6457 -0.6023
vn 0.7994 0.5992 -0.0434
vn 0.7618 0.6181 -0.1941
vn 0.7537 0.6100 -0.2444
vn 0.7289 0.6249 -0.2794
vn 0.6486 0.6538 -0.3896
vn 0.5366 0.6683 -0.5152
vn 0.6468 0.6356 -0.4215
vn 0.6196 0.6273 -0.4718
vn 0.4797 0.6384 -0.6020
vn 0.7968 0.5876 -0.1407
vn 0.7175 0.5793 -0.3869
vn 0.5085 0.5983 -0.6192
vn 0.5064 0.5978 -0.6214
vn 0.6285 0.5807 -0.5175
vn 0.5680 0.5822 -0.5818
vn 0.5483 0.5896 -0.5930
vn 0.5460 0.5858 -0.5990
vn 0.6219 0.5592 -0.5482
vn 0.6034 0.5679 -0.5598
vn 0.5968 0.5572 -0.5774
vn 0.5777 0.5653 -0.5889
vn 0.8803 0.4736 -0.0280
vn 0.8104 0.5129 -0.2832
vn 0.7440 0.5358 -0.3993
vn 0.6233 0.5568 -0.5491
vn 0.1563 0.8576 -0.4900
vn -0.2335 0.9499 -0.2076
vn 0.0894 0.9184 -0.3854
vn 0.0294 0.9229 -0.3839
vn -0.0472 0.9420 -0.3322
vn -0.1723 0.9410 -0.2912
vn -0.2139 0.9169 -0.3370
vn -0.3395 0.8923 -0.2977
vn 0.1114 0.9131 -0.3922
vn 0.0326 0.9231 -0.3831
vn -0.2906 0.9082 -0.3012
vn -0.3411 0.8983 -0.2769
vn -0.3518 0.8940 -0.2776
vn 0.1104 0.8966 -0.4288
vn -0.0109 0.8978 -0.4402
vn -0.0775 0.9010 -0.4268
vn -0.1959 0.9005 -0.3882
vn 0.2283 0.8054 -0.5471
vn 0.1164 0.8763 -0.4674
vn 0.1130 0.8797 -0.4619
vn 0.0915 0.8693 -0.4858
vn -0.0904 0.8862 -0.4544
vn -0.0975 0.8889 -0.4475
vn -0.2043 0.8877 -0.4126
vn -0.1980 0.8827 -0.4262
vn -0.4194 0.8456 -0.3302
vn -0.0745 0.8562 -0.5113
vn -0.2814 0.8256 -0.4892
vn -0.4168 0.8189 -0.3945
vn -0.2336 0.8320 -0.5032
vn -0.2202 0.8416 -0.4932
vn -0.4573 0.7980 -0.3925
vn -0.1816 0.8275 -0.5313
vn -0.1423 0.8082 -0.5714
vn -0.1590 0.8157 -0.5562
vn -0.2214 0.9750 0.0187
vn -0.2337 0.9720 0.0254
vn -0.2461 0.9685 -0.0373
vn -0.3316 0.9416 -0.0577
vn -0.1804 0.9833 0.0249
vn -0.2617 0.9480 -0.1813
vn -0.3127 0.9473 0.0692
vn -0.3316 0.9302 -0.1575
vn -0.3355 0.9313 -0.1417
vn -0.3047 0.9517 -0.0372
vn -0.3392 0.9407 0.0008
vn -0.3352 0.9415 -0.0357
vn -0.3175 0.9428 0.1013
vn -0.3131 0.9423 0.1181
vn -0.3393 0.9309 -0.1356
vn -0.3926 0.9169 0.0714
vn -0.3620 0.9247 0.1179
vn -0.3718 0.9179 0.1386
vn -0.3601 0.9197 0.1564
vn -0.3694 0.9123 0.1770
vn -0.4042 0.9113 0.0786
vn -0.4089 0.9030 0.1321
vn -0.3979 0.9069 0.1386
vn -0.4108 0.9034 -0.1224
vn -0.4386 0.8967 -0.0589
vn -0.4450 0.8921 0.0784
vn -0.4363 0.8977 0.0608
vn -0.4551 0.8690 -0.1941
vn -0.4240 0.8990 0.1098
vn -0.4739 0.8227 -0.3140
vn -0.4861 0.8506 -0.2006
vn -0.4470 0.8929 -0.0544
vn -0.4753 0.8460 0.2415
vn -0.5191 0.8102 -0.2722
vn -0.5345 0.8394 -0.0985
vn -0.4863 0.8606 0.1517
vn -0.4874 0.8569 0.1678
vn -0.5309 0.8124 0.2413
vn -0.5105 0.8050 0.3024
vn -0.5106 0.8057 0.3003
vn -0.5557 0.8272 -0.0829
vn -0.5540 0.8038 0.2167
vn -0.5214 0.7832 0.3386
vn -0.5152 0.7835 0.3475
vn -0.5349 0.7527 -0.3838
vn -0.5656 0.7672 -0.3025
vn -0.5514 0.7852 -0.2820
vn -0.5768 0.7907 0.2053
vn -0.5545 0.7475 0.3657
vn -0.5529 0.7520 0.3589
vn -0.5431 0.7562 0.3650
vn -0.5350 0.8437 0.0436
vn -0.5759 0.7913 0.2053
vn -0.5624 0.7449 0.3589
vn -0.5696 0.7363 0.3653
vn -0.6493 0.7463 -0.1462
vn -0.6184 0.7821 -0.0763
vn -0.6362 0.7710 -0.0287
vn -0.6714 0.7370 0.0779
vn -0.6214 0.7589 0.1947
vn -0.5898 0.7187 0.3683
vn -0.5905 0.7166 0.3713
vn -0.6293 0.7112 0.3131
vn -0.6319 0.6664 -0.3958
vn -0.6534 0.6702 -0.3520
vn -0.6438 0.6944 -0.3213
vn -0.6838 0.7289 0.0339
vn -0.6579 0.7339 0.1692
vn -0.7061 0.6830 -0.1869
vn -0.7038 0.6877 -0.1784
vn -0.7170 0.6966 0.0250
vn -0.7462 0.6313 -0.2112
vn -0.7569 0.6509 -0.0586
vn -0.7610 0.6441 0.0774
vn -0.7546 0.6389 0.1494
vn -0.7109 0.6744 0.1997
vn -0.7395 0.5624 -0.3700
vn -0.7357 0.5858 -0.3400
vn -0.7530 0.5799 -0.3110
vn -0.7755 0.6097 0.1639
vn -0.7712 0.5610 -0.3009
vn -0.7962 0.5769 -0.1822
vn -0.7475 0.5346 -0.3942
vn -0.8197 0.5657 -0.0896
vn -0.8132 0.5789 -0.0598
vn -0.8341 0.5515 0.0157
vn -0.8211 0.5683 0.0540
vn -0.8213 0.5469 0.1627
vn -0.7673 0.5221 -0.3724
vn -0.7688 0.5036 -0.3942
vn -0.8261 0.5096 -0.2405
vn -0.8004 0.5887 0.1134
vn 0.0808 0.9208 0.3815
vn 0.1321 0.9109 0.3910
vn 0.0976 0.8940 0.4374
vn -0.1213 0.9123 0.3911
vn 0.0977 0.8889 0.4476
vn -0.1265 0.9207 0.3691
vn -0.0902 0.9091 0.4067
vn -0.0776 0.9086 0.4104
vn 0.1143 0.8641 0.4902
vn 0.0468 0.8594 0.5092
vn 0.1486 0.8459 0.5122
vn 0.0361 0.8543 0.5185
vn 0.0168 0.8569 0.5153
vn -0.0207 0.8516 0.5238
vn -0.0105 0.8000 0.5999
vn -0.0373 0.8149 0.5784
vn -0.0188 0.8183 0.5745
vn 0.1651 0.7732 0.6123
vn -0.0984 0.8040 0.5864
vn -0.0837 0.8029 0.5902
vn -0.0194 0.7955 0.6056
vn 0.0356 0.7866 0.6164
vn -0.0036 0.7982 0.6023
vn 0.0512 0.7787 0.6253
vn 0.1782 0.7604 0.6246
vn 0.0049 0.7803 0.6253
vn 0.0356 0.7613 0.6475
vn 0.0356 0.7609 0.6479
vn 0.0356 0.7127 0.7005
vn 0.0494 0.7175 0.6948
vn 0.0398 0.7200 0.6928
vn 0.1258 0.7193 0.6832
vn 0.1303 0.6922 0.7098
vn 0.1845 0.6494 0.7378
vn -0.0069 0.6935 0.7204
vn 0.1881 0.6600 0.7274
vn 0.2034 0.6470 0.7349
vn 0.2135 0.6529 0.7268
vn -0.0695 0.6208 0.7808
vn -0.0721 0.6545 0.7526
vn -0.0460 0.6564 0.7530
vn -0.1050 0.6334 0.7667
vn -0.0157 0.6212 0.7835
vn 0.1065 0.5817 0.8064
vn 0.0770 0.6053 0.7923
vn -0.0292 0.5654 0.8243
vn -0.0236 0.5648 0.8249
vn 0.0051 0.5514 0.8343
vn 0.0229 0.5413 0.8405
vn 0.2304 0.5363 0.8120
vn -0.0805 0.5547 0.8282
vn 0.2810 0.4832 0.8292
vn 0.1514 0.8447 0.5133
vn 0.1758 0.7610 0.6245
vn 0.2748 0.9535 0.1235
vn 0.1971 0.9137 0.3554
vn 0.1965 0.9147 0.3531
vn 0.3817 0.8892 0.2524
vn 0.3798 0.9184 0.1113
vn 0.4066 0.9112 0.0664
vn 0.3236 0.9088 0.2634
vn 0.3199 0.9076 0.2719
vn 0.2394 0.8942 0.3782
vn 0.3156 0.8876 0.3355
vn 0.3650 0.9087 0.2028
vn 0.4871 0.8707 0.0682
vn 0.2456 0.8500 0.4660
vn 0.4549 0.8575 0.2402
vn 0.5080 0.8575 0.0810
vn 0.2666 0.8377 0.4766
vn 0.5243 0.8389 0.1463
vn 0.5906 0.8068 0.0138
vn 0.4144 0.8324 0.3680
vn 0.4653 0.8336 0.2977
vn 0.3031 0.7361 0.6052
vn 0.3844 0.8063 0.4495
vn 0.4151 0.8132 0.4078
vn 0.5988 0.7827 0.1697
vn 0.6438 0.7635 0.0502
vn 0.2809 0.7490 0.6000
vn 0.3972 0.7396 0.5434
vn 0.5588 0.7680 0.3128
vn 0.6032 0.7525 0.2645
vn 0.6155 0.7598 0.2094
vn 0.6891 0.7237 0.0378
vn 0.3130 0.6888 0.6539
vn 0.4223 0.7238 0.5457
vn 0.5122 0.7294 0.4535
vn 0.5344 0.7182 0.4456
vn 0.5600 0.7195 0.4108
vn 0.7255 0.6791 0.1115
vn 0.7161 0.6754 0.1762
vn 0.3015 0.6266 0.7187
vn 0.3177 0.6303 0.7084
vn 0.3347 0.6576 0.6749
vn 0.3765 0.6411 0.6688
vn 0.4648 0.6399 0.6120
vn 0.4573 0.6377 0.6198
vn 0.6703 0.6688 0.3215
vn 0.3795 0.6144 0.6917
vn 0.6370 0.6678 0.3850
vn 0.7133 0.6342 0.2983
vn 0.7390 0.6347 0.2260
vn 0.8118 0.5781 0.0820
vn 0.5119 0.6101 0.6048
vn 0.5633 0.6076 0.5598
vn 0.5755 0.6144 0.5397
vn 0.4758 0.5074 0.7184
vn 0.2783 0.4960 0.8225
vn 0.3085 0.4923 0.8139
vn 0.6742 0.5983 0.4330
vn 0.7382 0.5687 0.3627
vn 0.7918 0.5754 0.2049
vn 0.8229 0.5521 0.1340
vn 0.2902 0.4888 0.8227
vn 0.4354 0.4357 0.7878
vn 0.5230 0.5024 0.6886
vn 0.6573 0.5736 0.4888
vn 0.3395 0.4972 0.7985
vn 0.4515 0.5166 0.7275
vn 0.7505 0.5521 0.3633
vn 0.9424 0.2871 -0.1714
vn 0.9456 0.2605 -0.1947
vn 0.9587 0.2136 -0.1879
vn 0.9353 -0.0168 -0.3535
vn 0.9020 -0.1317 -0.4112
vn 0.8621 0.4797 -0.1632
vn 0.9279 0.3439 -0.1436
vn 0.9296 0.3385 -0.1457
vn 0.9011 0.3938 -0.1814
vn 0.8751 0.4404 -0.2007
vn 0.8700 0.4518 -0.1975
vn 0.9453 0.2526 -0.2061
vn 0.9435 0.1977 -0.2661
vn 0.9346 0.2426 -0.2602
vn 0.8925 0.3205 -0.3175
vn 0.8694 0.3720 -0.3253
vn 0.9453 0.1612 -0.2838
vn 0.8344 0.4154 -0.3621
vn 0.8108 0.4510 -0.3731
vn 0.7969 0.4729 -0.3759
vn 0.7815 0.4826 -0.3954
vn 0.7692 0.4748 -0.4277
vn 0.9376 0.0005 -0.3476
vn 0.7855 0.4015 -0.4709
vn 0.7768 0.4018 -0.4849
vn 0.8221 0.2967 -0.4858
vn 0.8165 0.3016 -0.4923
vn 0.8944 0.0744 -0.4410
vn 0.8713 0.0849 -0.4834
vn 0.8257 0.2522 -0.5046
vn 0.8354 0.2375 -0.4956
vn 0.8087 0.2908 -0.5113
vn 0.9233 -0.0334 -0.3826
vn 0.9043 -0.0224 -0.4264
vn 0.8966 0.0097 -0.4428
vn 0.8884 0.0912 -0.4499
vn 0.8837 -0.0058 -0.4681
vn 0.8901 -0.1643 -0.4251
vn 0.8677 -0.0552 -0.4940
vn 0.8800 -0.0156 -0.4748
vn 0.8109 0.1318 -0.5701
vn 0.8050 0.1450 -0.5753
vn 0.7999 0.1494 -0.5812
vn 0.7908 0.1494 -0.5936
vn 0.8453 -0.0628 -0.5306
vn 0.8614 -0.0696 -0.5032
vn 0.7884 -0.2986 -0.5378
vn 0.7432 -0.0275 -0.6685
vn 0.7752 -0.2691 -0.5716
vn 0.7041 -0.0286 -0.7095
vn 0.7632 -0.2685 -0.5878
vn 0.6956 -0.0644 -0.7155
vn 0.7450 -0.4102 -0.5260
vn 0.7075 -0.2788 -0.6494
vn 0.6680 -0.0389 -0.7431
vn 0.6599 -0.0661 -0.7484
vn 0.6574 -0.0544 -0.7516
vn 0.6408 -0.1128 -0.7593
vn 0.6451 -0.1319 -0.7526
vn 0.6321 -0.1128 -0.7666
vn -0.3486 0.3365 -0.8748
vn -0.3626 0.3676 -0.8563
vn -0.3906 0.3372 -0.8566
vn -0.3957 0.3486 -0.8496
vn -0.8235 0.4285 -0.3718
vn -0.8348 0.4447 -0.3246
vn -0.8370 0.4923 -0.2389
vn -0.8902 0.3969 -0.2238
vn -0.8692 0.4533 -0.1977
vn -0.9427 0.3043 -0.1366
vn -0.8748 0.4640 -0.1391
vn -0.9431 0.3037 -0.1356
vn -0.9430 0.3038 -0.1356
vn -0.9553 0.2719 -0.1162
vn -0.9610 0.2726 -0.0470
vn -0.9511 0.3019 -0.0646
vn -0.9615 0.2712 -0.0446
vn -0.9408 0.3385 0.0151
vn -0.9408 0.3385 0.0156
vn -0.8648 0.4700 0.1769
vn -0.8540 0.4892 0.1772
vn -0.9618 0.2713 0.0363
vn -0.9652 0.2617 -0.0006
vn -0.9574 0.2883 0.0153
vn -0.8686 0.4710 0.1538
vn -0.9653 0.2610 0.0004
vn -0.9624 0.2607 0.0758
vn -0.9163 0.3795 0.1279
vn -0.8811 0.4475 0.1529
vn -0.9970 0.0744 0.0202
vn -0.9746 0.2021 0.0961
vn -0.9640 0.2478 0.0961
vn -0.9677 0.2306 0.1021
vn -0.9108 0.3397 0.2346
vn -0.8856 0.4003 0.2353
vn -0.9711 0.2046 0.1231
vn -0.9747 0.1864 0.1231
vn -0.9112 0.3492 0.2188
vn -0.9034 0.3579 0.2361
vn -0.9690 0.1726 0.1768
vn -0.8991 0.3187 0.3002
vn -0.8811 0.3488 0.3194
vn -0.9657 0.1983 0.1677
vn -0.8990 0.3191 0.3000
vn -0.9701 0.0231 0.2416
vn -0.9261 0.1523 0.3451
vn -0.9768 -0.0515 0.2079
vn -0.9743 0.0304 0.2230
vn -0.9372 0.1427 0.3184
vn -0.9207 0.1837 0.3444
vn -0.9689 0.0328 0.2453
vn -0.9719 -0.0966 0.2148
vn -0.2311 0.3604 0.9037
vn -0.2689 0.4498 0.8517
vn -0.1023 0.4456 0.8894
vn -0.2498 0.2721 0.9293
vn -0.2648 0.2167 0.9397
vn -0.2058 0.3325 0.9204
vn -0.1543 0.3298 0.9314
vn -0.0903 0.3914 0.9158
vn -0.0960 0.4400 0.8929
vn 0.0287 0.4846 0.8743
vn -0.1489 0.1877 0.9709
vn -0.1085 0.2408 0.9645
vn -0.1387 0.1398 0.9804
vn 0.0064 0.3455 0.9384
vn 0.0500 0.3827 0.9225
vn 0.0615 0.4558 0.8879
vn -0.0194 0.2454 0.9692
vn 0.0093 0.2842 0.9587
vn 0.1621 0.4700 0.8676
vn 0.0064 0.1606 0.9870
vn -0.0970 0.0899 0.9912
vn -0.0732 0.0981 0.9925
vn 0.1907 0.4599 0.8673
vn 0.1670 0.4560 0.8742
vn 0.0250 0.1465 0.9889
vn 0.1622 0.3375 0.9272
vn 0.1630 0.2635 0.9508
vn 0.1779 0.3039 0.9359
vn 0.2389 0.4430 0.8641
vn 0.6913 -0.2942 0.6600
vn 0.7082 -0.3136 0.6325
vn 0.3735 0.3854 0.8438
vn 0.4035 0.4345 0.8052
vn 0.4306 0.4358 0.7904
vn 0.4910 0.4054 0.7711
vn 0.4950 0.5020 0.7092
vn 0.4714 0.2435 0.8476
vn 0.4770 0.2452 0.8440
vn 0.5682 0.4506 0.6886
vn 0.5214 0.5070 0.6864
vn 0.5159 0.4040 0.7554
vn 0.5427 0.2382 0.8055
vn 0.5499 0.3516 0.7576
vn 0.5619 0.3088 0.7674
vn 0.6210 0.4405 0.6483
vn 0.6440 0.4614 0.6102
vn 0.5981 0.1784 0.7813
vn 0.5996 0.1713 0.7818
vn 0.6561 0.2784 0.7015
vn 0.6652 0.3088 0.6798
vn 0.6696 0.3164 0.6719
vn 0.6251 0.4607 0.6300
vn 0.6770 0.5380 0.5022
vn 0.7257 0.4002 0.5596
vn 0.7113 0.5045 0.4894
vn 0.6662 0.0993 0.7391
vn 0.7090 0.1949 0.6778
vn 0.7119 0.3160 0.6272
vn 0.7228 0.4036 0.5610
vn 0.7223 0.4501 0.5251
vn 0.6473 -0.0313 0.7616
vn 0.6375 0.0122 0.7703
vn 0.6540 0.0353 0.7557
vn 0.6927 0.1113 0.7125
vn 0.7460 0.3485 0.5675
vn 0.7468 0.3503 0.5653
vn 0.7571 0.4571 0.4668
vn 0.7542 0.4850 0.4428
vn 0.7567 0.4862 0.4371
vn 0.6892 -0.0451 0.7232
vn 0.7473 0.0911 0.6582
vn 0.7458 0.2648 0.6112
vn 0.6914 0.3698 0.6207
vn 0.7911 0.0922 0.6047
vn 0.7765 0.2110 0.5937
vn 0.7818 0.3464 0.5184
vn 0.7923 0.3502 0.4997
vn 0.7924 0.3723 0.4832
vn 0.8015 0.4371 0.4081
vn 0.8083 0.4324 0.3997
vn 0.8321 0.4683 0.2971
vn 0.8319 0.4659 0.3013
vn 0.8142 0.4967 0.3006
vn 0.8456 0.3736 0.3811
vn 0.7409 -0.2355 0.6289
vn 0.8611 0.4390 0.2565
vn 0.6984 -0.2995 0.6500
vn 0.7331 -0.2726 0.6231
vn 0.9123 0.3268 0.2467
vn 0.7024 -0.3457 0.6222
vn 0.8743 0.4625 0.1472
vn 0.9382 0.2951 0.1808
vn 0.9330 0.2947 0.2065
vn 0.8607 0.4454 0.2465
vn 0.8994 0.4266 0.0956
vn 0.9046 0.4145 0.0990
vn 0.9564 0.2306 0.1794
vn 0.9554 0.2027 0.2146
vn 0.9497 0.2367 0.2050
vn 0.9429 0.3013 0.1418
vn 0.9039 0.4262 0.0373
vn 0.5960 -0.0942 -0.7974
vn 0.6238 -0.1115 -0.7736
vn 0.5621 -0.1190 -0.8185
vn 0.4998 -0.1222 -0.8575
vn 0.5261 -0.1266 -0.8410
vn 0.6860 -0.3024 -0.6618
vn 0.6959 -0.3014 -0.6518
vn 0.6273 -0.3321 -0.7044
vn 0.6143 -0.3419 -0.7111
vn 0.5679 -0.3084 -0.7632
vn 0.5431 -0.3094 -0.7806
vn 0.6898 -0.3671 -0.6240
vn 0.4698 -0.4373 -0.7669
vn 0.4854 -0.4550 -0.7466
vn 0.5933 -0.4224 -0.6852
vn 0.4834 -0.4457 -0.7534
vn 0.5164 -0.4609 -0.7218
vn 0.7102 -0.4530 -0.5389
vn 0.6555 -0.4539 -0.6036
vn 0.6384 -0.4639 -0.6142
vn 0.3861 -0.5512 -0.7397
vn 0.4295 -0.4953 -0.7551
vn -0.8767 0.1387 0.4606
vn -0.8861 0.1627 0.4340
vn -0.8809 0.1194 0.4579
vn -0.8589 0.1760 0.4809
vn -0.8186 0.0892 0.5674
vn -0.8590 0.0779 0.5060
vn -0.8270 0.0781 0.5567
vn -0.9061 0.0363 0.4214
vn -0.8829 0.0613 0.4656
vn -0.8671 0.0487 0.4957
vn -0.7749 0.0391 0.6308
vn -0.7789 -0.0901 0.6206
vn -0.9389 -0.0430 0.3415
vn -0.9215 -0.0245 0.3877
vn -0.8477 -0.0542 0.5277
vn -0.7753 -0.0958 0.6243
vn -0.7799 -0.1003 0.6179
vn -0.6967 -0.1090 0.7090
vn -0.6344 -0.1158 0.7643
vn -0.6588 -0.0857 0.7474
vn -0.9545 -0.1230 0.2716
vn -0.9439 -0.1079 0.3122
vn -0.8834 -0.1117 0.4550
vn -0.7167 -0.1187 0.6872
vn -0.7883 -0.1755 0.5898
vn -0.9468 -0.2024 0.2503
vn -0.9142 -0.1766 0.3648
vn -0.8802 -0.1738 0.4415
vn -0.8626 -0.2088 0.4608
vn -0.9213 -0.2405 0.3055
vn -0.9160 -0.2431 0.3192
vn -0.7589 -0.2747 0.5905
vn -0.6807 -0.2928 0.6715
vn -0.5905 -0.2052 0.7805
vn -0.9077 -0.2675 0.3232
vn -0.9309 -0.2180 0.2932
vn -0.8523 -0.3191 0.4145
vn -0.8435 -0.2912 0.4514
vn -0.6530 -0.2894 0.6999
vn -0.6663 -0.2975 0.6837
vn -0.7899 -0.3178 0.5244
vn -0.6857 -0.3163 0.6556
vn -0.8837 -0.3541 0.3062
vn -0.8530 -0.3572 0.3806
vn -0.8500 -0.3458 0.3973
vn -0.8526 -0.3672 0.3719
vn -0.6839 -0.3537 0.6381
vn -0.8487 -0.3870 0.3605
vn -0.7292 -0.4425 0.5219
vn -0.8253 -0.4501 0.3410
vn -0.7384 -0.4631 0.4903
vn -0.6940 -0.4413 0.5689
vn -0.8038 -0.4892 0.3385
vn -0.7954 -0.5007 0.3414
vn -0.7328 -0.5147 0.4449
vn 0.1133 0.1352 0.9843
vn 0.2996 0.3661 0.8810
vn 0.2898 0.3296 0.8985
vn 0.4190 0.2647 0.8686
vn 0.3523 0.2484 0.9023
vn 0.1777 0.2055 0.9624
vn 0.2389 0.1709 0.9559
vn 0.3372 0.2046 0.9189
vn 0.0472 0.6280 0.7768
vn 0.3922 0.0987 0.9146
vn 0.4434 0.1131 0.8892
vn 0.1282 0.0541 0.9903
vn 0.2628 0.0707 0.9622
vn 0.3617 0.0548 0.9307
vn 0.5387 0.0515 0.8409
vn 0.5414 0.0429 0.8397
vn 0.2232 0.0373 0.9741
vn 0.3764 -0.0293 0.9260
vn 0.4289 -0.0813 0.8997
vn 0.5153 -0.0555 0.8552
vn 0.2295 -0.0967 0.9685
vn 0.2751 -0.1091 0.9552
vn 0.5585 -0.1158 0.8214
vn 0.5706 -0.1159 0.8130
vn 0.5728 -0.1148 0.8116
vn 0.4087 -0.1664 0.8974
vn 0.6313 -0.1722 0.7562
vn 0.2588 -0.2459 0.9341
vn 0.3070 -0.1659 0.9371
vn 0.4308 -0.2089 0.8780
vn 0.5164 -0.1980 0.8332
vn 0.2666 -0.2853 0.9206
vn 0.5549 -0.2635 0.7891
vn 0.6040 -0.2445 0.7586
vn 0.3989 -0.3007 0.8663
vn 0.6192 -0.2658 0.7389
vn 0.3407 -0.3404 0.8764
vn 0.4965 -0.3443 0.7969
vn 0.5429 -0.3004 0.7842
vn 0.6694 -0.2917 0.6832
vn 0.3435 -0.3206 0.8828
vn 0.6523 -0.3923 0.6485
vn 0.6869 -0.3674 0.6271
vn 0.2355 -0.4736 0.8487
vn 0.3673 -0.4324 0.8235
vn 0.4935 -0.3849 0.7799
vn 0.5289 -0.4068 0.7449
vn 0.4795 -0.4091 0.7763
vn 0.2292 -0.4932 0.8392
vn 0.4481 -0.4509 0.7719
vn 0.6403 -0.4197 0.6433
vn 0.2804 -0.4911 0.8247
vn 0.4257 -0.4578 0.7805
vn 0.8896 0.4564 -0.0177
vn 0.9534 0.3004 0.0293
vn 0.9426 0.3337 -0.0110
vn 0.9332 0.3506 -0.0786
vn 0.9494 0.2541 -0.1847
vn 0.9582 0.1641 -0.2344
vn 0.9580 0.1654 -0.2344
vn 0.9766 0.1501 0.1539
vn 0.9771 0.1507 0.1504
vn 0.9781 0.1040 0.1801
vn 0.9921 0.0767 -0.0997
vn 0.9908 0.0819 -0.1080
vn 0.9796 0.0296 -0.1988
vn 0.9898 -0.0979 0.1034
vn 0.9873 0.0804 -0.1371
vn 0.9870 -0.0097 -0.1605
vn 0.9604 -0.0040 -0.2784
vn 0.9202 -0.1489 -0.3621
vn 0.9497 -0.0848 -0.3014
vn 0.9442 -0.1102 -0.3105
vn 0.9128 -0.1456 -0.3815
vn 0.9120 -0.1506 -0.3814
vn 0.9118 -0.1509 -0.3820
vn 0.8009 -0.4207 -0.4261
vn 0.8130 -0.4065 -0.4169
vn 0.7603 -0.3972 -0.5141
vn 0.7961 -0.4575 -0.3961
vn 0.7041 -0.4932 -0.5109
vn 0.6339 -0.4715 -0.6131
vn 0.6070 -0.5510 -0.5727
vn 0.5902 -0.5165 -0.6204
vn 0.5261 -0.5405 -0.6566
vn 0.5093 -0.5652 -0.6490
vn 0.4881 -0.5872 -0.6458
vn 0.3956 -0.5783 -0.7135
vn 0.4213 -0.6743 -0.6065
vn 0.4098 -0.6764 -0.6120
vn 0.4031 -0.6742 -0.6188
vn 0.3989 -0.6653 -0.6310
vn 0.1425 -0.7130 -0.6866
vn 0.1525 -0.7043 -0.6933
vn 0.1254 -0.6886 -0.7142
vn 0.0798 -0.5788 -0.8116
vn 0.1029 -0.6954 -0.7112
vn 0.0864 -0.6853 -0.7231
vn 0.0913 -0.6686 -0.7380
vn 0.0641 -0.6305 -0.7735
vn 0.0685 -0.6134 -0.7868
vn 0.0687 -0.6136 -0.7866
vn 0.0767 -0.5797 -0.8112
vn 0.0527 -0.6642 -0.7457
vn 0.0452 -0.6592 -0.7506
vn 0.0835 -0.6252 -0.7760
vn -0.7341 -0.6067 0.3049
vn -0.7482 -0.5863 0.3105
vn -0.7728 -0.5234 0.3588
vn -0.7047 -0.6377 0.3109
vn -0.6970 -0.6410 0.3214
vn -0.6309 -0.7654 0.1265
vn -0.6530 -0.7345 0.1848
vn -0.6930 -0.6692 0.2682
vn -0.6578 -0.7064 0.2613
vn -0.6291 -0.7449 0.2223
vn -0.6764 -0.6047 0.4206
vn -0.6781 -0.5806 0.4506
vn -0.5161 -0.8312 0.2069
vn -0.5488 -0.8101 0.2066
vn -0.5444 -0.8028 0.2433
vn 0.7909 -0.4665 -0.3960
vn 0.7212 -0.5482 -0.4235
vn 0.7404 -0.5338 -0.4086
vn 0.7242 -0.5422 -0.4261
vn 0.3762 -0.5464 0.7483
vn 0.3550 -0.5523 0.7543
vn 0.4062 -0.5207 0.7509
vn 0.3847 -0.5432 0.7463
vn -0.7121 -0.7016 0.0240
vn -0.8216 -0.5700 0.0017
vn -0.2471 -0.9686 0.0289
vn -0.2885 -0.9537 0.0854
vn -0.2870 -0.9538 0.0887
vn -0.1547 -0.9512 0.2671
vn -0.3713 -0.9280 0.0290
vn -0.3590 -0.9328 0.0328
vn -0.3102 -0.9243 0.2223
vn -0.1903 -0.9318 0.3090
vn -0.3017 -0.9312 0.2047
vn -0.1792 -0.9173 0.3555
vn -0.2830 -0.9247 0.2546
vn -0.2040 -0.9053 0.3724
vn -0.4445 -0.8891 0.1096
vn -0.4077 -0.8907 0.2012
vn -0.2347 -0.8571 0.4586
vn -0.1656 -0.8535 0.4940
vn -0.4856 -0.8691 0.0945
vn -0.3359 -0.8785 0.3397
vn -0.2937 -0.8728 0.3898
vn -0.1702 -0.8507 0.4974
vn -0.1745 -0.8419 0.5107
vn -0.4375 -0.8596 0.2639
vn -0.3099 -0.8731 0.3763
vn -0.1972 -0.8263 0.5276
vn -0.1979 -0.8261 0.5277
vn -0.5643 -0.8184 0.1082
vn -0.4013 -0.8575 0.3219
vn -0.2132 -0.8147 0.5393
vn -0.4375 -0.7914 0.4270
vn -0.5762 -0.8070 0.1291
vn -0.5240 -0.8118 0.2577
vn -0.3527 -0.8021 0.4820
vn -0.3467 -0.7923 0.5020
vn -0.4402 -0.7895 0.4278
vn -0.3531 -0.7796 0.5172
vn -0.3622 -0.7781 0.5133
vn -0.6794 -0.7224 0.1288
vn -0.6455 -0.7490 0.1495
vn -0.4473 -0.7659 0.4619
vn -0.3440 -0.7881 0.5105
vn -0.3267 -0.7599 0.5619
vn -0.6294 -0.7179 0.2976
vn -0.5697 -0.7562 0.3219
vn -0.5495 -0.7489 0.3704
vn -0.3844 -0.6981 0.6040
vn -0.6545 -0.6890 0.3114
vn -0.4296 -0.6572 0.6193
vn -0.4410 -0.6756 0.5909
vn -0.5738 -0.6922 0.4379
vn -0.5593 -0.6801 0.4739
vn -0.4912 -0.6944 0.5258
vn -0.4695 -0.6457 0.6022
vn -0.7995 -0.5991 0.0435
vn -0.7618 -0.6180 0.1941
vn -0.7538 -0.6100 0.2444
vn -0.7287 -0.6251 0.2797
vn -0.6487 -0.6542 0.3889
vn -0.5417 -0.6667 0.5119
vn -0.6465 -0.6356 0.4220
vn -0.6196 -0.6272 0.4719
vn -0.4796 -0.6385 0.6019
vn -0.7969 -0.5875 0.1407
vn -0.7175 -0.5790 0.3872
vn -0.5085 -0.5983 0.6192
vn -0.5064 -0.5978 0.6214
vn -0.6285 -0.5799 0.5184
vn -0.5679 -0.5822 0.5818
vn -0.5484 -0.5896 0.5930
vn -0.5460 -0.5858 0.5989
vn -0.6220 -0.5592 0.5481
vn -0.6035 -0.5679 0.5598
vn -0.5967 -0.5572 0.5775
vn -0.5777 -0.5652 0.5889
vn -0.8803 -0.4736 0.0280
vn -0.8104 -0.5129 0.2833
vn -0.7438 -0.5358 0.3995
vn -0.6233 -0.5568 0.5491
vn -0.1494 -0.8575 0.4923
vn 0.2305 -0.9513 0.2048
vn -0.0886 -0.9185 0.3853
vn -0.0293 -0.9230 0.3838
vn 0.0457 -0.9419 0.3327
vn 0.1717 -0.9412 0.2911
vn 0.2140 -0.9168 0.3371
vn 0.3391 -0.8925 0.2974
vn -0.1114 -0.9131 0.3922
vn -0.0325 -0.9232 0.3829
vn 0.2907 -0.9082 0.3012
vn 0.3407 -0.8984 0.2771
vn 0.3513 -0.8941 0.2778
vn -0.1102 -0.8962 0.4297
vn 0.0119 -0.8975 0.4409
vn 0.0744 -0.9006 0.4281
vn 0.1959 -0.9003 0.3886
vn 0.1349 0.8656 -0.4822
vn -0.1161 -0.8761 0.4679
vn -0.1126 -0.8797 0.4620
vn -0.0920 -0.8687 0.4867
vn 0.0898 -0.8863 0.4543
vn 0.0967 -0.8890 0.4477
vn 0.2044 -0.8878 0.4124
vn 0.1978 -0.8825 0.4267
vn 0.4197 -0.8454 0.3304
vn 0.0728 -0.8551 0.5134
vn 0.2841 -0.8223 0.4930
vn 0.4173 -0.8173 0.3974
vn 0.2342 -0.8312 0.5042
vn 0.2200 -0.8416 0.4934
vn 0.4561 -0.7974 0.3952
vn 0.1816 -0.8273 0.5316
vn 0.1422 -0.8082 0.5714
vn 0.1590 -0.8157 0.5562
vn 0.2196 -0.9754 -0.0186
vn 0.2332 -0.9721 -0.0259
vn 0.2448 -0.9689 0.0372
vn 0.3296 -0.9424 0.0573
vn 0.1791 -0.9835 -0.0263
vn 0.2591 -0.9483 0.1832
vn 0.3127 -0.9473 -0.0701
vn 0.3315 -0.9304 0.1562
vn 0.3349 -0.9314 0.1425
vn 0.3045 -0.9518 0.0372
vn 0.3392 -0.9407 -0.0009
vn 0.3352 -0.9415 0.0351
vn 0.3172 -0.9428 -0.1023
vn 0.3133 -0.9423 -0.1177
vn 0.3392 -0.9309 0.1355
vn 0.3931 -0.9166 -0.0723
vn 0.3620 -0.9247 -0.1181
vn 0.3718 -0.9179 -0.1386
vn 0.3601 -0.9197 -0.1565
vn 0.3694 -0.9123 -0.1771
vn 0.4045 -0.9111 -0.0794
vn 0.4090 -0.9029 -0.1321
vn 0.3980 -0.9069 -0.1385
vn 0.4109 -0.9034 0.1224
vn 0.4386 -0.8967 0.0590
vn 0.4456 -0.8917 -0.0796
vn 0.4364 -0.8977 -0.0608
vn 0.4552 -0.8690 0.1941
vn 0.4228 -0.8996 -0.1089
vn 0.4737 -0.8227 0.3143
vn 0.4859 -0.8507 0.2006
vn 0.4471 -0.8928 0.0544
vn 0.4750 -0.8462 -0.2415
vn 0.5191 -0.8101 0.2726
vn 0.5345 -0.8395 0.0981
vn 0.4859 -0.8608 -0.1514
vn 0.4871 -0.8571 -0.1678
vn 0.5308 -0.8124 -0.2414
vn 0.5103 -0.8050 -0.3027
vn 0.5104 -0.8058 -0.3004
vn 0.5556 -0.8273 0.0827
vn 0.5541 -0.8038 -0.2166
vn 0.5210 -0.7833 -0.3391
vn 0.5151 -0.7835 -0.3476
vn 0.5341 -0.7522 0.3859
vn 0.5654 -0.7672 0.3028
vn 0.5511 -0.7852 0.2823
vn 0.5763 -0.7909 -0.2055
vn 0.5552 -0.7458 -0.3681
vn 0.5530 -0.7519 -0.3589
vn 0.5430 -0.7562 -0.3651
vn 0.5300 -0.8468 -0.0462
vn 0.5765 -0.7909 -0.2055
vn 0.5624 -0.7449 -0.3589
vn 0.5696 -0.7362 -0.3654
vn 0.6494 -0.7462 0.1462
vn 0.6183 -0.7822 0.0758
vn 0.6360 -0.7712 0.0287
vn 0.6715 -0.7369 -0.0775
vn 0.6211 -0.7591 -0.1949
vn 0.5888 -0.7157 -0.3757
vn 0.5884 -0.7169 -0.3739
vn 0.6292 -0.7111 -0.3137
vn 0.6310 -0.6662 0.3976
vn 0.6534 -0.6701 0.3522
vn 0.6437 -0.6944 0.3216
vn 0.6836 -0.7291 -0.0341
vn 0.6577 -0.7341 -0.1690
vn 0.7061 -0.6830 0.1869
vn 0.7038 -0.6876 0.1785
vn 0.7170 -0.6966 -0.0251
vn 0.7462 -0.6312 0.2113
vn 0.7570 -0.6507 0.0586
vn 0.7611 -0.6440 -0.0775
vn 0.7547 -0.6388 -0.1498
vn 0.7112 -0.6741 -0.1997
vn 0.7397 -0.5614 0.3710
vn 0.7358 -0.5856 0.3402
vn 0.7531 -0.5797 0.3111
vn 0.7755 -0.6096 -0.1640
vn 0.7710 -0.5611 0.3011
vn 0.7962 -0.5769 0.1823
vn 0.7476 -0.5341 0.3947
vn 0.8198 -0.5656 0.0892
vn 0.8134 -0.5787 0.0597
vn 0.8340 -0.5515 -0.0156
vn 0.8211 -0.5682 -0.0541
vn 0.8213 -0.5467 -0.1630
vn 0.7669 -0.5227 0.3725
vn 0.7686 -0.5032 0.3950
vn 0.8262 -0.5094 0.2407
vn 0.8008 -0.5879 -0.1145
vn -0.0789 -0.9209 -0.3818
vn -0.1317 -0.9109 -0.3910
vn -0.0972 -0.8941 -0.4372
vn 0.1213 -0.9124 -0.3909
vn -0.0973 -0.8890 -0.4474
vn 0.1266 -0.9208 -0.3690
vn 0.0901 -0.9091 -0.4068
vn 0.0774 -0.9086 -0.4105
vn -0.1140 -0.8640 -0.4904
vn -0.0460 -0.8594 -0.5093
vn -0.1474 -0.8463 -0.5119
vn -0.0348 -0.8541 -0.5189
vn -0.0168 -0.8572 -0.5148
vn 0.0206 -0.8518 -0.5235
vn 0.0105 -0.7998 -0.6002
vn 0.0377 -0.8150 -0.5782
vn 0.0188 -0.8184 -0.5743
vn -0.1648 -0.7733 -0.6122
vn 0.0984 -0.8040 -0.5864
vn 0.0840 -0.8029 -0.5902
vn 0.0195 -0.7955 -0.6056
vn -0.0351 -0.7867 -0.6163
vn 0.0038 -0.7983 -0.6023
vn -0.0505 -0.7784 -0.6257
vn -0.1782 -0.7602 -0.6248
vn -0.0048 -0.7804 -0.6253
vn -0.0353 -0.7614 -0.6473
vn -0.0353 -0.7615 -0.6472
vn -0.0347 -0.7125 -0.7008
vn -0.0490 -0.7175 -0.6948
vn -0.0406 -0.7197 -0.6931
vn -0.1259 -0.7193 -0.6832
vn -0.1304 -0.6916 -0.7104
vn -0.1842 -0.6476 -0.7394
vn 0.0062 -0.6938 -0.7202
vn -0.1882 -0.6598 -0.7275
vn -0.2034 -0.6470 -0.7349
vn -0.2136 -0.6529 -0.7267
vn 0.0691 -0.6225 -0.7796
vn 0.0723 -0.6546 -0.7525
vn 0.0461 -0.6566 -0.7529
vn 0.1058 -0.6330 -0.7669
vn 0.0158 -0.6209 -0.7838
vn -0.1068 -0.5820 -0.8062
vn -0.0760 -0.6070 -0.7910
vn 0.0285 -0.5657 -0.8242
vn 0.0235 -0.5651 -0.8247
vn -0.0023 -0.5530 -0.8331
vn -0.0229 -0.5416 -0.8403
vn -0.2318 -0.5377 -0.8106
vn 0.0803 -0.5547 -0.8282
vn -0.2830 -0.4849 -0.8275
vn -0.1512 -0.8448 -0.5133
vn -0.1752 -0.7610 -0.6247
vn -0.2705 -0.9547 -0.1238
vn -0.1968 -0.9139 -0.3551
vn -0.1962 -0.9149 -0.3528
vn -0.3812 -0.8894 -0.2524
vn -0.3797 -0.9184 -0.1111
vn -0.4064 -0.9113 -0.0664
vn -0.3239 -0.9092 -0.2616
vn -0.3191 -0.9076 -0.2728
vn -0.2393 -0.8944 -0.3779
vn -0.3153 -0.8877 -0.3355
vn -0.3646 -0.9089 -0.2026
vn -0.4871 -0.8707 -0.0683
vn -0.2455 -0.8502 -0.4658
vn -0.4548 -0.8575 -0.2403
vn -0.5081 -0.8575 -0.0811
vn -0.2667 -0.8377 -0.4766
vn -0.5244 -0.8389 -0.1462
vn -0.5905 -0.8069 -0.0138
vn -0.4144 -0.8324 -0.3679
vn -0.4652 -0.8336 -0.2977
vn -0.3032 -0.7359 -0.6054
vn -0.3846 -0.8063 -0.4494
vn -0.4152 -0.8132 -0.4079
vn -0.5987 -0.7828 -0.1696
vn -0.6438 -0.7635 -0.0503
vn -0.2805 -0.7491 -0.6002
vn -0.3972 -0.7396 -0.5434
vn -0.5589 -0.7679 -0.3129
vn -0.6031 -0.7525 -0.2647
vn -0.6155 -0.7598 -0.2094
vn -0.6891 -0.7237 -0.0379
vn -0.3138 -0.6874 -0.6550
vn -0.4222 -0.7239 -0.5456
vn -0.5120 -0.7295 -0.4535
vn -0.5344 -0.7182 -0.4456
vn -0.5601 -0.7195 -0.4107
vn -0.7255 -0.6791 -0.1116
vn -0.7161 -0.6754 -0.1762
vn -0.3013 -0.6263 -0.7191
vn -0.3177 -0.6301 -0.7086
vn -0.3346 -0.6574 -0.6752
vn -0.3762 -0.6409 -0.6691
vn -0.4642 -0.6395 -0.6129
vn -0.4574 -0.6376 -0.6199
vn -0.6704 -0.6687 -0.3216
vn -0.3792 -0.6133 -0.6929
vn -0.6371 -0.6678 -0.3849
vn -0.7133 -0.6342 -0.2985
vn -0.7390 -0.6347 -0.2259
vn -0.8118 -0.5781 -0.0821
vn -0.5114 -0.6102 -0.6051
vn -0.5635 -0.6077 -0.5596
vn -0.5755 -0.6144 -0.5397
vn -0.4336 -0.5072 -0.7448
vn -0.2781 -0.4963 -0.8224
vn -0.3072 -0.4927 -0.8141
vn -0.6744 -0.5982 -0.4329
vn -0.7382 -0.5688 -0.3627
vn -0.7918 -0.5754 -0.2048
vn -0.8229 -0.5522 -0.1340
vn -0.2870 -0.4874 -0.8247
vn -0.4342 -0.4370 -0.7877
vn -0.5232 -0.5008 -0.6895
vn -0.6574 -0.5734 -0.4889
vn -0.3391 -0.4977 -0.7983
vn -0.4519 -0.5165 -0.7274
vn -0.7505 -0.5520 -0.3633
vn -0.9425 -0.2869 0.1714
vn -0.9457 -0.2604 0.1945
vn -0.9589 -0.2131 0.1874
vn -0.9354 0.0169 0.3532
vn -0.9020 0.1318 0.4111
vn -0.8621 -0.4796 0.1633
vn -0.9281 -0.3436 0.1437
vn -0.9297 -0.3383 0.1457
vn -0.9008 -0.3944 0.1818
vn -0.8753 -0.4398 0.2008
vn -0.8701 -0.4517 0.1975
vn -0.9454 -0.2525 0.2059
vn -0.9435 -0.1974 0.2662
vn -0.9347 -0.2420 0.2602
vn -0.8925 -0.3205 0.3175
vn -0.8692 -0.3721 0.3258
vn -0.9453 -0.1606 0.2839
vn -0.8344 -0.4153 0.3624
vn -0.8113 -0.4500 0.3733
vn -0.7968 -0.4727 0.3764
vn -0.7813 -0.4825 0.3959
vn -0.7690 -0.4747 0.4281
vn -0.9378 -0.0008 0.3472
vn -0.7855 -0.4015 0.4709
vn -0.7768 -0.4018 0.4849
vn -0.8221 -0.2969 0.4858
vn -0.8165 -0.3017 0.4922
vn -0.8942 -0.0745 0.4414
vn -0.8713 -0.0851 0.4834
vn -0.8257 -0.2522 0.5046
vn -0.8355 -0.2374 0.4956
vn -0.8086 -0.2908 0.5114
vn -0.9233 0.0335 0.3826
vn -0.9042 0.0224 0.4265
vn -0.8966 -0.0095 0.4428
vn -0.8882 -0.0912 0.4502
vn -0.8836 0.0062 0.4682
vn -0.8901 0.1643 0.4252
vn -0.8677 0.0551 0.4939
vn -0.8801 0.0151 0.4745
vn -0.8110 -0.1317 0.5701
vn -0.8050 -0.1450 0.5753
vn -0.7999 -0.1494 0.5812
vn -0.7907 -0.1494 0.5937
vn -0.8453 0.0630 0.5306
vn -0.8613 0.0695 0.5033
vn -0.7885 0.2979 0.5381
vn -0.7432 0.0273 0.6685
vn -0.7752 0.2687 0.5717
vn -0.7041 0.0287 0.7095
vn -0.7647 0.2682 0.5860
vn -0.6959 0.0644 0.7152
vn -0.7446 0.4106 0.5262
vn -0.7076 0.2783 0.6495
vn -0.6682 0.0389 0.7429
vn -0.6600 0.0660 0.7484
vn -0.6574 0.0539 0.7516
vn -0.6408 0.1129 0.7593
vn -0.6453 0.1324 0.7524
vn -0.6320 0.1128 0.7667
vn 0.3483 -0.3363 0.8750
vn 0.3626 -0.3677 0.8563
vn 0.3906 -0.3371 0.8566
vn 0.3958 -0.3486 0.8496
vn 0.8235 -0.4285 0.3717
vn 0.8349 -0.4444 0.3246
vn 0.8371 -0.4921 0.2390
vn 0.8902 -0.3968 0.2237
vn 0.8691 -0.4532 0.1980
vn 0.9436 -0.3024 0.1351
vn 0.8748 -0.4641 0.1395
vn 0.9431 -0.3037 0.1356
vn 0.9434 -0.3027 0.1356
vn 0.9552 -0.2722 0.1164
vn 0.9610 -0.2724 0.0470
vn 0.9513 -0.3015 0.0647
vn 0.9614 -0.2713 0.0451
vn 0.9408 -0.3386 -0.0155
vn 0.9408 -0.3386 -0.0158
vn 0.8644 -0.4699 -0.1786
vn 0.8555 -0.4860 -0.1785
vn 0.9619 -0.2711 -0.0362
vn 0.9652 -0.2616 0.0007
vn 0.9574 -0.2884 -0.0153
vn 0.8687 -0.4709 -0.1538
vn 0.9653 -0.2613 0.0002
vn 0.9625 -0.2606 -0.0759
vn 0.9165 -0.3791 -0.1274
vn 0.8810 -0.4478 -0.1530
vn 0.9975 -0.0685 -0.0176
vn 0.9747 -0.2019 -0.0963
vn 0.9640 -0.2478 -0.0961
vn 0.9677 -0.2306 -0.1023
vn 0.9108 -0.3390 -0.2357
vn 0.8857 -0.4002 -0.2354
vn 0.9711 -0.2046 -0.1229
vn 0.9748 -0.1861 -0.1230
vn 0.9112 -0.3491 -0.2188
vn 0.9034 -0.3579 -0.2362
vn 0.9690 -0.1727 -0.1768
vn 0.8991 -0.3187 -0.3002
vn 0.8809 -0.3491 -0.3195
vn 0.9653 -0.2011 -0.1667
vn 0.8990 -0.3191 -0.3000
vn 0.9703 -0.0230 -0.2408
vn 0.9259 -0.1530 -0.3454
vn 0.9768 0.0517 -0.2077
vn 0.9745 -0.0303 -0.2224
vn 0.9372 -0.1431 -0.3182
vn 0.9207 -0.1840 -0.3441
vn 0.9689 -0.0327 -0.2452
vn 0.9720 0.0966 -0.2144
vn 0.2314 -0.3605 -0.9036
vn 0.2690 -0.4493 -0.8519
vn 0.1026 -0.4459 -0.8892
vn 0.2501 -0.2718 -0.9293
vn 0.2651 -0.2170 -0.9395
vn 0.2062 -0.3325 -0.9203
vn 0.1543 -0.3297 -0.9314
vn 0.0902 -0.3914 -0.9158
vn 0.0959 -0.4400 -0.8929
vn -0.0287 -0.4847 -0.8742
vn 0.1491 -0.1874 -0.9709
vn 0.1085 -0.2407 -0.9645
vn 0.1388 -0.1395 -0.9804
vn -0.0064 -0.3455 -0.9384
vn -0.0500 -0.3827 -0.9225
vn -0.0616 -0.4559 -0.8879
vn 0.0195 -0.2455 -0.9692
vn -0.0093 -0.2844 -0.9587
vn -0.1623 -0.4700 -0.8676
vn -0.0064 -0.1602 -0.9871
vn 0.0969 -0.0894 -0.9913
vn 0.0735 -0.0975 -0.9925
vn -0.1906 -0.4598 -0.8673
vn -0.1678 -0.4562 -0.8739
vn -0.0251 -0.1461 -0.9890
vn -0.1623 -0.3374 -0.9273
vn -0.1630 -0.2636 -0.9508
vn -0.1779 -0.3040 -0.9359
vn -0.2386 -0.4432 -0.8641
vn -0.6912 0.2940 -0.6602
vn -0.7083 0.3136 -0.6325
vn -0.3734 -0.3855 -0.8438
vn -0.4036 -0.4348 -0.8050
vn -0.4305 -0.4360 -0.7903
vn -0.4910 -0.4056 -0.7710
vn -0.4953 -0.5022 -0.7089
vn -0.4713 -0.2434 -0.8477
vn -0.4773 -0.2452 -0.8438
vn -0.5677 -0.4507 -0.6889
vn -0.5211 -0.5069 -0.6867
vn -0.5165 -0.4041 -0.7550
vn -0.5430 -0.2382 -0.8053
vn -0.5504 -0.3512 -0.7575
vn -0.5618 -0.3097 -0.7671
vn -0.6210 -0.4404 -0.6484
vn -0.6440 -0.4613 -0.6103
vn -0.5983 -0.1785 -0.7812
vn -0.5997 -0.1715 -0.7816
vn -0.6560 -0.2783 -0.7016
vn -0.6649 -0.3080 -0.6804
vn -0.6696 -0.3162 -0.6721
vn -0.6256 -0.4606 -0.6297
vn -0.6769 -0.5382 -0.5022
vn -0.7269 -0.3992 -0.5588
vn -0.7118 -0.5041 -0.4891
vn -0.6664 -0.0994 -0.7389
vn -0.7101 -0.1926 -0.6773
vn -0.7121 -0.3159 -0.6270
vn -0.7226 -0.4042 -0.5608
vn -0.7219 -0.4518 -0.5241
vn -0.6476 0.0312 -0.7614
vn -0.6379 -0.0121 -0.7700
vn -0.6539 -0.0346 -0.7558
vn -0.6924 -0.1111 -0.7129
vn 0.5379 -0.8139 -0.2197
vn -0.7462 -0.3483 -0.5673
vn -0.7471 -0.3501 -0.5651
vn -0.7571 -0.4566 -0.4672
vn -0.7542 -0.4847 -0.4431
vn -0.7567 -0.4859 -0.4374
vn -0.6898 0.0484 -0.7224
vn -0.7480 -0.0910 -0.6574
vn -0.7446 -0.2688 -0.6109
vn -0.6939 -0.3687 -0.6185
vn -0.7912 -0.0921 -0.6046
vn -0.7766 -0.2119 -0.5932
vn -0.7826 -0.3466 -0.5171
vn -0.7924 -0.3500 -0.4995
vn -0.7927 -0.3727 -0.4825
vn -0.8016 -0.4367 -0.4083
vn -0.8081 -0.4322 -0.4002
vn -0.8321 -0.4676 -0.2983
vn -0.8320 -0.4658 -0.3014
vn -0.8142 -0.4966 -0.3007
vn -0.8457 -0.3709 -0.3838
vn -0.7411 0.2353 -0.6288
vn -0.8610 -0.4390 -0.2569
vn -0.6985 0.2995 -0.6500
vn -0.7332 0.2724 -0.6231
vn -0.9124 -0.3266 -0.2465
vn -0.7024 0.3459 -0.6221
vn -0.8743 -0.4625 -0.1473
vn -0.9383 -0.2948 -0.1811
vn -0.9339 -0.2919 -0.2065
vn -0.8657 -0.4377 -0.2429
vn -0.8995 -0.4264 -0.0953
vn -0.9048 -0.4142 -0.0988
vn -0.9564 -0.2302 -0.1796
vn -0.9556 -0.2025 -0.2143
vn -0.9498 -0.2366 -0.2049
vn -0.9444 -0.2983 -0.1384
vn -0.9040 -0.4259 -0.0374
vn -0.5960 0.0944 0.7975
vn -0.6239 0.1116 0.7735
vn -0.5620 0.1188 0.8186
vn -0.5007 0.1228 0.8569
vn -0.5261 0.1268 0.8409
vn -0.6859 0.3021 0.6621
vn -0.6956 0.3011 0.6523
vn -0.6272 0.3320 0.7046
vn -0.6145 0.3415 0.7112
vn -0.5681 0.3081 0.7631
vn -0.5434 0.3092 0.7805
vn -0.6897 0.3671 0.6241
vn -0.4695 0.4370 0.7672
vn -0.4850 0.4548 0.7469
vn -0.5934 0.4224 0.6852
vn -0.4831 0.4455 0.7537
vn -0.5164 0.4609 0.7218
vn -0.7100 0.4531 0.5391
vn -0.6556 0.4540 0.6033
vn -0.6384 0.4640 0.6141
vn -0.3819 0.5556 0.7386
vn -0.4293 0.4953 0.7552
vn 0.8765 -0.1388 -0.4610
vn 0.8860 -0.1629 -0.4341
vn 0.8809 -0.1201 -0.4579
vn 0.8583 -0.1782 -0.4812
vn 0.8179 -0.0899 -0.5683
vn 0.8575 -0.0789 -0.5084
vn 0.8271 -0.0785 -0.5566
vn 0.9061 -0.0363 -0.4216
vn 0.8827 -0.0614 -0.4659
vn 0.8673 -0.0491 -0.4953
vn 0.7749 -0.0394 -0.6308
vn 0.7786 0.0885 -0.6213
vn 0.2720 0.8687 0.4141
vn 0.9389 0.0430 -0.3414
vn 0.9215 0.0245 -0.3877
vn 0.2810 0.8663 0.4129
vn 0.8477 0.0541 -0.5278
vn 0.7754 0.0958 -0.6242
vn 0.7796 0.0999 -0.6183
vn 0.6962 0.1086 -0.7095
vn 0.6343 0.1155 -0.7644
vn 0.6587 0.0853 -0.7476
vn 0.9546 0.1232 -0.2713
vn 0.9439 0.1080 -0.3122
vn 0.8835 0.1118 -0.4549
vn 0.7168 0.1183 -0.6872
vn 0.7883 0.1754 -0.5898
vn 0.9468 0.2026 -0.2502
vn 0.9143 0.1765 -0.3646
vn 0.8803 0.1740 -0.4414
vn 0.8626 0.2090 -0.4607
vn 0.9212 0.2409 -0.3056
vn 0.9160 0.2434 -0.3188
vn 0.7589 0.2747 -0.5904
vn 0.6799 0.2932 -0.6722
vn 0.5908 0.2049 -0.7803
vn 0.9078 0.2677 -0.3228
vn 0.9315 0.2172 -0.2917
vn 0.8523 0.3191 -0.4144
vn 0.8436 0.2911 -0.4513
vn 0.6527 0.2896 -0.7001
vn 0.6661 0.2976 -0.6839
vn 0.7900 0.3177 -0.5243
vn 0.6854 0.3166 -0.6558
vn 0.8843 0.3542 -0.3043
vn 0.8533 0.3578 -0.3793
vn 0.8501 0.3455 -0.3974
vn 0.8529 0.3671 -0.3713
vn 0.6838 0.3543 -0.6379
vn 0.8490 0.3869 -0.3600
vn 0.7291 0.4427 -0.5220
vn 0.8252 0.4505 -0.3407
vn 0.7381 0.4634 -0.4904
vn 0.6938 0.4413 -0.5692
vn 0.8039 0.4893 -0.3381
vn 0.7958 0.5004 -0.3409
vn 0.7327 0.5148 -0.4452
vn -0.1131 -0.1349 -0.9844
vn -0.2996 -0.3661 -0.8810
vn -0.2899 -0.3297 -0.8985
vn -0.4188 -0.2647 -0.8686
vn -0.3525 -0.2485 -0.9022
vn -0.1777 -0.2054 -0.9624
vn -0.2388 -0.1709 -0.9559
vn -0.3373 -0.2046 -0.9189
vn -0.0880 -0.3502 -0.9325
vn -0.3921 -0.0987 -0.9146
vn -0.4432 -0.1131 -0.8892
vn -0.1339 -0.0533 -0.9896
vn -0.2629 -0.0707 -0.9622
vn -0.3617 -0.0549 -0.9307
vn -0.5388 -0.0514 -0.8409
vn -0.5415 -0.0429 -0.8396
vn -0.2229 -0.0370 -0.9741
vn -0.3764 0.0294 -0.9260
vn -0.4289 0.0815 -0.8997
vn -0.5154 0.0556 -0.8551
vn -0.2293 0.0968 -0.9685
vn -0.2750 0.1093 -0.9552
vn -0.5585 0.1158 -0.8213
vn -0.5714 0.1160 -0.8124
vn -0.5729 0.1152 -0.8115
vn -0.4087 0.1662 -0.8974
vn -0.6314 0.1723 -0.7561
vn -0.2584 0.2461 -0.9342
vn -0.3066 0.1657 -0.9373
vn -0.4308 0.2089 -0.8779
vn -0.5165 0.1979 -0.8331
vn -0.2662 0.2849 -0.9209
vn -0.5552 0.2637 -0.7888
vn -0.6042 0.2447 -0.7583
vn -0.3988 0.3007 -0.8663
vn -0.6197 0.2663 -0.7383
vn -0.3405 0.3405 -0.8764
vn -0.4968 0.3444 -0.7966
vn -0.5432 0.3003 -0.7841
vn -0.6688 0.2914 -0.6839
vn -0.3433 0.3202 -0.8829
vn -0.6521 0.3927 -0.6485
vn -0.6869 0.3674 -0.6271
vn -0.2343 0.4756 -0.8479
vn -0.3673 0.4325 -0.8234
vn -0.4938 0.3850 -0.7797
vn -0.5292 0.4071 -0.7444
vn -0.4805 0.4092 -0.7757
vn -0.2284 0.4933 -0.8393
vn -0.4484 0.4511 -0.7717
vn -0.6402 0.4199 -0.6433
vn -0.2801 0.4913 -0.8247
vn -0.4259 0.4580 -0.7803
vn -0.8898 -0.4559 0.0174
vn -0.9552 -0.2949 -0.0260
vn -0.9437 -0.3306 0.0131
vn -0.9333 -0.3503 0.0787
vn -0.9492 -0.2545 0.1853
vn -0.9585 -0.1622 0.2345
vn -0.9578 -0.1660 0.2345
vn -0.9766 -0.1501 -0.1539
vn -0.9771 -0.1508 -0.1503
vn -0.9781 -0.1035 -0.1804
vn -0.9921 -0.0771 0.0991
vn -0.9908 -0.0822 0.1076
vn -0.9797 -0.0296 0.1982
vn -0.9951 0.0781 -0.0604
vn -0.9873 -0.0801 0.1375
vn -0.9861 0.0088 0.1662
vn -0.9603 0.0047 0.2788
vn -0.9178 0.1544 0.3658
vn -0.9496 0.0857 0.3014
vn -0.9442 0.1100 0.3103
vn -0.9127 0.1459 0.3818
vn -0.9119 0.1508 0.3818
vn -0.9118 0.1509 0.3819
vn -0.8012 0.4206 0.4257
vn -0.8132 0.4064 0.4165
vn -0.7606 0.3970 0.5138
vn -0.7961 0.4578 0.3957
vn -0.7039 0.4935 0.5108
vn -0.6335 0.4724 0.6129
vn -0.6079 0.5521 0.5707
vn -0.5904 0.5165 0.6202
vn -0.5261 0.5407 0.6564
vn -0.5092 0.5655 0.6487
vn -0.4880 0.5875 0.6455
vn -0.3952 0.5785 0.7135
vn -0.4214 0.6743 0.6065
vn -0.4098 0.6764 0.6120
vn -0.4031 0.6742 0.6188
vn -0.3989 0.6653 0.6311
vn -0.1425 0.7130 0.6865
vn -0.1526 0.7043 0.6933
vn -0.1255 0.6886 0.7142
vn -0.0798 0.5787 0.8116
vn -0.1027 0.6954 0.7113
vn -0.0865 0.6853 0.7231
vn -0.0913 0.6685 0.7381
vn -0.0642 0.6305 0.7736
vn -0.0685 0.6135 0.7867
vn -0.0687 0.6136 0.7866
vn -0.0768 0.5796 0.8113
vn -0.0525 0.6642 0.7457
vn -0.0452 0.6592 0.7506
vn -0.0837 0.6249 0.7762
vn -0.4313 0.1101 -0.8955
vn -0.4736 0.1792 -0.8623
vn -0.4735 0.1793 -0.8624
vn -0.4730 0.1818 -0.8621
vn -0.4695 0.1792 -0.8646
vn 0.7343 0.6066 -0.3047
vn 0.7482 0.5865 -0.3102
vn 0.7729 0.5236 -0.3585
vn 0.7049 0.6377 -0.3106
vn 0.6965 0.6412 -0.3221
vn 0.6310 0.7654 -0.1265
vn 0.6528 0.7348 -0.1842
vn 0.6930 0.6692 -0.2683
vn 0.6581 0.7059 -0.2619
vn 0.6286 0.7454 -0.2220
vn 0.6762 0.6047 -0.4209
vn 0.6777 0.5812 -0.4505
vn 0.5139 0.8324 -0.2076
vn 0.5487 0.8100 -0.2069
vn 0.5442 0.8028 -0.2434
vn -0.7914 0.4660 0.3957
vn -0.7214 0.5483 0.4229
vn -0.7403 0.5340 0.4083
vn -0.7240 0.5425 0.4260
vn -0.3767 0.5466 -0.7479
vn -0.3552 0.5525 -0.7540
vn -0.4062 0.5211 -0.7506
vn -0.3845 0.5439 -0.7459
vn 0.2904 -0.5201 -0.8032
vn -0.2477 0.5237 -0.8151
vn 0.2971 -0.5266 0.7965
vn 0.2868 -0.5204 0.8043
vn 0.3053 -0.5133 0.8021
vn -0.0229 -0.9913 0.1298
vn -0.0228 -0.9913 0.1297
vn 0.0101 0.0380 0.9992
vn 0.7236 -0.4810 -0.4950
vn -0.2672 -0.4566 -0.8486
vn -0.7809 0.2474 0.5736
vn -0.7727 0.3091 0.5544
vn -0.7599 0.3436 0.5518
vn 0.7229 -0.4503 -0.5240
vn 0.6971 -0.5008 -0.5131
vn 0.9458 -0.0300 0.3232
vn 0.9459 -0.0299 0.3232
vn -0.6604 0.5803 0.4765
vn -0.5589 0.7297 0.3939
vn 0.5538 -0.7288 -0.4027
vn 0.5451 -0.7381 -0.3975
vn 0.5451 -0.7382 -0.3975
vn 0.7888 -0.3784 0.4843
vn -0.4847 0.8015 0.3503
vn -0.4611 0.8223 0.3335
vn 0.4790 -0.8041 -0.3521
vn 0.4555 -0.8256 -0.3330
vn -0.8862 0.2202 -0.4075
vn -0.8863 0.2202 -0.4075
vn 0.1293 0.2435 0.9612
vn -0.2414 -0.3825 -0.8918
vn -0.2414 -0.3825 -0.8919
vn 0.2714 0.4782 0.8353
vn -0.2164 -0.3342 -0.9173
vn 0.9492 -0.0093 0.3145
vn 0.2807 0.4646 0.8399
vn -0.9466 0.0195 -0.3217
vn -0.3006 -0.4683 -0.8309
vn -0.3006 -0.4683 -0.8308
vn -0.8832 0.2062 -0.4212
vn -0.8833 0.2061 -0.4211
vn 0.9051 -0.1572 0.3952
vn 0.9051 -0.1571 0.3952
vn -0.9056 0.1531 -0.3955
vn -0.9056 0.1532 -0.3956
vn 0.2586 0.4168 0.8715
vn 0.2586 0.4168 0.8714
vn -0.2740 -0.4420 -0.8541
vn -0.9123 0.1432 -0.3837
vn 0.9005 -0.1753 0.3979
vn -0.3108 -0.5067 -0.8042
vn 0.8863 -0.2031 0.4163
vn -0.8843 0.2023 -0.4209
vn -0.2701 -0.4386 -0.8571
vn 0.3189 0.5129 0.7970
vn 0.3189 0.5128 0.7971
vn 0.3189 0.5130 0.7970
vn -0.8725 0.2279 -0.4322
vn 0.5318 -0.7551 -0.3834
vn -0.7758 0.3800 -0.5037
vn 0.8666 -0.2448 0.4348
vn -0.6842 0.4859 -0.5438
vn 0.3234 0.5217 0.7895
vn 0.3235 0.5219 0.7893
vn 0.3235 0.5218 0.7893
vn -0.3208 -0.5246 -0.7886
vn -0.3210 -0.5247 -0.7884
vn -0.3209 -0.5246 -0.7886
vn 0.4868 -0.7982 -0.3549
vn -0.2674 -0.4387 -0.8579
vn 0.3132 0.5026 0.8058
vn 0.3003 0.4797 0.8245
vn -0.3121 -0.5102 -0.8014
vn -0.2159 -0.3748 -0.9016
vn 0.7799 -0.3846 0.4938
vn 0.7794 -0.3853 0.4940
vn -0.2962 -0.4872 -0.8215
vn 0.2929 0.3012 0.9075
vn 0.2934 0.3549 0.8877
vn 0.2872 0.3517 0.8910
vn 0.2873 0.3517 0.8909
vn -0.2881 -0.3511 -0.8909
vn -0.2895 -0.4280 -0.8562
vn -0.2895 -0.4279 -0.8562
vn 0.6808 -0.2382 -0.6927
vn -0.9524 -0.0067 -0.3049
vn -0.2738 -0.4271 -0.8618
vn -0.2738 -0.4271 -0.8617
vn 0.2756 0.4522 0.8483
vn -0.2598 -0.5277 -0.8087
vn 0.2527 0.5765 0.7770
vn -0.2563 -0.5599 -0.7879
vn -0.2499 -0.5855 -0.7712
vn -0.6919 0.3353 0.6394
vn 0.9486 0.2921 0.1221
vn 0.9648 0.1645 0.2054
vn -0.6889 0.3004 0.6597
vn -0.2807 -0.4051 -0.8701
vn -0.9646 -0.1084 -0.2404
vn 0.9631 0.1921 0.1885
vn -0.9568 -0.0300 -0.2893
vn -0.9567 -0.0299 -0.2895
vn -0.9567 -0.0299 -0.2894
vn 0.7121 -0.3914 -0.5829
vn -0.9596 -0.0507 -0.2769
vn 0.9631 0.1946 0.1859
vn 0.9631 0.1948 0.1859
vn 0.9631 0.1947 0.1859
vn 0.6982 -0.3028 -0.6487
vn -0.2691 -0.5001 -0.8231
vn -0.9389 -0.3331 -0.0863
vn 0.6120 -0.0538 -0.7890
vn -0.2676 -0.5057 -0.8202
vn 0.6815 -0.2382 -0.6919
vn -0.9482 -0.2972 -0.1124
vn -0.9482 -0.2969 -0.1126
vn 0.6000 -0.0250 -0.7996
vn -0.2693 -0.5239 -0.8081
vn 0.9480 0.2956 0.1176
vn 0.9539 0.2677 0.1360
vn 0.9538 0.2677 0.1360
vn -0.9525 -0.2754 -0.1302
vn 0.9742 0.2256 0.0004
vn 0.9624 0.2716 -0.0022
vn 0.9595 0.2818 -0.0023
vn 0.9557 0.2943 0.0019
vn 0.9446 0.3281 -0.0061
vn 0.9446 0.3283 -0.0061
vn 0.9319 0.3626 0.0014
vn 0.9320 0.3626 0.0014
vn -0.9251 -0.3798 0.0011
vn -0.9121 -0.4100 0.0009
vn -0.8982 -0.4396 0.0005
vn 0.8924 0.4512 0.0010
vn 0.8478 0.5303 0.0080
vn 0.8382 0.5454 0.0029
vn 0.8172 0.5763 0.0038
vn 0.5731 0.0208 -0.8192
vn 0.8241 0.5664 -0.0005
vn 0.7631 0.6463 0.0050
vn -0.7917 -0.6109 0.0075
vn -0.7918 -0.6108 0.0075
vn -0.7918 -0.6107 0.0075
vn 0.5343 0.1038 0.8389
vn 0.7576 0.6527 -0.0003
vn 0.5521 0.0503 -0.8323
vn -0.7546 -0.6561 0.0130
vn -0.7545 -0.6561 0.0130
vn 0.5121 0.0899 -0.8542
vn -0.5330 -0.8461 0.0011
vn -0.5332 -0.8460 0.0010
vn 0.5223 0.1333 -0.8423
vn 0.5223 0.1332 -0.8423
vn 0.5223 0.1334 -0.8423
vn 0.5399 0.0996 0.8358
vn 0.5480 0.1018 -0.8302
vn -0.4984 -0.1406 0.8555
vn 0.5723 0.0327 -0.8194
vn -0.9421 -0.3353 0.0017
vn 0.5394 0.0954 0.8366
vn 0.5046 0.1528 0.8497
vn 0.5047 0.1527 0.8497
vn 0.5047 0.1526 0.8497
vn -0.5336 -0.0949 -0.8404
vn 0.5544 0.0667 0.8296
vn 0.5545 0.0667 0.8295
vn -0.4293 -0.2636 0.8638
vn 0.4039 0.3020 -0.8635
vn 0.5363 0.0995 0.8381
vn -0.4793 -0.1851 -0.8579
vn 0.4911 0.1702 0.8543
vn 0.3897 0.3189 -0.8640
vn 0.5489 0.0735 0.8327
vn -0.4635 -0.2071 0.8616
vn 0.5201 0.1239 0.8451
vn 0.3118 0.4149 -0.8548
vn -0.5095 -0.1369 -0.8495
vn -0.5095 -0.1372 -0.8495
vn -0.5095 -0.1371 -0.8495
vn -0.5094 -0.1372 -0.8495
vn 0.5652 0.0411 0.8239
vn 0.3876 0.3217 0.8639
vn -0.2086 -0.5159 0.8309
vn -0.1784 -0.5377 -0.8241
vn -0.1784 -0.5377 -0.8240
vn 0.4219 0.2704 0.8654
vn 0.3117 0.4154 -0.8545
vn -0.8113 -0.5846 0.0057
vn 0.5720 0.0220 0.8200
vn -0.2598 -0.4560 0.8512
vn -0.5743 -0.0348 -0.8179
vn -0.1785 -0.5391 0.8231
vn -0.1847 -0.5395 0.8215
vn -0.1190 -0.5922 -0.7970
vn -0.1190 -0.5921 -0.7970
vn -0.2309 -0.4962 0.8370
vn -0.2307 -0.4963 0.8369
vn 0.4051 0.2759 0.8716
vn -0.1110 -0.6081 -0.7860
vn -0.0714 -0.6379 -0.7668
vn 0.5074 0.1408 -0.8501
vn -0.5016 -0.1619 0.8498
vn -0.2222 -0.5137 0.8287
vn 0.2824 0.4085 -0.8680
vn 0.2824 0.4084 -0.8680
vn -0.2792 -0.4088 0.8689
vn -0.9572 -0.0428 0.2863
vn -0.9572 -0.0428 0.2862
vn 0.2661 0.5054 -0.8208
vn 0.2596 0.5573 -0.7887
vn 0.2526 0.5851 -0.7706
vn -0.2538 -0.5794 0.7745
vn -0.2537 -0.5797 0.7743
vn -0.2536 -0.5799 0.7742
vn -0.2537 -0.5796 0.7744
vn -0.9592 -0.2317 0.1623
vn -0.9591 -0.2317 0.1623
vn -0.9637 -0.1703 0.2055
vn 0.2308 0.6925 -0.6835
vn 0.7272 -0.5079 0.4617
vn -0.2257 -0.6751 0.7024
vn 0.2153 0.7495 -0.6260
vn 0.2153 0.7495 -0.6261
vn -0.2168 -0.6984 0.6820
vn -0.2168 -0.6981 0.6824
vn 0.1984 0.7915 -0.5781
vn 0.1868 0.8070 -0.5602
vn 0.1896 0.8033 -0.5646
vn 0.1865 0.8293 -0.5268
vn -0.7001 0.3471 -0.6240
vn -0.9557 -0.0269 0.2931
vn -0.7064 0.3689 -0.6041
vn -0.6718 0.2069 -0.7112
vn 0.9631 0.1830 -0.1975
vn -0.9593 -0.0435 0.2791
vn -0.9652 -0.1953 0.1739
vn 0.6885 -0.2449 0.6826
vn -0.7130 0.3896 -0.5830
vn -0.7130 0.3895 -0.5830
vn -0.9638 -0.1033 0.2458
vn -0.2644 -0.4798 0.8366
vn -0.7128 0.3784 -0.5905
vn 0.7144 -0.3684 0.5949
vn -0.9644 -0.1676 0.2045
vn -0.7114 0.3595 -0.6039
vn 0.7145 -0.3731 0.5919
vn -0.7187 0.4148 -0.5580
vn 0.9651 0.1521 -0.2134
vn -0.7225 0.4627 -0.5137
vn -0.2412 -0.6043 0.7594
vn -0.7218 0.4756 -0.5029
vn -0.9625 -0.1647 0.2157
vn 0.9584 0.0368 -0.2829
vn -0.7255 0.4994 -0.4735
vn -0.9585 -0.0507 0.2804
vn 0.9566 0.0160 -0.2911
vn 0.9566 0.0160 -0.2910
vn 0.9565 0.0160 -0.2911
vn -0.7286 0.4849 -0.4838
vn -0.9480 -0.2902 0.1309
vn -0.1902 -0.7766 0.6006
vn 0.7239 -0.5261 0.4464
vn -0.7220 0.5840 -0.3711
vn 0.9696 0.1160 -0.2154
vn -0.7285 0.5323 -0.4312
vn 0.9603 0.0378 -0.2763
vn -0.7619 0.3611 -0.5377
vn -0.7683 0.3111 -0.5594
vn -0.7332 0.4204 -0.5345
vn -0.7362 0.4163 -0.5336
vn -0.7363 0.4162 -0.5336
vn -0.7362 0.4162 -0.5336
vn -0.2244 -0.6085 0.7612
vn 0.5428 -0.7332 0.4096
vn 0.5429 -0.7330 0.4099
vn -0.3359 -0.5496 0.7649
vn -0.4827 0.8146 -0.3216
vn -0.4828 0.8146 -0.3216
vn -0.4828 0.8145 -0.3216
vn -0.4603 0.8293 -0.3170
vn -0.4449 0.8470 -0.2910
vn -0.4309 0.8514 -0.2991
vn -0.8404 0.3082 0.4458
vn -0.8404 0.3081 0.4458
vn -0.8721 0.2300 0.4319
vn 0.1703 0.3103 -0.9353
vn -0.8839 0.2153 0.4153
vn -0.3531 -0.5536 0.7542
vn -0.9311 0.0583 0.3602
vn -0.3795 -0.6085 0.6969
vn -0.3619 -0.5855 0.7254
vn -0.3619 -0.5854 0.7255
vn 0.5235 -0.7559 0.3931
vn -0.9275 0.0562 0.3695
vn 0.4255 0.6907 -0.5848
vn 0.4255 0.6907 -0.5847
vn 0.4187 0.6746 -0.6080
vn -0.8608 0.2395 0.4491
vn -0.0622 -0.3680 -0.9277
vn -0.0619 -0.3680 -0.9278
vn 0.1977 -0.9717 -0.1295
vn -0.1712 -0.4105 -0.8956
vn -0.1795 -0.4090 -0.8947
vn -0.1794 -0.4090 -0.8947
vn 0.3774 -0.8879 -0.2629
vn -0.2106 -0.4152 -0.8850
vn 0.3145 0.4475 0.8371
vn 0.2823 0.4502 0.8471
vn 0.3293 0.4648 0.8219
vn -0.2895 -0.4479 -0.8459
vn 0.3689 0.4682 0.8029
vn 0.2043 -0.9681 -0.1448
vn -0.3766 -0.4821 -0.7910
vn 0.4319 0.4887 0.7581
vn 0.4463 0.4931 0.7468
vn 0.4463 0.4931 0.7467
vn 0.1117 -0.9905 -0.0808
vn -0.4707 -0.5102 -0.7198
vn 0.6139 0.5071 0.6049
vn 0.6478 0.5164 0.5600
vn 0.6419 0.5221 0.5616
vn 0.6797 0.5236 0.5136
vn -0.6539 0.4638 -0.5978
vn 0.3271 -0.5187 0.7899
vn -0.3416 0.5327 -0.7743
vn 0.4455 -0.5153 0.7321
vn -0.2673 0.9426 0.2002
vn 0.3445 -0.9084 -0.2369
vn 0.1520 -0.9826 -0.1063
vn -0.1787 -0.4204 -0.8896
vn -0.6361 0.4909 -0.5954
vn -0.6360 0.4909 -0.5954
vn -0.0003 1.0000 0.0097
vn 0.3270 -0.9153 -0.2350
vn 0.3269 -0.9154 -0.2350
vn -0.6269 0.4856 -0.6092
vn -0.2409 0.9543 0.1768
vn -0.2409 0.9543 0.1767
vn -0.2408 0.9544 0.1766
vn -0.0655 0.9963 0.0563
vn 0.5575 -0.4953 0.6662
vn 0.5581 -0.4950 0.6659
vn -0.5578 0.4979 -0.6641
vn 0.2288 -0.9592 -0.1660
vn -0.5824 0.4932 -0.6462
vn -0.0194 -0.9995 0.0251
vn -0.0193 -0.9995 0.0251
vn -0.3689 -0.4794 -0.7963
vn -0.4369 0.5163 -0.7366
vn 0.1262 0.9882 -0.0867
vn -0.0082 -1.0000 0.0044
vn -0.4024 0.5188 -0.7543
vn -0.1262 -0.9876 0.0935
vn -0.2890 0.5187 -0.8046
vn -0.2887 0.5185 -0.8049
vn -0.2888 0.5186 -0.8048
vn -0.2891 0.5188 -0.8045
vn 0.4060 -0.5226 0.7497
vn 0.0268 0.9995 -0.0150
vn 0.5552 -0.4985 0.6658
vn -0.1199 0.9890 0.0871
vn -0.1200 0.9889 0.0872
vn -0.4038 0.5127 -0.7577
vn -0.4538 -0.4968 -0.7398
vn -0.5764 0.4923 -0.6522
vn -0.0495 -0.9980 0.0393
vn 0.0206 0.9996 -0.0186
vn 0.0205 0.9996 -0.0183
vn 0.5835 -0.4970 0.6423
vn 0.2245 0.9607 -0.1633
vn -0.0359 -0.9991 0.0211
vn -0.5940 0.4888 -0.6389
vn 0.6144 -0.4908 0.6177
vn -0.0632 -0.9972 0.0390
vn 0.0445 0.9982 -0.0393
vn 0.2270 0.9583 -0.1737
vn 0.6228 -0.4944 0.6064
vn -0.1088 -0.9398 -0.3239
vn 0.7479 -0.4557 -0.4827
vn -0.1068 -0.9383 -0.3289
vn 0.1074 0.9342 0.3401
vn 0.7325 -0.4511 -0.5098
vn 0.7325 -0.4511 -0.5099
vn -0.7285 0.4515 0.5152
vn -0.7285 0.4515 0.5153
vn -0.7284 0.4515 0.5153
vn -0.0246 -0.4772 -0.8785
vn 0.1581 0.4800 -0.8629
vn 0.1579 0.4801 -0.8629
vn -0.1455 -0.4786 0.8659
vn -0.1507 -0.4780 0.8653
vn -0.0275 -0.5001 0.8655
vn -0.0274 -0.5001 0.8655
vn 0.0218 -0.5062 0.8621
vn 0.0219 -0.5062 0.8621
vn 0.0220 -0.5062 0.8621
vn -0.0963 0.5250 -0.8456
vn -0.0967 0.5252 -0.8454
vn 0.4342 0.3931 0.8105
vn -0.1791 0.5232 -0.8332
vn -0.1849 0.5305 -0.8273
vn -0.1849 0.5305 -0.8272
vn -0.2066 0.5213 -0.8280
vn -0.2066 0.5213 -0.8279
vn 0.0835 -0.5080 -0.8573
vn -0.4634 -0.8859 -0.0204
vn -0.4630 -0.8861 -0.0199
vn -0.4632 -0.8860 -0.0201
vn -0.4633 -0.8860 -0.0202
vn -0.0745 0.5180 0.8521
vn -0.0745 0.5180 0.8522
vn -0.0222 -0.4876 -0.8728
vn -0.3377 -0.9412 -0.0108
vn -0.3413 -0.4212 0.8403
vn -0.0346 -0.4959 -0.8677
vn -0.0350 -0.4956 -0.8678
vn 0.0519 0.5018 0.8634
vn -0.2917 -0.9565 -0.0014
vn -0.1841 -0.7621 -0.6207
vn -0.1841 -0.7622 -0.6207
vn 0.2935 0.9560 -0.0013
vn 0.2934 0.9560 -0.0012
vn -0.2453 -0.8924 -0.3788
vn 0.1851 0.4746 0.8605
vn 0.1850 0.4746 0.8606
vn -0.3719 -0.4108 -0.8324
vn -0.2143 -0.7513 -0.6242
vn -0.2144 -0.7513 -0.6242
vn 0.1658 0.4767 0.8633
vn -0.3082 -0.4338 -0.8467
vn -0.4760 -0.8794 0.0061
vn -0.4758 -0.8795 0.0062
vn 0.3827 0.4104 0.8277
vn -0.2452 -0.8873 -0.3907
vn -0.2451 -0.8873 -0.3907
vn -0.2450 -0.8873 -0.3907
vn 0.2542 0.9671 0.0020
vn 0.2542 0.9672 0.0020
vn -0.1753 -0.5404 -0.8230
vn -0.3966 -0.9180 0.0044
vn 0.4187 0.9081 -0.0014
vn -0.2034 -0.9575 -0.2046
vn 0.2015 0.4671 0.8609
vn -0.3662 -0.4171 -0.8318
vn -0.3664 -0.4169 -0.8318
vn -0.3663 -0.4170 -0.8318
vn 0.3787 0.4135 0.8280
vn 0.3788 0.4135 0.8280
vn 0.3789 0.4135 0.8279
vn -0.2068 -0.4679 -0.8592
vn 0.2091 0.4655 0.8600
vn -0.3577 -0.9338 0.0026
vn 0.3703 0.9289 0.0023
vn 0.1917 0.9814 -0.0029
vn 0.1917 0.9815 -0.0029
vn 0.3578 0.9338 0.0076
vn -0.1620 -0.9868 0.0035
vn 0.2674 0.4493 0.8524
vn -0.3328 -0.9430 0.0063
vn -0.3327 -0.9430 0.0062
vn 0.1043 -0.5099 0.8539
vn 0.1050 -0.5099 0.8538
vn -0.2053 -0.4817 -0.8519
vn 0.1754 0.9844 0.0132
vn 0.1755 0.9844 0.0132
vn -0.1492 -0.4934 -0.8569
vn -0.7743 0.4879 -0.4029
vn -0.7914 0.4944 -0.3595
vn 0.8469 -0.5210 0.1065
vn -0.8882 -0.4563 -0.0541
vn -0.8769 -0.4718 -0.0924
vn -0.8788 -0.4732 -0.0616
vn -0.0254 -0.9941 0.1057
vn -0.0316 -0.9898 0.1389
vn 0.8259 -0.3942 -0.4032
vn -0.7482 0.4378 0.4986
vn 0.3260 0.4681 -0.8214
vn 0.6721 -0.4750 -0.5681
vn 0.6721 -0.4750 -0.5680
vn -0.6344 0.4843 0.6025
vn 0.3739 -0.8874 0.2697
vn -0.3002 0.9272 -0.2239
vn -0.3004 0.9272 -0.2239
vn 0.5927 -0.4891 -0.6399
vn 0.6138 -0.4804 -0.6265
vn 0.3268 -0.9169 0.2292
vn -0.4591 0.5059 0.7303
vn -0.4596 0.5059 0.7299
vn 0.4324 -0.5250 -0.7331
vn 0.4096 -0.5328 -0.7405
vn 0.4096 -0.5328 -0.7406
vn 0.3633 -0.5037 -0.7838
vn 0.4033 -0.8671 0.2923
vn -0.4862 -0.4905 0.7232
vn 0.5464 0.5219 -0.6551
vn 0.5464 0.5219 -0.6550
vn 0.5853 0.5300 -0.6136
vn 0.6018 0.5289 -0.5985
vn -0.5113 -0.5022 0.6974
vn 0.3485 0.4731 -0.8092
vn 0.3485 0.4731 -0.8091
vn 0.3931 -0.8748 0.2832
vn 0.1829 -0.9737 0.1359
vn 0.6899 -0.4607 -0.5584
vn -0.3476 0.9030 -0.2526
vn -0.1187 0.9903 -0.0729
vn -0.1187 0.9902 -0.0729
vn 0.2724 -0.9413 0.1994
vn -0.2607 -0.4378 0.8605
vn -0.0139 -0.9998 -0.0145
vn 0.6338 -0.4817 -0.6052
vn 0.0610 -0.9968 0.0509
vn -0.1979 0.9692 -0.1465
vn 0.6785 -0.4574 -0.5749
vn 0.4519 0.4953 -0.7420
vn 0.4518 0.4953 -0.7420
vn 0.2887 -0.9347 0.2075
vn 0.3029 0.4612 -0.8340
vn -0.2222 -0.4243 0.8778
vn 0.3664 -0.8943 0.2570
vn -0.1815 -0.4118 0.8930
vn 0.2291 0.9581 0.1718
vn 0.6469 0.5175 -0.5601
vn -0.1058 -0.3878 0.9156
vn 0.6879 0.5169 -0.5095
vn 0.6880 0.5169 -0.5095
vn -0.0852 -0.3897 0.9170
vn 0.2027 -0.9724 0.1154
vn 0.1044 0.3808 -0.9187
vn 0.3129 -0.9299 0.1931
vn 0.2978 -0.5145 -0.8041
vn 0.0404 0.9950 -0.0917
vn -0.0305 -0.9911 0.1295
vn -0.0307 -0.9911 0.1296
vn -0.0305 -0.9911 0.1294
vn -0.0306 -0.9911 0.1295
vn 0.1166 0.9400 -0.3206
vn 0.1166 0.9400 -0.3207
vn 0.1166 0.9399 -0.3208
vn 0.1452 0.9024 -0.4056
vn -0.6999 -0.5299 -0.4788
vn -0.0323 -0.9925 0.1178
vn 0.7313 -0.4436 0.5181
vn 0.7309 -0.4437 0.5186
vn -0.7167 0.4455 -0.5366
vn -0.5657 0.3572 -0.7432
vn 0.7740 0.5077 0.3784
vn -0.6537 0.4047 -0.6394
vn -0.6584 0.3957 -0.6403
vn -0.8520 -0.4985 -0.1598
vn -0.8521 -0.4984 -0.1598
vn -0.8521 -0.4985 -0.1598
vn -0.6561 0.3946 -0.6432
vn -0.6561 0.3946 -0.6433
vn 0.1253 0.9874 -0.0971
vn 0.1253 0.9873 -0.0972
vn 0.1253 0.9874 -0.0972
vn 0.1303 0.9869 -0.0952
vn 0.0712 0.9960 -0.0534
vn 0.0712 0.9960 -0.0535
vn 0.0560 0.9976 -0.0415
vn -0.0797 0.9944 0.0689
vn 0.1974 -0.9679 -0.1556
vn 0.2228 -0.9591 -0.1744
vn 0.7270 -0.4475 0.5208
vn 0.4572 0.5059 0.7315
vn 0.4567 0.5058 0.7319
vn 0.4849 0.5106 0.7100
vn 0.5011 0.5155 0.6951
vn 0.5262 0.5165 0.6755
vn 0.6125 0.5182 0.5969
vn -0.1736 -0.4044 -0.8980
vn 0.7263 -0.4399 0.5282
vn -0.1909 -0.4160 -0.8891
vn -0.1908 -0.4160 -0.8891
vn 0.5167 0.4970 0.6971
vn -0.4544 0.5126 -0.7285
vn -0.1697 -0.4106 -0.8959
vn -0.4024 0.0523 -0.9140
vn -0.4023 0.0523 -0.9140
vn 0.2907 -0.9353 -0.2016
vn -0.3885 0.0103 -0.9214
vn -0.4055 0.0539 -0.9125
vn -0.4056 0.0539 -0.9125
vn 0.7085 -0.4618 0.5336
vn -0.3833 0.0149 -0.9235
vn -0.3830 0.0149 -0.9236
vn 0.0439 -0.9716 0.2327
vn 0.0439 -0.9715 0.2327
vn 0.6620 -0.4080 -0.6287
vn -0.7071 -0.5328 0.4649
vn -0.7069 -0.5328 0.4652
vn 0.5415 -0.3326 -0.7721
vn 0.8222 0.4953 -0.2803
vn -0.1290 -0.9053 -0.4047
vn -0.1290 -0.9054 -0.4046
vn -0.1290 -0.9053 -0.4046
vn -0.8535 -0.4761 0.2119
vn -0.8586 -0.4850 0.1663
vn -0.8585 -0.4850 0.1663
vn 0.6969 -0.4231 -0.5791
vn 0.7288 0.5190 -0.4466
vn -0.8005 0.4908 0.3440
vn -0.8739 -0.4771 0.0932
vn -0.0796 -0.9573 -0.2777
vn -0.0796 -0.9575 -0.2774
vn -0.0796 -0.9574 -0.2775
vn 0.6414 -0.3926 -0.6591
vn -0.5757 0.3577 0.7352
vn -0.7668 0.4539 0.4539
vn -0.5516 0.3413 0.7611
vn 0.6503 -0.4064 -0.6418
vn -0.8892 -0.4572 0.0175
vn 0.6578 -0.4124 -0.6303
vn -0.7445 -0.5307 0.4051
vn -0.1286 -0.8933 -0.4307
vn 0.3653 -0.9309 -0.0000
vn 0.3369 -0.9415 0.0001
vn 0.3353 -0.9421 -0.0079
vn 0.2079 -0.5176 -0.8300
vn 0.2082 -0.5177 -0.8298
vn 0.2085 -0.5177 -0.8298
vn 0.2082 -0.5177 -0.8299
vn -0.0642 0.9979 -0.0041
vn 0.0664 -0.9978 0.0002
vn 0.0133 0.9999 -0.0080
vn -0.0919 -0.9958 -0.0024
vn 0.1312 0.9913 -0.0083
vn -0.1181 -0.9930 -0.0066
vn -0.1623 -0.9867 -0.0057
vn -0.1624 -0.9867 -0.0057
vn 0.4349 0.9000 -0.0296
vn 0.1955 -0.5265 -0.8274
vn 0.2327 -0.5250 -0.8187
vn 0.2710 -0.5114 0.8155
vn 0.0550 0.5208 0.8519
vn -0.0853 -0.5116 -0.8550
vn -0.2100 0.5291 0.8221
vn -0.2323 0.5255 -0.8185
vn 0.0560 0.5050 -0.8613
vn 0.0558 0.5050 -0.8613
vn 0.0556 0.5050 -0.8613
vn 0.0559 0.5050 -0.8613
vn -0.0914 -0.4871 0.8685
vn 0.1225 -0.9925 0.0043
vn 0.0487 0.5026 0.8631
vn 0.0487 0.5026 0.8632
vn 0.0486 0.5025 0.8632
vn 0.0488 0.5026 0.8631
vn 0.1817 -0.5205 0.8343
vn -0.0498 0.5269 -0.8485
vn 0.2192 -0.5228 0.8238
vn 0.0643 -0.9979 -0.0067
vn -0.1974 0.5245 -0.8282
vn -0.3264 -0.4413 -0.8359
vn 0.2204 -0.5284 0.8199
vn 0.2421 -0.5276 0.8143
vn 0.5683 0.3327 0.7526
vn 0.1180 -0.5435 0.8311
vn -0.6719 -0.7024 -0.2351
vn -0.1760 -0.8061 0.5651
vn 0.8667 0.4972 0.0403
vn -0.8364 -0.5409 -0.0882
vn -0.8364 -0.5410 -0.0882
vn -0.8713 -0.4895 -0.0363
vn -0.8712 -0.4895 -0.0363
vn -0.8712 -0.4896 -0.0363
vn 0.9460 0.3041 -0.1120
vn -0.9485 -0.2957 0.1132
vn 0.9516 0.2776 -0.1316
vn 0.9513 0.2791 -0.1309
vn -0.9549 -0.2642 0.1354
vn 0.9557 0.2574 -0.1424
vn 0.9558 0.2574 -0.1424
vn -0.9543 -0.2727 0.1222
vn -0.9543 -0.2726 0.1222
vn -0.9588 -0.2465 0.1410
vn -0.1501 -0.8383 0.5241
vn 0.6393 -0.1117 0.7608
vn 0.6820 -0.1736 0.7105
vn -0.1752 -0.7995 0.5745
vn 0.6800 -0.2126 0.7018
vn 0.6800 -0.2126 0.7017
vn 0.6799 -0.2126 0.7018
vn 0.2159 0.7326 -0.6455
vn -0.2083 -0.7235 0.6582
vn -0.2084 -0.7234 0.6583
vn -0.2083 -0.7234 0.6582
vn -0.6800 0.2415 -0.6923
vn -0.2223 -0.7012 0.6774
vn 0.2132 0.7194 -0.6610
vn 0.7257 -0.5212 0.4492
vn 0.1799 0.8091 -0.5595
vn 0.1798 0.8090 -0.5597
vn 0.1798 0.8089 -0.5598
vn 0.1799 0.8092 -0.5593
vn -0.2177 -0.7146 0.6648
vn -0.7243 0.4668 -0.5074
vn 0.7261 -0.5006 0.4714
vn -0.7216 0.5250 -0.4513
vn -0.2108 -0.7356 0.6438
vn 0.1926 0.7675 -0.6115
vn -0.6856 0.4865 -0.5416
vn 0.7050 -0.4653 0.5352
vn 0.7180 -0.4533 0.5282
vn 0.7108 -0.4511 0.5397
vn 0.7778 -0.3819 0.4992
vn -0.0902 -0.1443 -0.9854
vn -0.0901 -0.1442 -0.9854
vn 0.1318 0.2246 0.9655
vn 0.4909 -0.7939 -0.3589
vn 0.1019 0.1789 0.9786
vn 0.6572 -0.5808 -0.4804
vn -0.6625 0.5771 0.4775
vn -0.0292 -0.6658 0.7456
vn -0.0500 -0.6514 0.7571
vn 0.5419 0.1165 0.8323
vn -0.5966 -0.8023 -0.0210
vn -0.5965 -0.8023 -0.0210
vn 0.7137 -0.3481 -0.6078
vn 0.7137 -0.3482 -0.6077
vn 0.7137 -0.3483 -0.6077
vn 0.7179 -0.3347 -0.6104
vn -0.1605 -0.8434 -0.5127
vn -0.1655 -0.8406 -0.5157
vn -0.1655 -0.8405 -0.5159
vn 0.0486 0.9986 -0.0203
vn 0.1237 0.9920 -0.0264
vn 0.1322 0.9881 -0.0781
vn 0.0939 0.9849 -0.1458
vn 0.2880 0.9572 -0.0297
vn 0.2057 0.9701 -0.1287
vn 0.1326 0.9736 -0.1860
vn 0.1244 0.9618 -0.2437
vn 0.1942 0.9651 -0.1759
vn 0.2029 0.9610 -0.1882
vn 0.0341 0.9873 -0.1554
vn -0.0103 0.9954 -0.0950
vn -0.0288 0.9953 -0.0926
vn -0.1129 0.9832 -0.1438
vn 0.0091 0.9749 -0.2224
vn 0.0381 0.9653 -0.2584
vn 0.0042 0.9749 -0.2226
vn -0.1148 0.9745 -0.1928
vn 0.0426 0.9467 -0.3194
vn 0.0349 0.9524 -0.3027
vn -0.1565 0.9612 -0.2272
vn -0.2251 0.9540 -0.1979
vn -0.2225 0.9541 -0.2006
vn 0.0188 0.9480 -0.3178
vn -0.1576 0.9343 -0.3197
vn -0.1485 0.9679 -0.2029
vn -0.1691 0.9825 -0.0785
vn -0.2439 0.9571 -0.1567
vn -0.1140 0.9934 0.0113
vn -0.1151 0.9933 0.0078
vn -0.0978 0.9948 0.0272
vn -0.1743 0.9799 0.0966
vn -0.1650 0.9844 0.0615
vn -0.1784 0.9807 -0.0796
vn -0.2326 0.9706 -0.0622
vn -0.2366 0.9668 0.0962
vn -0.2366 0.9600 0.1498
vn -0.2253 0.9672 -0.1176
vn -0.2486 0.9452 0.2115
vn 0.0002 0.9983 0.0590
vn -0.0252 0.9968 0.0764
vn -0.0274 0.9942 0.1043
vn 0.0442 0.9836 0.1748
vn -0.0881 0.9793 0.1822
vn 0.0658 0.9741 0.2165
vn -0.1493 0.9725 0.1789
vn -0.1435 0.9728 0.1819
vn -0.1760 0.9677 0.1805
vn -0.1773 0.9209 0.3471
vn -0.2575 0.9268 0.2735
vn -0.1853 0.9306 0.3157
vn -0.1528 0.9394 0.3069
vn -0.3097 0.9044 0.2936
vn -0.2799 0.9147 0.2915
vn -0.2730 0.9055 0.3249
vn -0.3379 0.8821 0.3283
vn 0.0620 0.9813 0.1822
vn 0.0506 0.9715 0.2317
vn 0.1301 0.9889 0.0718
vn 0.1357 0.9907 -0.0106
vn 0.1544 0.9866 0.0528
vn 0.1903 -0.9676 -0.1659
vn 0.0622 -0.9966 -0.0549
vn 0.2904 -0.9197 -0.2641
vn 0.2512 -0.9208 -0.2982
vn 0.1915 -0.9418 -0.2763
vn 0.1911 -0.9420 -0.2760
vn 0.1722 -0.9730 -0.1538
vn 0.1205 -0.9453 -0.3032
vn 0.1400 -0.9780 -0.1548
vn 0.0539 -0.9721 -0.2285
vn 0.0960 -0.9508 -0.2945
vn 0.0617 -0.9939 -0.0918
vn -0.0908 -0.9874 -0.1297
vn -0.0600 -0.9981 -0.0103
vn -0.1226 -0.9787 -0.1644
vn -0.1375 -0.9646 -0.2250
vn -0.2413 -0.9586 -0.1511
vn -0.0589 -0.9928 -0.1044
vn -0.1339 -0.9819 -0.1342
vn -0.1731 -0.9788 -0.1091
vn -0.2277 -0.9648 -0.1319
vn -0.3029 -0.9525 -0.0334
vn -0.0737 -0.9973 0.0015
vn -0.2958 -0.9551 -0.0190
vn -0.1739 -0.9848 0.0043
vn -0.2735 -0.9618 0.0112
vn -0.3076 -0.9465 0.0975
vn -0.4134 -0.9066 0.0843
vn -0.3102 -0.9311 0.1920
vn -0.2513 -0.9677 0.0180
vn -0.2468 -0.9606 0.1275
vn -0.2774 -0.9564 0.0913
vn -0.1631 -0.9866 -0.0083
vn -0.0690 -0.9927 0.0987
vn -0.0509 -0.9901 0.1305
vn -0.0130 -0.9955 0.0936
vn -0.0988 -0.9772 0.1880
vn -0.0913 -0.9672 0.2369
vn 0.3582 -0.8997 -0.2495
vn 0.2942 -0.9325 -0.2094
vn 0.4116 -0.9097 -0.0550
vn 0.3640 -0.9267 -0.0936
vn 0.3056 -0.9469 -0.0999
vn 0.2699 -0.9504 -0.1549
vn 0.3892 -0.9210 -0.0161
vn 0.3207 -0.9466 0.0322
vn 0.2746 -0.9608 -0.0393
vn 0.1873 -0.9818 -0.0306
vn 0.3186 -0.9451 0.0735
vn 0.3245 -0.9443 0.0544
vn 0.1649 -0.9863 -0.0096
vn 0.3150 -0.9391 0.1373
vn 0.2653 -0.9573 0.1148
vn 0.2574 -0.9591 0.1175
vn 0.3511 -0.9176 0.1863
vn 0.1631 -0.9855 0.0465
vn 0.2158 -0.9583 0.1874
vn 0.0252 -0.9995 -0.0182
vn -0.0475 -0.9551 0.2924
vn -0.0503 -0.9512 0.3045
vn -0.0336 -0.9629 0.2678
vn 0.0933 -0.9224 0.3749
vn 0.0750 -0.9304 0.3589
vn 0.0043 -0.9689 0.2473
vn 0.0554 -0.9646 0.2579
vn -0.0080 -0.9900 0.1406
vn 0.1301 -0.9642 0.2309
vn 0.0546 -0.9926 0.1080
vn 0.1441 -0.9680 0.2057
vn 0.0947 -0.9889 0.1145
vn 0.2774 -0.9283 0.2476
vn 0.2850 -0.9251 0.2508
vn -0.0487 -0.9986 0.0203
vn -0.1239 -0.9919 0.0263
vn -0.1323 -0.9881 0.0780
vn -0.0940 -0.9848 0.1458
vn -0.2947 -0.9551 0.0305
vn -0.2058 -0.9700 0.1291
vn -0.1329 -0.9735 0.1861
vn -0.1245 -0.9618 0.2437
vn -0.1944 -0.9650 0.1760
vn -0.2032 -0.9608 0.1886
vn -0.0341 -0.9872 0.1555
vn 0.0102 -0.9954 0.0951
vn 0.0288 -0.9953 0.0927
vn 0.1130 -0.9831 0.1438
vn -0.0091 -0.9749 0.2226
vn -0.0380 -0.9652 0.2587
vn -0.0055 -0.9748 0.2228
vn 0.1149 -0.9745 0.1930
vn -0.0425 -0.9466 0.3197
vn -0.0349 -0.9523 0.3031
vn 0.1568 -0.9611 0.2275
vn 0.2256 -0.9539 0.1979
vn 0.2228 -0.9540 0.2007
vn -0.0191 -0.9478 0.3182
vn 0.1580 -0.9330 0.3234
vn 0.1488 -0.9678 0.2031
vn 0.1691 -0.9825 0.0784
vn 0.2443 -0.9570 0.1566
vn 0.1142 -0.9934 -0.0113
vn 0.1153 -0.9933 -0.0075
vn 0.0981 -0.9948 -0.0272
vn 0.1748 -0.9798 -0.0970
vn 0.1651 -0.9844 -0.0607
vn 0.1793 -0.9806 0.0796
vn 0.2353 -0.9699 0.0620
vn 0.2380 -0.9664 -0.0974
vn 0.2381 -0.9597 -0.1493
vn 0.2255 -0.9671 0.1174
vn 0.2485 -0.9453 -0.2114
vn 0.0002 -0.9982 -0.0594
vn 0.0252 -0.9968 -0.0764
vn 0.0274 -0.9941 -0.1046
vn -0.0451 -0.9834 -0.1757
vn 0.0878 -0.9794 -0.1821
vn -0.0656 -0.9740 -0.2167
vn 0.1498 -0.9724 -0.1787
vn 0.1435 -0.9728 -0.1820
vn 0.1765 -0.9676 -0.1804
vn 0.1774 -0.9203 -0.3487
vn 0.2579 -0.9266 -0.2737
vn 0.1851 -0.9305 -0.3160
vn 0.1525 -0.9393 -0.3072
vn 0.3098 -0.9043 -0.2938
vn 0.2800 -0.9147 -0.2914
vn 0.2730 -0.9053 -0.3255
vn 0.3380 -0.8820 -0.3284
vn -0.0618 -0.9812 -0.1827
vn -0.0507 -0.9714 -0.2319
vn -0.1311 -0.9888 -0.0714
vn -0.1360 -0.9907 0.0103
vn -0.1546 -0.9865 -0.0532
vn -0.1903 0.9676 0.1659
vn -0.0623 0.9965 0.0549
vn -0.2908 0.9196 0.2642
vn -0.2514 0.9207 0.2986
vn -0.1915 0.9417 0.2767
vn -0.1909 0.9420 0.2762
vn -0.1722 0.9730 0.1538
vn -0.1204 0.9452 0.3036
vn -0.1396 0.9780 0.1548
vn -0.0537 0.9720 0.2287
vn -0.0958 0.9508 0.2948
vn -0.0618 0.9938 0.0920
vn 0.0912 0.9872 0.1307
vn 0.0599 0.9982 0.0104
vn 0.1225 0.9787 0.1647
vn 0.1376 0.9642 0.2268
vn 0.2422 0.9583 0.1518
vn 0.0585 0.9928 0.1046
vn 0.1337 0.9818 0.1346
vn 0.1731 0.9788 0.1094
vn 0.2283 0.9645 0.1325
vn 0.3036 0.9522 0.0330
vn 0.0740 0.9973 -0.0018
vn 0.2973 0.9546 0.0203
vn 0.1740 0.9847 -0.0043
vn 0.2741 0.9616 -0.0111
vn 0.3080 0.9464 -0.0972
vn 0.4123 0.9071 -0.0849
vn 0.3096 0.9310 -0.1934
vn 0.2511 0.9678 -0.0182
vn 0.2476 0.9606 -0.1263
vn 0.2766 0.9565 -0.0923
vn 0.1632 0.9866 0.0082
vn 0.0690 0.9927 -0.0992
vn 0.0513 0.9901 -0.1305
vn 0.0174 0.9951 -0.0969
vn 0.0989 0.9770 -0.1888
vn 0.0916 0.9672 -0.2369
vn -0.3602 0.8981 0.2522
vn -0.2944 0.9323 0.2101
vn -0.4121 0.9095 0.0550
vn -0.3644 0.9265 0.0935
vn -0.3057 0.9468 0.1000
vn -0.2700 0.9503 0.1548
vn -0.3897 0.9208 0.0165
vn -0.3209 0.9465 -0.0325
vn -0.2746 0.9607 0.0394
vn -0.1872 0.9818 0.0306
vn -0.3188 0.9449 -0.0740
vn -0.3248 0.9442 -0.0545
vn -0.1648 0.9863 0.0096
vn -0.3152 0.9390 -0.1373
vn -0.2659 0.9572 -0.1148
vn -0.2575 0.9591 -0.1175
vn -0.3514 0.9175 -0.1862
vn -0.1631 0.9855 -0.0464
vn -0.2157 0.9583 -0.1876
vn -0.0252 0.9995 0.0183
vn 0.0478 0.9551 -0.2924
vn 0.0507 0.9510 -0.3049
vn 0.0340 0.9628 -0.2680
vn -0.0942 0.9213 -0.3773
vn -0.0756 0.9297 -0.3606
vn -0.0041 0.9689 -0.2475
vn -0.0556 0.9645 -0.2581
vn 0.0081 0.9900 -0.1407
vn -0.1300 0.9642 -0.2312
vn -0.0545 0.9926 -0.1081
vn -0.1441 0.9679 -0.2058
vn -0.0947 0.9889 -0.1146
vn -0.2783 0.9278 -0.2483
vn -0.2851 0.9250 -0.2512
vn -0.9538 -0.0363 -0.2981
vn 0.9501 -0.0180 -0.3114
vn -0.5983 0.0395 -0.8003
vn -0.6064 0.0513 -0.7935
vn 0.7848 -0.2295 -0.5756
vn 0.7796 -0.2649 -0.5675
vn 0.8853 -0.2036 0.4182
vn 0.7892 -0.2130 -0.5760
vn 0.9088 -0.1284 0.3970
vn -0.1174 -0.1741 -0.9777
vn -0.2955 -0.2439 -0.9237
vn -0.2911 -0.2919 -0.9111
vn -0.3035 -0.2601 -0.9166
vn -0.3035 -0.2601 -0.9167
vn 0.6984 -0.2456 -0.6722
vn 0.6563 -0.1340 -0.7425
vn -0.9582 -0.2546 -0.1303
vn -0.9582 -0.2545 -0.1304
vn 0.6871 -0.2447 -0.6841
vn 0.6871 -0.2448 -0.6841
vn -0.9639 -0.0587 -0.2596
vn -0.2953 -0.3044 -0.9056
vn -0.9669 -0.2010 -0.1570
vn -0.9887 -0.1499 0.0019
vn -0.9837 -0.1796 0.0018
vn -0.9742 -0.2259 0.0013
vn -0.9741 -0.2259 0.0013
vn -0.9758 -0.2186 -0.0010
vn -0.9716 -0.2367 -0.0044
vn -0.9716 -0.2366 -0.0044
vn -0.9716 -0.2365 -0.0045
vn -0.9716 -0.2368 -0.0044
vn -0.5372 -0.0682 0.8407
vn -0.5526 -0.0468 -0.8321
vn -0.4878 -0.1865 0.8528
vn -0.5796 -0.0025 -0.8149
vn -0.5655 -0.0292 0.8242
vn -0.3033 -0.1580 0.9397
vn -0.3017 -0.1947 0.9333
vn -0.2913 -0.3554 0.8882
vn -0.2868 -0.3971 0.8718
vn 0.6469 -0.1009 0.7559
vn -0.9545 -0.0037 0.2981
vn 0.9584 0.2159 -0.1865
vn 0.6555 -0.1365 0.7428
vn 0.6310 -0.0857 0.7710
vn 0.6310 -0.0856 0.7711
vn -0.9302 -0.3631 0.0532
vn 0.6171 -0.0581 0.7847
vn 0.8013 -0.1455 0.5803
vn 0.7938 -0.1754 0.5824
vn 0.9475 0.0027 -0.3198
vn -0.0644 -0.0746 0.9951
vn 0.9443 0.3168 -0.0895
vn -0.9623 -0.1360 0.2356
vn 0.2949 0.3498 -0.8892
vn -0.6422 0.1013 -0.7598
vn 0.2934 0.3204 -0.9007
vn -0.6662 0.1524 -0.7300
vn -0.6255 0.0618 -0.7778
vn -0.6255 0.0619 -0.7778
vn 0.1203 0.1854 -0.9753
vn 0.0847 0.1153 -0.9897
vn 0.0281 0.0339 -0.9990
vn 0.9423 -0.0566 -0.3299
vn -0.7848 0.2370 -0.5726
vn 0.0974 0.1334 -0.9863
vn -0.7783 0.2751 -0.5644
vn -0.8948 0.1686 0.4135
vn -0.8578 0.2574 0.4449
vn -0.8577 0.2576 0.4449
vn -0.7870 0.2424 -0.5673
vn -0.8608 0.2486 -0.4440
vn 0.8683 -0.2444 0.4316
vn 0.8916 -0.2015 0.4056
vn -0.9346 0.0457 -0.3526
vn -0.9347 0.0457 -0.3526
vn -0.9434 0.0082 -0.3315
vn -0.7857 0.2462 0.5675
vn -0.0407 -0.0767 -0.9962
vn 0.1024 0.1500 0.9834
vn 0.0682 0.0784 0.9946
vn 0.0297 0.0310 0.9991
vn -0.8017 0.1091 0.5877
vn -0.7894 0.2048 0.5788
vn -0.7894 0.2049 0.5787
vn -0.7894 0.2050 0.5787
vn -0.7894 0.2046 0.5788
vn 0.3605 0.3600 -0.8605
vn 0.4110 0.2612 -0.8734
vn 0.5483 0.0699 -0.8334
vn 0.9379 0.3470 -0.0019
vn 0.9205 0.3907 -0.0015
vn 0.4704 0.1872 0.8624
vn 0.9423 0.3347 0.0037
vn 0.4450 0.2220 0.8676
vn 0.9446 0.3283 0.0052
vn 0.9445 0.3283 0.0052
vn -0.6985 0.2479 0.6713
vn -0.6985 0.2480 0.6713
vn -0.6784 0.2094 0.7042
vn 0.9656 0.1555 0.2085
vn 0.2912 0.2838 0.9136
vn 0.2874 0.3737 0.8819
vn 0.2988 0.2837 0.9112
vn -0.6142 0.0383 0.7882
vn 0.2982 0.3255 0.8973
vt 0.385798 0.351029
vt 0.406146 0.349154
vt 0.405723 0.370563
vt 0.373621 0.332215
vt 0.387787 0.325860
vt 0.358172 0.306942
vt 0.446818 0.455816
vt 0.454433 0.425991
vt 0.457765 0.458584
vt 0.435633 0.431931
vt 0.475953 0.425462
vt 0.438605 0.396295
vt 0.423519 0.413744
vt 0.468938 0.394549
vt 0.490865 0.402851
vt 0.414032 0.392201
vt 0.494759 0.370267
vt 0.505486 0.380476
vt 0.432620 0.365734
vt 0.454197 0.367049
vt 0.477305 0.350337
vt 0.520924 0.346208
vt 0.517046 0.364128
vt 0.455394 0.342804
vt 0.503922 0.333785
vt 0.431258 0.332760
vt 0.414492 0.313745
vt 0.448478 0.321915
vt 0.465223 0.312160
vt 0.487291 0.317598
vt 0.544169 0.322938
vt 0.509481 0.303267
vt 0.612773 0.425878
vt 0.635284 0.431829
vt 0.630874 0.457241
vt 0.576705 0.369048
vt 0.584981 0.355692
vt 0.591978 0.376694
vt 0.651890 0.441121
vt 0.653347 0.410918
vt 0.623500 0.407067
vt 0.670461 0.403418
vt 0.667614 0.418255
vt 0.599837 0.404716
vt 0.636506 0.382994
vt 0.611326 0.383479
vt 0.661217 0.365959
vt 0.684750 0.363286
vt 0.689354 0.380599
vt 0.617976 0.359439
vt 0.640283 0.342843
vt 0.705158 0.346967
vt 0.698832 0.364183
vt 0.607322 0.339971
vt 0.660219 0.324936
vt 0.682956 0.329110
vt 0.566409 0.350085
vt 0.586650 0.322630
vt 0.709859 0.323298
vt 0.627149 0.314746
vt 0.690324 0.296380
vt 0.814025 0.465182
vt 0.804263 0.439093
vt 0.827327 0.448367
vt 0.820195 0.420792
vt 0.841012 0.419904
vt 0.789773 0.423175
vt 0.799259 0.411259
vt 0.836815 0.388478
vt 0.803350 0.385159
vt 0.781004 0.398018
vt 0.862442 0.389091
vt 0.769734 0.367768
vt 0.811149 0.366875
vt 0.842286 0.363606
vt 0.878974 0.352101
vt 0.785635 0.347088
vt 0.811746 0.345426
vt 0.838249 0.334993
vt 0.860674 0.334823
vt 0.752588 0.337049
vt 0.803886 0.316683
vt 0.825266 0.317424
vt 0.889834 0.308784
vt 0.905256 0.317095
vt 0.775891 0.312383
vt 0.857508 0.307080
vt 0.731469 0.322189
vt 0.740240 0.299277
vt 0.082852 0.450780
vt 0.097209 0.461472
vt 0.090910 0.472382
vt 0.105477 0.439866
vt 0.093168 0.418364
vt 0.062947 0.418076
vt 0.125073 0.402847
vt 0.119319 0.423175
vt 0.072496 0.400899
vt 0.047896 0.386293
vt 0.093791 0.393095
vt 0.105422 0.377943
vt 0.073475 0.377234
vt 0.125811 0.379099
vt 0.139438 0.364277
vt 0.142046 0.383810
vt 0.047641 0.364790
vt 0.091835 0.356129
vt 0.116046 0.358392
vt 0.031250 0.369048
vt 0.070316 0.349304
vt 0.046767 0.338619
vt 0.023746 0.352751
vt 0.114379 0.338073
vt 0.146935 0.335064
vt 0.155640 0.356724
vt 0.166147 0.337235
vt 0.011354 0.319385
vt 0.033028 0.322093
vt 0.093716 0.328713
vt 0.062502 0.318021
vt 0.083113 0.305929
vt 0.144093 0.311099
vt 0.174652 0.305869
vt 0.105046 0.306553
vt 0.123711 0.303272
vt 0.224433 0.388731
vt 0.232139 0.371456
vt 0.237600 0.407877
vt 0.259249 0.440305
vt 0.285622 0.425416
vt 0.277002 0.451165
vt 0.256062 0.407004
vt 0.294299 0.405898
vt 0.263473 0.384819
vt 0.291337 0.377988
vt 0.316685 0.392106
vt 0.312763 0.367784
vt 0.259957 0.365343
vt 0.329329 0.370707
vt 0.215307 0.372924
vt 0.209037 0.354339
vt 0.288757 0.348334
vt 0.337106 0.349746
vt 0.235252 0.340300
vt 0.262602 0.336620
vt 0.332204 0.334149
vt 0.203949 0.325884
vt 0.287573 0.324840
vt 0.314511 0.321507
vt 0.238029 0.313083
vt 0.263759 0.308971
vt 0.216625 0.300302
vt 0.307756 0.294448
vt 0.370348 0.277776
vt 0.396184 0.297018
vt 0.426099 0.177188
vt 0.461198 0.185142
vt 0.435523 0.206698
vt 0.400510 0.267066
vt 0.422837 0.281900
vt 0.398979 0.242563
vt 0.418352 0.253216
vt 0.445233 0.297033
vt 0.440631 0.261751
vt 0.409291 0.219337
vt 0.461575 0.279429
vt 0.441203 0.237202
vt 0.484866 0.290360
vt 0.467338 0.254933
vt 0.466605 0.230213
vt 0.491153 0.262998
vt 0.512113 0.279044
vt 0.479735 0.211449
vt 0.501895 0.238718
vt 0.450990 0.157253
vt 0.535182 0.291880
vt 0.509642 0.216711
vt 0.525168 0.260690
vt 0.592256 0.225222
vt 0.603186 0.259051
vt 0.573778 0.243075
vt 0.566471 0.296651
vt 0.559956 0.268231
vt 0.587362 0.271755
vt 0.608107 0.290238
vt 0.635692 0.290353
vt 0.621433 0.240912
vt 0.638870 0.265819
vt 0.612513 0.212012
vt 0.668586 0.286151
vt 0.655001 0.240949
vt 0.643932 0.223171
vt 0.666391 0.256073
vt 0.619617 0.181938
vt 0.647850 0.200768
vt 0.643255 0.172470
vt 0.695701 0.259396
vt 0.678910 0.213611
vt 0.682932 0.235436
vt 0.711154 0.290984
vt 0.669377 0.185371
vt 0.745871 0.280003
vt 0.767210 0.278751
vt 0.787219 0.280404
vt 0.753309 0.246260
vt 0.780768 0.250339
vt 0.810775 0.282022
vt 0.806018 0.259748
vt 0.824344 0.295494
vt 0.787069 0.219419
vt 0.807606 0.233982
vt 0.829105 0.252468
vt 0.842925 0.287454
vt 0.807077 0.199432
vt 0.851707 0.264023
vt 0.783590 0.181825
vt 0.832004 0.214921
vt 0.881437 0.283813
vt 0.854282 0.235631
vt 0.883727 0.260200
vt 0.807672 0.167472
vt 0.837710 0.179995
vt 0.838834 0.146895
vt 0.855497 0.206533
vt 0.879442 0.237087
vt 0.053978 0.221429
vt 0.065354 0.216456
vt 0.059115 0.242970
vt 0.023085 0.281188
vt 0.043493 0.292219
vt 0.056263 0.269307
vt 0.034309 0.259135
vt 0.072877 0.289693
vt 0.084686 0.259011
vt 0.106426 0.282872
vt 0.111876 0.260834
vt 0.089638 0.226657
vt 0.077604 0.191116
vt 0.116501 0.235162
vt 0.141618 0.283264
vt 0.095562 0.166125
vt 0.104861 0.198271
vt 0.146516 0.264994
vt 0.138427 0.234814
vt 0.137869 0.202509
vt 0.160471 0.248843
vt 0.181228 0.267442
vt 0.243479 0.178327
vt 0.269262 0.199356
vt 0.235580 0.205444
vt 0.201754 0.280706
vt 0.235417 0.278693
vt 0.219349 0.254956
vt 0.238630 0.238935
vt 0.258805 0.259796
vt 0.266613 0.282848
vt 0.284796 0.297232
vt 0.267285 0.225868
vt 0.226307 0.222571
vt 0.293596 0.268573
vt 0.283035 0.247831
vt 0.269897 0.167873
vt 0.296671 0.220031
vt 0.314895 0.240840
vt 0.322150 0.271746
vt 0.337821 0.290464
vt 0.293007 0.167029
vt 0.299772 0.195373
vt 0.343323 0.255005
vt 0.536207 0.242002
vt 0.560175 0.223390
vt 0.537586 0.201726
vt 0.566894 0.192084
vt 0.591647 0.191523
vt 0.491542 0.187139
vt 0.512735 0.185789
vt 0.531264 0.177234
vt 0.547329 0.166690
vt 0.592563 0.163145
vt 0.563650 0.153466
vt 0.488971 0.160205
vt 0.512642 0.150254
vt 0.464643 0.148487
vt 0.613866 0.141729
vt 0.723182 0.259913
vt 0.732056 0.237371
vt 0.711783 0.228916
vt 0.743580 0.214887
vt 0.766564 0.209238
vt 0.714694 0.205073
vt 0.695044 0.192197
vt 0.730275 0.190405
vt 0.751958 0.183052
vt 0.707818 0.169715
vt 0.678707 0.157679
vt 0.726870 0.152377
vt 0.758435 0.151418
vt 0.787246 0.145079
vt 0.659421 0.141306
vt 0.698330 0.139617
vt 0.914159 0.272631
vt 0.927520 0.279161
vt 0.938822 0.256124
vt 0.916718 0.247423
vt 0.901589 0.224640
vt 0.934832 0.232239
vt 0.951738 0.239053
vt 0.876632 0.204319
vt 0.923405 0.208897
vt 0.950869 0.214216
vt 0.896583 0.193916
vt 0.949705 0.192585
vt 0.968688 0.209885
vt 0.918430 0.181784
vt 0.975698 0.184648
vt 0.868668 0.171775
vt 0.893824 0.170764
vt 0.938808 0.174788
vt 0.961864 0.162136
vt 0.995282 0.163660
vt 0.907469 0.150690
vt 0.931089 0.143933
vt 0.886491 0.143116
vt 0.981575 0.147596
vt 0.203525 0.237695
vt 0.178924 0.233962
vt 0.158044 0.216662
vt 0.201428 0.202986
vt 0.179575 0.211936
vt 0.172542 0.190610
vt 0.123725 0.181646
vt 0.223394 0.175345
vt 0.154084 0.173958
vt 0.202888 0.160707
vt 0.174684 0.160835
vt 0.126261 0.157155
vt 0.243730 0.150923
vt 0.158017 0.141673
vt 0.325329 0.211529
vt 0.363115 0.242214
vt 0.376865 0.255135
vt 0.342451 0.234262
vt 0.378724 0.229408
vt 0.350453 0.214792
vt 0.368518 0.209209
vt 0.386248 0.202506
vt 0.344644 0.194097
vt 0.405182 0.191609
vt 0.318229 0.184349
vt 0.376962 0.182356
vt 0.332814 0.168594
vt 0.364185 0.167006
vt 0.392642 0.159532
vt 0.419809 0.148928
vt 0.322929 0.148631
vt 0.357851 0.141753
vt 0.505655 0.071663
vt 0.509242 0.096793
vt 0.489812 0.103174
vt 0.475637 0.123730
vt 0.494477 0.128629
vt 0.528358 0.138036
vt 0.532696 0.105325
vt 0.550754 0.127894
vt 0.525435 0.073393
vt 0.525603 0.051665
vt 0.564185 0.107231
vt 0.581304 0.138851
vt 0.550364 0.082803
vt 0.553464 0.058108
vt 0.589626 0.116673
vt 0.530549 0.027291
vt 0.555008 0.035211
vt 0.568814 0.078466
vt 0.592290 0.090651
vt 0.552801 0.016681
vt 0.574358 0.056220
vt 0.609593 0.115956
vt 0.619319 0.127937
vt 0.644668 0.143078
vt 0.672589 0.120262
vt 0.677445 0.091199
vt 0.697292 0.111444
vt 0.704444 0.089687
vt 0.727431 0.125976
vt 0.699325 0.060314
vt 0.729959 0.097921
vt 0.723758 0.076328
vt 0.753715 0.111350
vt 0.711629 0.035087
vt 0.729095 0.058015
vt 0.736242 0.039428
vt 0.747954 0.078638
vt 0.783222 0.121889
vt 0.723166 0.018060
vt 0.764980 0.075654
vt 0.776123 0.100649
vt 0.752450 0.049903
vt 0.731363 0.008456
vt 0.789773 0.108254
vt 0.801137 0.127937
vt 0.812500 0.147620
vt 0.868121 0.083060
vt 0.863317 0.105413
vt 0.851670 0.099458
vt 0.865996 0.137565
vt 0.840456 0.122206
vt 0.886878 0.109138
vt 0.905423 0.125998
vt 0.910601 0.099916
vt 0.886334 0.054114
vt 0.905873 0.074273
vt 0.929341 0.113784
vt 0.896273 0.030175
vt 0.909015 0.049706
vt 0.929615 0.088970
vt 0.957220 0.127920
vt 0.933194 0.058965
vt 0.957914 0.101819
vt 0.914313 0.016744
vt 0.950625 0.078491
vt 0.925180 0.035547
vt 0.980670 0.126907
vt 0.424129 0.128532
vt 0.390038 0.134134
vt 0.396868 0.111906
vt 0.417818 0.101470
vt 0.395140 0.082261
vt 0.373476 0.107953
vt 0.355360 0.117487
vt 0.372509 0.063642
vt 0.395211 0.056429
vt 0.329150 0.127308
vt 0.340187 0.103312
vt 0.356407 0.081334
vt 0.372971 0.031640
vt 0.358571 0.045375
vt 0.294676 0.132634
vt 0.327568 0.082848
vt 0.335646 0.059215
vt 0.309994 0.098227
vt 0.346116 0.035945
vt 0.295455 0.118096
vt 0.359357 0.007977
vt 0.367833 0.007268
vt 0.142418 0.081593
vt 0.138235 0.107949
vt 0.125218 0.101675
vt 0.096599 0.147607
vt 0.116443 0.128523
vt 0.138078 0.134669
vt 0.157576 0.106697
vt 0.177081 0.118393
vt 0.183102 0.139657
vt 0.151544 0.055353
vt 0.162366 0.066980
vt 0.175716 0.086753
vt 0.199291 0.122006
vt 0.204337 0.088428
vt 0.229443 0.133642
vt 0.171417 0.039137
vt 0.219684 0.115820
vt 0.190013 0.067020
vt 0.197106 0.039912
vt 0.233750 0.097625
vt 0.209726 0.054054
vt 0.254249 0.129166
vt 0.265290 0.157089
vt 0.183104 0.016931
vt 0.222346 0.072005
vt 0.743362 0.723792
vt 0.769508 0.729022
vt 0.763198 0.776071
vt 0.738595 0.667891
vt 0.767312 0.678043
vt 0.750002 0.907851
vt 0.794551 0.930054
vt 0.749999 0.919192
vt 0.804345 0.873720
vt 0.839502 0.904965
vt 0.881139 0.903425
vt 0.949990 0.896247
vt 0.895008 0.911728
vt 0.718936 0.896150
vt 0.756019 0.856562
vt 0.893339 0.860823
vt 0.851526 0.852408
vt 0.939444 0.842160
vt 0.917840 0.840154
vt 0.806511 0.823030
vt 0.929407 0.835237
vt 0.940126 0.829746
vt 0.959272 0.817326
vt 0.950001 0.836083
vt 0.755096 0.824730
vt 0.880061 0.816288
vt 0.891631 0.813857
vt 0.940730 0.817326
vt 0.950001 0.811505
vt 0.846830 0.800092
vt 0.931862 0.810244
vt 0.950001 0.799251
vt 0.933796 0.785376
vt 0.891112 0.779482
vt 0.807733 0.781209
vt 0.895014 0.801459
vt 0.898043 0.789048
vt 0.905458 0.798213
vt 0.907876 0.785742
vt 0.864754 0.763049
vt 0.900766 0.776669
vt 0.799933 0.741239
vt 0.894095 0.767255
vt 0.903226 0.764369
vt 0.838557 0.744815
vt 0.896785 0.755079
vt 0.825419 0.715889
vt 0.890716 0.745528
vt 0.893368 0.733682
vt 0.899245 0.743053
vt 0.901494 0.731201
vt 0.854282 0.728567
vt 0.871286 0.727210
vt 0.887817 0.724139
vt 0.898043 0.710579
vt 0.790943 0.680749
vt 0.816657 0.689455
vt 0.841750 0.717547
vt 0.850000 0.696559
vt 0.861940 0.706631
vt 0.890407 0.712695
vt 0.838830 0.685909
vt 0.885296 0.703273
vt 0.887816 0.692301
vt 0.857703 0.696387
vt 0.872966 0.694996
vt 0.880458 0.693803
vt 0.877631 0.704745
vt 0.861172 0.685913
vt 0.868566 0.685276
vt 0.865370 0.695862
vt 0.875880 0.684333
vt 0.767169 0.635540
vt 0.804011 0.649913
vt 0.835585 0.675625
vt 0.864414 0.675626
vt 0.959875 0.829746
vt 0.121806 0.884306
vt 0.150001 0.884522
vt 0.135359 0.890782
vt 0.984574 0.852568
vt 0.978212 0.884310
vt 0.994543 0.888826
vt 0.033540 0.873484
vt 0.050019 0.874096
vt 0.050000 0.895020
vt 0.096258 0.835551
vt 0.001958 0.868771
vt 0.017425 0.871687
vt 0.006633 0.880636
vt 0.119941 0.827656
vt 0.176495 0.857856
vt 0.162146 0.827948
vt 0.972088 0.847680
vt 0.012185 0.859874
vt 0.042298 0.863198
vt 0.050001 0.852418
vt 0.970594 0.835237
vt 0.982161 0.840153
vt 0.029706 0.840260
vt 0.050001 0.830167
vt 0.035586 0.851895
vt 0.075477 0.828367
vt 0.141265 0.804924
vt 0.037180 0.829713
vt 0.087817 0.826167
vt 0.121789 0.815120
vt 0.056084 0.818779
vt 0.061543 0.807144
vt 0.141741 0.792576
vt 0.150005 0.787074
vt 0.050001 0.807537
vt 0.033541 0.795332
vt 0.044497 0.796058
vt 0.038458 0.807145
vt 0.250000 0.934140
vt 0.237181 0.924494
vt 0.278596 0.933094
vt 0.287816 0.922637
vt 0.184582 0.907747
vt 0.272953 0.914213
vt 0.188942 0.919072
vt 0.164642 0.890782
vt 0.166204 0.902528
vt 0.276438 0.883189
vt 0.295011 0.911730
vt 0.220900 0.876894
vt 0.257699 0.863198
vt 0.293367 0.880636
vt 0.309350 0.876945
vt 0.282575 0.871687
vt 0.298042 0.868771
vt 0.312629 0.864842
vt 0.324171 0.872256
vt 0.326187 0.860033
vt 0.272965 0.862076
vt 0.287816 0.859874
vt 0.315427 0.852563
vt 0.210485 0.836674
vt 0.264414 0.851894
vt 0.278596 0.850341
vt 0.283505 0.838351
vt 0.305458 0.844385
vt 0.292334 0.847811
vt 0.202803 0.801225
vt 0.237178 0.829716
vt 0.329406 0.835237
vt 0.311057 0.819460
vt 0.331861 0.810239
vt 0.291627 0.813853
vt 0.326183 0.777701
vt 0.341263 0.804924
vt 0.341739 0.792576
vt 0.250000 0.807536
vt 0.342166 0.780320
vt 0.349999 0.787072
vt 0.150001 0.763064
vt 0.157105 0.756223
vt 0.193799 0.765059
vt 0.277260 0.793899
vt 0.334616 0.773088
vt 0.350000 0.763065
vt 0.349999 0.774998
vt 0.266459 0.795328
vt 0.261543 0.807145
vt 0.318925 0.769566
vt 0.335358 0.760944
vt 0.342900 0.756221
vt 0.234135 0.751430
vt 0.275379 0.740096
vt 0.313802 0.748915
vt 0.320424 0.757339
vt 0.321787 0.745287
vt 0.328433 0.753296
vt 0.155979 0.710491
vt 0.161800 0.703438
vt 0.189605 0.724140
vt 0.222508 0.713998
vt 0.251668 0.715463
vt 0.202432 0.695085
vt 0.273650 0.705337
vt 0.290406 0.712695
vt 0.161353 0.692733
vt 0.183324 0.673269
vt 0.292799 0.701480
vt 0.188269 0.665426
vt 0.220511 0.677255
vt 0.177208 0.670735
vt 0.239255 0.665835
vt 0.267859 0.665283
vt 0.176273 0.660769
vt 0.182158 0.663164
vt 0.278596 0.673908
vt 0.536646 0.878838
vt 0.537727 0.866727
vt 0.550024 0.884500
vt 0.556681 0.844107
vt 0.515425 0.852563
vt 0.442296 0.863198
vt 0.466460 0.873486
vt 0.449999 0.874093
vt 0.517838 0.840153
vt 0.449999 0.852418
vt 0.464414 0.851895
vt 0.472965 0.862076
vt 0.521788 0.815120
vt 0.508440 0.831963
vt 0.523425 0.802587
vt 0.511057 0.819461
vt 0.480066 0.816282
vt 0.491625 0.813850
vt 0.487815 0.826167
vt 0.499709 0.823172
vt 0.484155 0.804068
vt 0.495012 0.801460
vt 0.502752 0.810707
vt 0.521853 0.773262
vt 0.563798 0.797906
vt 0.466459 0.795332
vt 0.470902 0.783407
vt 0.472965 0.805979
vt 0.487815 0.791786
vt 0.491108 0.779492
vt 0.507875 0.785742
vt 0.543215 0.744451
vt 0.500765 0.776669
vt 0.494083 0.767241
vt 0.496784 0.755079
vt 0.505964 0.726136
vt 0.521787 0.745288
vt 0.536648 0.737218
vt 0.543509 0.732878
vt 0.490715 0.745529
vt 0.537209 0.725694
vt 0.550000 0.717296
vt 0.549999 0.728394
vt 0.481940 0.747568
vt 0.471285 0.727210
vt 0.485295 0.703273
vt 0.477630 0.704744
vt 0.492798 0.701477
vt 0.505460 0.708157
vt 0.517574 0.673254
vt 0.532555 0.696146
vt 0.533198 0.685558
vt 0.489963 0.671712
vt 0.500110 0.699386
vt 0.544837 0.669146
vt 0.544655 0.679027
vt 0.471230 0.673952
vt 0.557726 0.643689
vt 0.549999 0.665996
vt 0.550008 0.739752
vt 0.700767 0.900437
vt 0.676434 0.883189
vt 0.617424 0.871687
vt 0.581076 0.896155
vt 0.641109 0.884499
vt 0.698098 0.844363
vt 0.646736 0.839888
vt 0.633540 0.873485
vt 0.608568 0.826043
vt 0.682381 0.800147
vt 0.726153 0.799925
vt 0.593514 0.787332
vt 0.647088 0.786424
vt 0.618318 0.776969
vt 0.718637 0.761378
vt 0.588791 0.743838
vt 0.669119 0.751861
vt 0.692849 0.746679
vt 0.556492 0.732877
vt 0.619586 0.736810
vt 0.648002 0.724549
vt 0.721028 0.713182
vt 0.555977 0.710493
vt 0.561795 0.703433
vt 0.574779 0.710492
vt 0.587370 0.705472
vt 0.597975 0.688461
vt 0.671012 0.713513
vt 0.580456 0.702550
vt 0.693287 0.695059
vt 0.614805 0.677889
vt 0.632571 0.680118
vt 0.555162 0.669146
vt 0.555344 0.679027
vt 0.560943 0.682333
vt 0.566203 0.675276
vt 0.661789 0.682368
vt 0.711322 0.669670
vt 0.572087 0.678212
vt 0.596196 0.677835
vt 0.577202 0.670735
vt 0.591766 0.656890
vt 0.679042 0.660393
vt 0.774367 0.580808
vt 0.790632 0.605602
vt 0.771229 0.590111
vt 0.777526 0.571270
vt 0.780702 0.561517
vt 0.786324 0.562465
vt 0.806460 0.479129
vt 0.814796 0.510794
vt 0.799999 0.500000
vt 0.816104 0.448427
vt 0.825015 0.457915
vt 0.812899 0.458537
vt 0.765207 0.590479
vt 0.793283 0.616715
vt 0.789576 0.552337
vt 0.804197 0.564960
vt 0.806451 0.598084
vt 0.809381 0.609407
vt 0.802973 0.608263
vt 0.819032 0.621682
vt 0.801431 0.553720
vt 0.822206 0.632846
vt 0.829063 0.633640
vt 0.839255 0.665832
vt 0.802645 0.510580
vt 0.832644 0.623132
vt 0.839560 0.623555
vt 0.839410 0.645079
vt 0.842984 0.634548
vt 0.829638 0.589674
vt 0.836384 0.590060
vt 0.832885 0.601078
vt 0.839706 0.601428
vt 0.827378 0.510955
vt 0.823686 0.544282
vt 0.830185 0.544541
vt 0.836570 0.567433
vt 0.843273 0.567607
vt 0.843179 0.590295
vt 0.818517 0.478746
vt 0.824367 0.500000
vt 0.833572 0.533357
vt 0.830702 0.500000
vt 0.828235 0.447740
vt 0.834205 0.467916
vt 0.837100 0.500003
vt 0.827671 0.489186
vt 0.846703 0.533527
vt 0.853297 0.533526
vt 0.843364 0.544844
vt 0.846658 0.556258
vt 0.853341 0.556258
vt 0.856635 0.544844
vt 0.840503 0.467816
vt 0.843623 0.478342
vt 0.855241 0.396473
vt 0.843865 0.418332
vt 0.834972 0.392036
vt 0.869048 0.478480
vt 0.869296 0.500000
vt 0.862899 0.500001
vt 0.856136 0.418334
vt 0.875304 0.478597
vt 0.859255 0.427804
vt 0.878223 0.468260
vt 0.878586 0.489254
vt 0.837460 0.345113
vt 0.860564 0.371245
vt 0.877527 0.428735
vt 0.884320 0.468500
vt 0.893539 0.479128
vt 0.890822 0.489436
vt 0.883895 0.448427
vt 0.895426 0.446942
vt 0.881087 0.458198
vt 0.056917 0.612678
vt 0.063807 0.612386
vt 0.053484 0.623769
vt 0.067356 0.623132
vt 0.067115 0.601078
vt 0.073873 0.600559
vt 0.189858 0.626157
vt 0.196012 0.627808
vt 0.198455 0.643473
vt 0.212892 0.599049
vt 0.225794 0.622501
vt 0.219456 0.599881
vt 0.222966 0.589140
vt 0.232884 0.601078
vt 0.236385 0.590060
vt 0.239848 0.578890
vt 0.246564 0.601603
vt 0.246612 0.579027
vt 0.253435 0.601604
vt 0.253485 0.623770
vt 0.256916 0.612678
vt 0.274550 0.643857
vt 0.274904 0.664460
vt 0.250000 0.567666
vt 0.256820 0.590295
vt 0.281403 0.642903
vt 0.256726 0.567608
vt 0.270361 0.589674
vt 0.267355 0.623132
vt 0.280968 0.621683
vt 0.264000 0.634202
vt 0.284546 0.631856
vt 0.260014 0.556161
vt 0.266650 0.555969
vt 0.270084 0.567145
vt 0.273546 0.578215
vt 0.284073 0.610405
vt 0.287618 0.620678
vt 0.269812 0.544540
vt 0.273229 0.555684
vt 0.290618 0.609408
vt 0.294137 0.619505
vt 0.286131 0.554855
vt 0.293548 0.598085
vt 0.309370 0.605594
vt 0.300507 0.618180
vt 0.306715 0.616717
vt 0.289033 0.543557
vt 0.305984 0.595783
vt 0.278586 0.489254
vt 0.289038 0.543574
vt 0.275632 0.500000
vt 0.303734 0.516496
vt 0.295805 0.564961
vt 0.275303 0.478601
vt 0.291942 0.483253
vt 0.315179 0.538710
vt 0.319277 0.561520
vt 0.283909 0.448436
vt 0.453435 0.601605
vt 0.470144 0.630768
vt 0.449999 0.612775
vt 0.449999 0.590374
vt 0.468876 0.582657
vt 0.463380 0.550601
vt 0.487745 0.601829
vt 0.497732 0.639151
vt 0.487975 0.554736
vt 0.469555 0.522087
vt 0.514041 0.601225
vt 0.520371 0.630756
vt 0.511254 0.568403
vt 0.497954 0.532034
vt 0.494644 0.521386
vt 0.538244 0.621610
vt 0.509643 0.531224
vt 0.543914 0.582321
vt 0.624253 0.388320
vt 0.631662 0.418794
vt 0.625633 0.419186
vt 0.638044 0.383550
vt 0.640970 0.391768
vt 0.562317 0.606378
vt 0.577909 0.612522
vt 0.591450 0.606053
vt 0.598114 0.658805
vt 0.567902 0.559453
vt 0.586451 0.547185
vt 0.612383 0.620676
vt 0.605863 0.619505
vt 0.611316 0.581702
vt 0.602973 0.608264
vt 0.633410 0.627890
vt 0.604966 0.526629
vt 0.620268 0.555310
vt 0.623331 0.566746
vt 0.633121 0.578617
vt 0.609380 0.609411
vt 0.642883 0.655725
vt 0.646466 0.645326
vt 0.657120 0.655724
vt 0.627378 0.510963
vt 0.629916 0.567144
vt 0.643180 0.590295
vt 0.657014 0.634542
vt 0.653535 0.645326
vt 0.609750 0.469022
vt 0.618114 0.500000
vt 0.600243 0.489312
vt 0.633350 0.555968
vt 0.650001 0.590372
vt 0.660591 0.645078
vt 0.667605 0.644586
vt 0.624368 0.500000
vt 0.633791 0.511016
vt 0.643274 0.567608
vt 0.636571 0.567433
vt 0.653436 0.601604
vt 0.646659 0.556258
vt 0.660294 0.601427
vt 0.667356 0.623132
vt 0.664004 0.634202
vt 0.670938 0.633632
vt 0.684547 0.631856
vt 0.694136 0.619499
vt 0.687619 0.620677
vt 0.643864 0.418333
vt 0.637590 0.437535
vt 0.716185 0.627883
vt 0.637896 0.400501
vt 0.707585 0.586912
vt 0.734981 0.607948
vt 0.720143 0.582134
vt 0.723354 0.591628
vt 0.744013 0.616677
vt 0.710424 0.552333
vt 0.716106 0.551572
vt 0.722474 0.571270
vt 0.728771 0.590111
vt 0.752975 0.624834
vt 0.898735 0.457398
vt 0.905355 0.478617
vt 0.904782 0.456894
vt 0.907583 0.445677
vt 0.913868 0.445145
vt 0.877464 0.372958
vt 0.882253 0.406911
vt 0.888045 0.405522
vt 0.895957 0.374998
vt 0.898073 0.435840
vt 0.912381 0.379321
vt 0.928763 0.345318
vt 0.919030 0.378320
vt 0.887203 0.341291
vt 0.907069 0.321892
vt 0.860564 0.327759
vt 0.925095 0.335539
vt 0.928452 0.325099
vt 0.325327 0.561918
vt 0.328234 0.552260
vt 0.337430 0.542472
vt 0.334405 0.552495
vt 0.346405 0.502682
vt 0.343705 0.542570
vt 0.346831 0.532235
vt 0.353167 0.532238
vt 0.327832 0.489141
vt 0.362899 0.500000
vt 0.372619 0.489040
vt 0.313452 0.466276
vt 0.339308 0.454391
vt 0.364156 0.431170
vt 0.380894 0.439708
vt 0.382302 0.478202
vt 0.400627 0.478860
vt 0.403886 0.468331
vt 0.299869 0.441117
vt 0.343129 0.422404
vt 0.291384 0.415393
vt 0.315008 0.423118
vt 0.297407 0.414277
vt 0.355295 0.385739
vt 0.384551 0.368124
vt 0.390077 0.412332
vt 0.300155 0.403010
vt 0.306452 0.401915
vt 0.334358 0.373135
vt 0.393550 0.401919
vt 0.302973 0.391736
vt 0.305863 0.380495
vt 0.322153 0.351246
vt 0.302338 0.370680
vt 0.370939 0.366370
vt 0.305258 0.359626
vt 0.357146 0.323951
vt 0.301687 0.350245
vt 0.304638 0.339460
vt 0.302929 0.320175
vt 0.326731 0.302975
vt 0.530962 0.532972
vt 0.550112 0.543818
vt 0.515680 0.531500
vt 0.574403 0.503172
vt 0.529147 0.490528
vt 0.547611 0.494023
vt 0.558002 0.464846
vt 0.581153 0.455767
vt 0.539987 0.443835
vt 0.600075 0.437593
vt 0.607162 0.457947
vt 0.557826 0.424948
vt 0.616917 0.427592
vt 0.529640 0.410333
vt 0.583995 0.413540
vt 0.539564 0.376449
vt 0.605985 0.404219
vt 0.576764 0.375259
vt 0.611955 0.405522
vt 0.600506 0.381820
vt 0.621009 0.397480
vt 0.555281 0.360338
vt 0.619466 0.366666
vt 0.633858 0.362590
vt 0.535997 0.365798
vt 0.566977 0.333559
vt 0.594742 0.359625
vt 0.601189 0.361166
vt 0.603989 0.372191
vt 0.557711 0.303593
vt 0.585555 0.327418
vt 0.622801 0.358032
vt 0.740970 0.608231
vt 0.750000 0.616752
vt 0.768562 0.562255
vt 0.774672 0.561918
vt 0.790829 0.510540
vt 0.718913 0.541801
vt 0.727958 0.531934
vt 0.725328 0.561918
vt 0.731195 0.542309
vt 0.721776 0.531739
vt 0.762732 0.521606
vt 0.769048 0.521520
vt 0.765794 0.532084
vt 0.772043 0.531935
vt 0.785668 0.467275
vt 0.778586 0.510745
vt 0.784756 0.510662
vt 0.794644 0.478614
vt 0.791871 0.467612
vt 0.795217 0.456894
vt 0.809685 0.468781
vt 0.807161 0.457947
vt 0.810422 0.447662
vt 0.810935 0.353865
vt 0.818594 0.386550
vt 0.817839 0.336843
vt 0.849955 0.314350
vt 0.872087 0.321788
vt 0.872917 0.311335
vt 0.879291 0.308365
vt 0.880454 0.297451
vt 0.909593 0.287305
vt 0.900755 0.256947
vt 0.904197 0.277979
vt 0.898506 0.268799
vt 0.909284 0.254472
vt 0.914995 0.264225
vt 0.912183 0.275861
vt 0.969178 0.239109
vt 0.972965 0.250869
vt 0.959623 0.238243
vt 0.967715 0.261341
vt 0.976438 0.262556
vt 0.985295 0.296727
vt 0.987815 0.307698
vt 0.980457 0.306196
vt 0.981941 0.252433
vt 0.985003 0.264225
vt 0.979631 0.274122
vt 0.987815 0.275861
vt 0.990406 0.287305
vt 0.982575 0.285525
vt 0.992798 0.298523
vt 0.993367 0.266317
vt 0.998042 0.289421
vt 0.296448 0.280435
vt 0.299889 0.300616
vt 0.318057 0.252430
vt 0.333539 0.283079
vt 0.294542 0.201788
vt 0.308890 0.220508
vt 0.286199 0.251093
vt 0.292506 0.259826
vt 0.321404 0.240532
vt 0.341747 0.282453
vt 0.312184 0.208215
vt 0.315844 0.195933
vt 0.322738 0.206105
vt 0.822792 0.329265
vt 0.820707 0.308365
vt 0.826186 0.300570
vt 0.572967 0.305004
vt 0.575881 0.315667
vt 0.583087 0.316902
vt 0.664992 0.969027
vt 0.891112 0.963406
vt 0.959041 0.983293
vt 0.794543 0.930060
vt 0.865978 0.932866
vt 0.938880 0.927244
vt 0.749851 0.930322
vt 0.770594 0.925309
vt 0.839504 0.904963
vt 0.895013 0.911727
vt 0.949830 0.896350
vt 0.881133 0.903426
vt 1.013136 0.937898
vt 1.017040 0.956832
vt 0.047552 0.943063
vt 0.144865 0.958224
vt 0.372760 0.981416
vt 0.137639 0.921409
vt 1.018869 0.903425
vt 0.018868 0.903425
vt 0.039505 0.904966
vt 0.978213 0.884310
vt 0.994543 0.888826
vt 0.118926 0.896156
vt 0.150001 0.896286
vt 1.006632 0.880636
vt 0.050000 0.895019
vt 0.105464 0.888825
vt 0.250000 0.934140
vt 0.184574 0.907757
vt 0.278596 0.933094
vt 0.366086 0.951896
vt 0.305457 0.930060
vt 0.329407 0.925310
vt 0.188943 0.919072
vt 0.237181 0.924494
vt 0.331861 0.914047
vt 0.349999 0.907851
vt 0.352776 0.877165
vt 0.397648 0.896258
vt 0.584535 0.957289
vt 0.498062 0.940673
vt 0.526188 0.936291
vt 0.439505 0.904952
vt 0.529406 0.925310
vt 0.549999 0.919193
vt 0.450000 0.895020
vt 0.401956 0.868771
vt 0.433540 0.873485
vt 0.350006 0.848333
vt 0.384572 0.852564
vt 0.397973 0.856668
vt 0.380057 0.827657
vt 0.570593 0.925308
vt 0.633541 0.942994
vt 0.814997 0.080384
vt 0.914981 0.087599
vt 0.868607 0.110343
vt 0.702923 0.032931
vt 1.050097 0.028078
vt 0.839332 0.051086
vt 0.849999 0.127410
vt 0.873812 0.139967
vt 0.917429 0.128312
vt 0.923556 0.116812
vt 0.958885 0.115507
vt 0.933532 0.057004
vt 0.981133 0.096575
vt 0.049999 0.028076
vt 0.167662 0.042921
vt 0.049999 0.048316
vt 0.260774 0.009715
vt 0.078212 0.053036
vt 0.127036 0.085775
vt 0.070592 0.074690
vt 0.104987 0.088273
vt 0.181130 0.096574
vt 0.139503 0.095035
vt 0.211081 0.080925
vt 0.233796 0.097473
vt 0.218926 0.103845
vt 0.473915 0.021133
vt 0.327022 0.039599
vt 0.249999 0.103716
vt 0.284576 0.092242
vt 0.323565 0.116817
vt 0.281074 0.103845
vt 0.335608 0.148129
vt 0.342298 0.136804
vt 0.294529 0.069935
vt 0.339504 0.095035
vt 0.366451 0.057012
vt 0.461122 0.067163
vt 0.398044 0.059333
vt 0.411062 0.080929
vt 0.450001 0.092149
vt 0.824165 0.127741
vt 0.837726 0.133273
vt 0.742296 0.136803
vt 0.766416 0.110688
vt 0.802028 0.143333
vt 0.733540 0.126516
vt 0.729285 0.079213
vt 0.717425 0.128314
vt 0.694543 0.111175
vt 0.690651 0.123056
vt 0.657822 0.112383
vt 0.648501 0.069926
vt 0.649996 0.139486
vt 0.605466 0.111168
vt 0.512191 0.107795
vt 0.450000 0.103714
vt 0.478212 0.115690
vt 0.549978 0.104978
vt 0.523563 0.116812
vt 0.541116 0.115506
vt 0.545369 0.065270
vt 0.609348 0.123054
s 0
usemtl Blue
f 737/1/1 300/2/1 193/3/1
f 756/4/2 327/5/2 740/1/2
f 1264/6/3 329/5/3 757/4/3
f 174/7/4 253/8/4 3/9/4
f 681/10/5 254/8/5 176/7/5
f 252/8/6 238/11/6 2/9/6
f 684/10/7 259/12/7 257/8/7
f 688/13/8 260/12/8 685/10/8
f 255/8/9 266/14/9 240/11/9
f 258/12/10 268/14/10 256/8/10
f 265/14/11 245/15/11 239/11/11
f 692/16/12 261/12/12 690/13/12
f 267/14/13 275/17/13 246/15/13
f 272/17/14 250/18/14 244/15/14
f 694/16/15 280/19/15 264/12/15
f 287/20/16 271/14/16 262/12/16
f 189/3/17 281/19/17 696/16/17
f 279/19/18 288/20/18 263/12/18
f 286/20/19 292/21/19 269/14/19
f 270/14/20 293/21/20 278/17/20
f 191/3/21 298/2/21 284/19/21
f 274/17/22 305/22/22 414/23/22
f 282/19/23 310/24/23 290/20/23
f 289/20/24 308/24/24 295/21/24
f 291/21/25 316/25/25 277/17/25
f 276/17/26 315/25/26 307/22/26
f 299/2/27 322/26/27 285/19/27
f 320/26/28 312/24/28 283/19/28
s 1
f 739/1/29 325/5/29 302/2/29
s 0
f 332/27/30 324/26/30 301/2/30
f 321/26/31 339/28/31 313/24/31
f 326/5/32 334/27/32 303/2/32
f 338/28/33 807/29/33 311/24/33
f 309/24/34 806/29/34 297/21/34
f 805/29/35 346/30/35 296/21/35
s 1
f 294/21/36 344/30/36 319/25/36
s 0
f 314/25/37 352/31/37 306/22/37
s 1
f 331/27/38 341/28/38 323/26/38
s 0
f 317/25/39 851/32/39 354/31/39
f 236/33/40 362/34/40 1/35/40
f 273/36/41 413/37/41 251/38/41
f 363/34/42 355/39/42 5/35/42
f 365/34/43 368/40/43 357/39/43
f 235/33/44 372/41/44 361/34/44
f 376/41/45 366/40/45 364/34/45
f 371/40/46 380/42/46 227/43/46
f 242/44/47 374/41/47 237/33/47
s 1
f 377/41/48 392/45/48 367/40/48
s 0
f 241/44/49 386/46/49 373/41/49
f 395/45/50 378/42/50 370/40/50
f 249/38/51 387/46/51 243/44/51
f 388/46/52 390/45/52 375/41/52
f 396/45/53 398/47/53 379/42/53
f 400/47/54 403/48/54 382/42/54
f 383/42/55 405/48/55 230/49/55
f 247/38/56 415/50/56 385/46/56
f 389/46/57 418/50/57 391/45/57
f 394/45/58 424/51/58 397/47/58
f 409/37/59 417/50/59 248/38/59
f 420/50/60 423/51/60 393/45/60
f 407/48/61 428/52/61 233/53/61
f 408/37/62 434/54/62 416/50/62
f 426/51/63 465/55/63 399/47/63
f 467/55/64 439/56/64 401/47/64
s 1
f 402/47/65 440/56/65 404/48/65
s 0
f 443/56/66 427/52/66 406/48/66
s 1
f 304/57/67 348/31/67 411/37/67
s 0
f 349/31/68 448/58/68 412/37/68
f 410/37/69 447/58/69 435/54/69
f 437/54/70 421/51/70 419/50/70
f 444/56/71 452/59/71 429/52/71
f 438/54/72 459/60/72 422/51/72
s 1
f 451/58/73 458/60/73 436/54/73
s 0
f 461/60/74 463/55/74 425/51/74
f 445/56/75 941/61/75 453/59/75
f 6/62/76 356/63/76 197/64/76
f 358/63/77 469/65/77 199/64/77
f 470/65/78 203/66/78 200/64/78
f 369/67/79 225/68/79 359/63/79
f 226/68/80 471/65/80 360/63/80
f 472/65/81 475/69/81 205/66/81
f 228/68/82 481/70/82 473/65/82
f 381/71/83 483/70/83 229/68/83
f 482/70/84 477/69/84 474/65/84
f 476/69/85 209/72/85 206/66/85
f 231/73/86 484/70/86 384/71/86
f 488/74/87 479/69/87 485/70/87
f 489/74/88 495/75/88 480/69/88
f 478/69/89 493/75/89 211/72/89
f 494/75/90 502/76/90 213/72/90
f 232/73/91 509/77/91 487/70/91
f 508/77/92 490/74/92 486/70/92
s 1
f 511/77/93 516/78/93 492/74/93
s 0
f 491/74/94 515/78/94 497/75/94
f 517/78/95 522/79/95 499/75/95
f 521/79/96 527/80/96 498/75/96
f 496/75/97 526/80/97 505/76/97
f 234/73/98 430/81/98 510/77/98
f 513/77/99 531/82/99 518/78/99
f 519/78/100 538/83/100 523/79/100
f 533/82/101 539/83/101 520/78/101
f 528/80/102 545/84/102 507/76/102
f 506/76/103 544/84/103 222/85/103
f 432/81/104 980/86/104 512/77/104
f 982/86/105 532/82/105 514/77/105
f 524/79/106 551/87/106 530/80/106
f 456/88/107 974/89/107 431/81/107
f 195/90/108 177/91/108 4/92/108
f 194/90/109 556/93/109 173/91/109
f 196/90/110 564/94/110 561/93/110
f 201/95/111 565/94/111 198/90/111
f 562/94/112 569/96/112 557/93/112
f 558/93/113 570/96/113 178/97/113
f 202/95/114 576/98/114 567/94/114
f 208/99/115 579/98/115 204/95/115
f 575/98/116 582/100/116 566/94/116
f 563/94/117 581/100/117 574/96/117
f 580/100/118 598/101/118 573/96/118
f 207/99/119 594/102/119 578/98/119
f 597/101/120 585/103/120 568/96/120
f 577/98/121 592/102/121 584/100/121
f 590/102/122 601/101/122 583/100/122
s 1
f 588/103/123 607/104/123 704/105/123
s 0
f 210/99/124 215/106/124 596/102/124
f 591/102/125 612/107/125 602/101/125
f 599/101/126 617/108/126 589/103/126
f 500/109/127 217/106/127 212/99/127
f 214/106/128 624/110/128 595/102/128
f 621/110/129 614/107/129 593/102/129
s 1
f 609/107/130 618/108/130 600/101/130
s 0
f 615/108/131 603/104/131 586/103/131
f 628/111/132 626/110/132 216/106/132
f 501/112/133 630/111/133 218/106/133
f 610/107/134 637/113/134 619/108/134
f 616/108/135 634/113/135 604/104/135
f 635/113/136 641/114/136 605/104/136
f 606/104/137 642/114/137 184/115/137
f 645/114/138 647/116/138 185/115/138
f 219/117/139 656/118/139 504/112/139
f 503/112/140 655/118/140 631/111/140
f 620/110/141 661/119/141 613/107/141
f 659/119/142 639/113/142 611/107/142
f 627/111/143 665/120/143 625/110/143
f 663/120/144 672/121/144 622/110/144
f 623/110/145 673/121/145 662/119/145
f 633/113/146 1126/122/146 640/114/146
f 644/114/147 1162/123/147 646/116/147
f 658/119/148 677/124/148 638/113/148
f 675/124/149 1109/125/149 636/113/149
f 1106/125/150 1125/122/150 632/113/150
f 643/114/151 1129/122/151 1160/123/151
f 653/118/152 667/120/152 629/111/152
f 669/121/153 678/124/153 660/119/153
f 587/126/154 703/127/154 571/128/154
f 559/129/155 680/130/155 175/131/155
f 179/132/156 682/130/156 560/129/156
f 182/132/157 686/133/157 683/130/157
f 183/132/158 700/134/158 687/133/158
f 713/135/159 693/136/159 691/133/159
f 572/128/160 706/127/160 180/132/160
f 701/134/161 711/135/161 689/133/161
f 707/127/162 698/134/162 181/132/162
f 715/135/163 717/137/163 695/136/163
f 708/127/164 723/138/164 699/134/164
f 718/137/165 190/139/165 697/136/165
f 702/134/166 725/138/166 712/135/166
f 608/140/167 186/141/167 705/127/167
f 727/138/168 729/142/168 714/135/168
f 716/135/169 731/142/169 719/137/169
f 720/137/170 736/143/170 192/139/170
f 187/141/171 746/144/171 709/127/171
f 710/127/172 748/144/172 724/138/172
f 750/144/173 741/145/173 726/138/173
f 742/145/174 730/142/174 728/138/174
f 722/137/175 754/146/175 738/143/175
f 733/142/176 753/146/176 721/137/176
s 1
f 188/141/177 648/147/177 747/144/177
s 0
f 763/148/178 767/149/178 735/142/178
f 734/142/179 766/149/179 755/146/179
f 732/142/180 744/145/180 760/148/180
f 651/147/181 771/150/181 749/144/181
f 774/150/182 1178/151/182 752/144/182
f 751/144/183 1177/151/183 743/145/183
f 745/145/184 1181/151/184 761/148/184
f 1166/152/185 772/150/185 652/147/185
f 765/148/186 1220/153/186 768/149/186
s 1
f 1678/154/187 780/155/187 1267/6/187
s 0
f 1775/156/188 862/157/188 1757/158/188
f 1266/6/189 778/155/189 330/5/189
f 776/155/190 336/27/190 328/5/190
f 1679/154/191 73/159/191 781/155/191
f 71/159/192 787/160/192 779/155/192
f 777/155/193 785/160/193 337/27/193
f 66/161/194 794/162/194 74/159/194
f 72/159/195 791/162/195 788/160/195
f 784/160/196 799/163/196 335/27/196
f 797/163/197 342/28/197 333/27/197
f 790/162/198 804/164/198 786/160/198
f 796/163/199 811/29/199 340/28/199
f 65/161/200 1716/165/200 793/162/200
f 802/164/201 817/166/201 782/160/201
f 783/160/202 818/166/202 798/163/202
f 1715/165/203 824/167/203 792/162/203
f 789/162/204 822/167/204 803/164/204
f 795/163/205 815/166/205 810/29/205
f 813/166/206 830/168/206 809/29/206
f 828/168/207 347/30/207 808/29/207
f 1713/165/208 1760/158/208 823/167/208
f 820/167/209 835/169/209 801/164/209
f 800/164/210 833/169/210 816/166/210
f 1758/158/211 842/170/211 821/167/211
f 832/169/212 849/171/212 814/166/212
f 846/171/213 829/168/213 812/166/213
f 819/167/214 841/170/214 834/169/214
f 826/168/215 855/32/215 345/30/215
f 853/32/216 318/25/216 343/30/216
f 837/170/217 847/171/217 831/169/217
f 825/168/218 866/172/218 854/32/218
f 1756/158/219 860/157/219 840/170/219
f 859/157/220 872/173/220 839/170/220
f 838/170/221 878/174/221 848/171/221
f 845/171/222 867/172/222 827/168/222
f 1774/156/223 64/175/223 861/157/223
f 864/172/224 884/176/224 852/32/224
f 850/32/225 882/176/225 353/31/225
f 870/173/226 877/174/226 836/170/226
f 869/173/227 155/177/227 876/174/227
f 843/171/228 1285/178/228 865/172/228
f 158/179/229 163/180/229 1299/181/229
f 350/31/230 1272/182/230 449/58/230
f 1276/183/231 171/184/231 1271/182/231
f 1269/182/232 885/185/232 446/58/232
f 168/184/233 886/185/233 1270/182/233
f 888/185/234 457/60/234 450/58/234
f 1294/181/235 162/180/235 169/184/235
f 172/184/236 164/180/236 887/185/236
f 889/185/237 892/186/237 460/60/237
f 160/179/238 897/187/238 165/180/238
f 166/180/239 903/188/239 890/185/239
f 904/188/240 893/186/240 891/185/240
f 899/187/241 905/188/241 167/180/241
f 894/186/242 464/55/242 462/60/242
f 1314/189/243 898/187/243 161/179/243
f 895/186/244 916/190/244 466/55/244
f 901/187/245 910/191/245 906/188/245
f 907/188/246 917/190/246 896/186/246
f 920/190/247 442/56/247 468/55/247
f 1316/189/248 923/192/248 900/187/248
f 925/192/249 911/191/249 902/187/249
f 912/191/250 934/193/250 908/188/250
f 935/193/251 918/190/251 909/188/251
f 919/190/252 939/61/252 441/56/252
f 932/194/253 944/195/253 1317/189/253
f 1318/189/254 945/195/254 924/192/254
f 952/196/255 946/195/255 933/194/255
f 937/193/256 966/197/256 921/190/256
f 922/190/257 968/197/257 940/61/257
f 927/192/258 1407/198/258 913/191/258
f 915/191/259 962/199/259 936/193/259
f 943/61/260 957/200/260 454/59/260
f 948/195/261 1406/198/261 926/192/261
f 963/199/262 967/197/262 938/193/262
f 954/196/263 1442/201/263 947/195/263
f 1409/198/264 961/199/264 914/191/264
f 969/197/265 956/200/265 942/61/265
f 959/200/266 973/89/266 455/59/266
f 976/89/267 981/86/267 433/81/267
f 1384/202/268 145/203/268 979/89/268
f 978/89/269 144/203/269 983/86/269
f 146/203/270 992/204/270 984/86/270
f 1392/205/271 986/206/271 148/203/271
f 987/206/272 995/204/272 149/203/272
f 993/204/273 535/82/273 985/86/273
f 994/204/274 998/207/274 536/82/274
f 989/206/275 1005/208/275 997/204/275
f 1004/208/276 1001/207/276 996/204/276
f 999/207/277 1011/209/277 537/82/277
f 1010/209/278 543/83/278 534/82/278
f 142/210/279 1013/211/279 990/206/279
f 991/206/280 1014/211/280 1007/208/280
f 1006/208/281 1028/212/281 1003/207/281
f 1000/207/282 1023/213/282 1012/209/282
f 1009/209/283 1020/213/283 542/83/283
f 1019/213/284 554/87/284 541/83/284
f 540/83/285 552/87/285 525/79/285
f 1026/212/286 1024/213/286 1002/207/286
f 136/214/287 1015/211/287 143/210/287
f 1017/211/288 1031/212/288 1008/208/288
f 1027/212/289 1036/215/289 1025/213/289
f 1459/216/290 134/214/290 141/210/290
f 137/214/291 1041/217/291 1016/211/291
f 1018/211/292 1043/217/292 1032/212/292
f 550/87/293 548/84/293 529/80/293
f 1033/215/294 1048/218/294 1022/213/294
f 1021/213/295 1047/218/295 555/87/295
f 1046/218/296 549/84/296 553/87/296
f 1042/217/297 1055/219/297 1030/212/297
f 1029/212/298 1053/219/298 1037/215/298
f 1034/215/299 1060/220/299 1049/218/299
f 1470/221/300 1067/222/300 133/214/300
f 135/214/301 1069/222/301 1039/217/301
f 1052/219/302 1062/220/302 1035/215/302
f 1468/221/303 40/223/303 1065/222/303
f 1068/222/304 105/224/304 1038/217/304
f 1040/217/305 106/224/305 1054/219/305
f 1051/219/306 1500/225/306 1061/220/306
f 1521/226/307 1098/227/307 123/228/307
f 129/229/308 1075/230/308 221/117/308
f 220/117/309 1074/230/309 657/118/309
f 1072/230/310 668/120/310 654/118/310
f 127/229/311 1080/231/311 1073/230/311
f 1487/232/312 1081/231/312 128/229/312
f 1070/230/313 1086/233/313 666/120/313
f 1485/232/314 124/228/314 1079/231/314
s 1
f 1085/233/315 674/121/315 664/120/315
s 0
f 1078/231/316 1087/233/316 1071/230/316
f 122/228/317 1093/234/317 1077/231/317
f 1076/231/318 1092/234/318 1084/233/318
f 1082/233/319 1104/235/319 671/121/319
f 1103/235/320 679/124/320 670/121/320
f 1090/234/321 1105/235/321 1083/233/321
f 1089/234/322 1116/236/322 1102/235/322
f 1095/227/323 1124/237/323 121/228/323
f 120/228/324 1123/237/324 1091/234/324
f 1101/235/325 1110/125/325 676/124/325
f 1119/237/326 1115/236/326 1088/234/326
f 1094/227/327 116/238/327 1122/237/327
f 1120/237/328 1141/239/328 1117/236/328
f 1135/240/329 1108/125/329 1099/235/329
f 1113/236/330 1136/240/330 1100/235/330
f 1107/125/331 1130/240/331 1127/122/331
f 111/241/332 1146/242/332 114/238/332
f 115/238/333 1147/242/333 1121/237/333
f 1158/243/334 1134/240/334 1112/236/334
f 1145/242/335 1140/239/335 1118/237/335
f 1138/239/336 1153/244/336 1114/236/336
f 1111/236/337 1151/244/337 1157/243/337
f 1131/240/338 1159/123/338 1128/122/338
f 1143/242/339 90/245/339 1139/239/339
f 1149/244/340 1580/246/340 1154/243/340
f 1155/243/341 76/247/341 1132/240/341
f 1133/240/342 78/247/342 1161/123/342
f 1652/248/343 1225/249/343 1629/250/343
f 1576/251/344 650/147/344 1164/123/344
f 1575/251/345 1165/152/345 649/147/345
f 1578/251/346 1169/252/346 1167/152/346
f 1171/252/347 773/150/347 1168/152/347
f 1587/253/348 1170/252/348 1579/251/348
f 1173/252/349 1179/151/349 775/150/349
f 1589/253/350 98/254/350 1172/252/350
f 1185/255/351 1191/256/351 1176/252/351
f 1175/252/352 1190/256/352 1180/151/352
s 1
f 99/254/353 1184/255/353 1174/252/353
s 0
f 1192/256/354 1196/257/354 1183/151/354
f 1195/257/355 762/148/355 1182/151/355
f 1628/250/356 1200/258/356 1611/259/356
f 1612/259/357 1201/258/357 100/254/357
f 1203/258/358 1186/255/358 101/254/358
f 1188/255/359 1207/260/359 1193/256/359
f 1194/256/360 1208/260/360 1198/257/360
f 1197/257/361 1219/153/361 764/148/361
f 1215/261/362 1209/260/362 1189/255/362
f 1204/258/363 1214/261/363 1187/255/363
f 1210/260/364 1221/153/364 1199/257/364
f 1630/250/365 1227/249/365 1202/258/365
f 1653/248/366 94/262/366 1226/249/366
f 1206/258/367 1246/263/367 1216/261/367
f 1218/261/368 1238/264/368 1212/260/368
f 1211/260/369 1232/265/369 1223/153/369
f 1222/153/370 1259/266/370 770/149/370
f 1230/249/371 1244/263/371 1205/258/371
f 1233/265/372 1260/266/372 1224/153/372
f 1257/266/373 758/146/373 769/149/373
f 1247/263/374 1237/264/374 1217/261/374
f 1258/266/375 1265/6/375 759/146/375
f 95/262/376 1252/267/376 1228/249/376
f 1231/249/377 1746/268/377 1245/263/377
f 1239/264/378 1234/265/378 1213/260/378
f 1253/267/379 1745/268/379 1229/249/379
f 1241/264/380 54/269/380 1236/265/380
f 1235/265/381 53/269/381 1262/266/381
s 1
f 880/176/382 1274/182/382 351/31/382
s 0
f 879/176/383 1278/183/383 1273/182/383
f 863/172/384 1283/178/384 883/176/384
f 1282/178/385 1280/183/385 881/176/385
s 1
f 1281/178/386 1289/270/386 1279/183/386
s 0
f 1275/183/387 1296/181/387 170/184/387
f 1287/270/388 1297/181/388 1277/183/388
f 844/171/389 875/174/389 1286/178/389
f 874/174/390 1293/270/390 1284/178/390
f 1288/270/391 1304/271/391 1298/181/391
f 873/174/392 151/177/392 1292/270/392
f 1302/271/393 157/179/393 1295/181/393
f 150/177/394 1311/272/394 1291/270/394
f 1309/272/395 1305/271/395 1290/270/395
f 1306/272/396 1323/273/396 1303/271/396
f 1320/273/397 1326/274/397 1300/271/397
f 1301/271/398 1327/274/398 156/179/398
f 159/179/399 1328/274/399 1313/189/399
s 1
f 868/173/400 1333/275/400 154/177/400
s 0
f 1332/275/401 1341/276/401 153/177/401
f 152/177/402 1338/276/402 1312/272/402
f 871/173/403 858/157/403 1335/275/403
f 1330/274/404 929/194/404 1315/189/404
f 1336/276/405 1344/277/405 1310/272/405
f 1307/272/406 1348/278/406 1324/273/406
f 1342/277/407 1349/278/407 1308/272/407
f 1319/273/408 1353/279/408 1325/274/408
f 1346/278/409 1361/280/409 1322/273/409
f 1359/280/410 1354/279/410 1321/273/410
f 856/157/411 1368/281/411 1334/275/411
f 1331/275/412 1366/281/412 1340/276/412
f 1337/276/413 1373/282/413 1345/277/413
f 1329/274/414 1356/279/414 928/194/414
f 1364/281/415 1374/282/415 1339/276/415
f 1371/282/416 1351/278/416 1343/277/416
f 857/157/417 61/283/417 1369/281/417
f 931/194/418 1879/284/418 950/196/418
f 949/195/419 1444/201/419 1408/198/419
f 960/200/420 1380/285/420 977/89/420
f 1378/285/421 1383/202/421 975/89/421
f 971/197/422 1376/285/422 958/200/422
f 1386/202/423 1390/205/423 147/203/423
f 1382/285/424 1388/205/424 1385/202/424
f 1381/285/425 1397/286/425 1387/205/425
f 972/197/426 1402/287/426 1377/285/426
f 965/199/427 1401/287/427 970/197/427
f 1403/287/428 1395/286/428 1379/285/428
f 1394/205/429 140/210/429 988/206/429
s 1
f 1412/198/430 1399/287/430 964/199/430
s 0
f 1398/286/431 1423/288/431 1389/205/431
f 1393/205/432 1417/289/432 138/210/432
f 1405/287/433 1421/288/433 1396/286/433
f 1425/288/434 1416/289/434 1391/205/434
f 1413/198/435 1427/290/435 1400/287/435
f 1430/290/436 1419/288/436 1404/287/436
f 1411/198/437 1435/291/437 1426/290/437
f 1431/290/438 1440/292/438 1420/288/438
f 1446/201/439 1433/291/439 1410/198/439
f 1441/292/440 1449/293/440 1422/288/440
f 1451/293/441 1414/289/441 1424/288/441
f 1418/289/442 1458/216/442 139/210/442
f 1436/291/443 1463/294/443 1428/290/443
f 1452/293/444 1456/216/444 1415/289/444
f 1464/294/445 1437/292/445 1429/290/445
f 1457/216/446 1469/221/446 132/214/446
f 1445/201/447 1475/295/447 1432/291/447
f 1434/291/448 1477/295/448 1461/294/448
f 955/196/449 1474/295/449 1443/201/449
f 1465/294/450 1922/296/450 1438/292/450
f 1439/292/451 1923/296/451 1447/293/451
f 1924/296/452 1946/297/452 1448/293/452
f 1450/293/453 1948/297/453 1454/216/453
f 1947/297/454 1969/298/454 1453/216/454
f 1905/299/455 1471/295/455 953/196/455
f 1476/295/456 1910/300/456 1460/294/456
f 1455/216/457 1971/298/457 1467/221/457
f 546/84/458 1481/301/458 224/85/458
f 1479/301/459 131/302/459 223/85/459
s 1
f 1044/218/460 1482/301/460 547/84/460
s 0
f 1057/220/461 1484/301/461 1045/218/461
f 1478/301/462 1488/303/462 130/302/462
f 1056/220/463 1494/304/463 1483/301/463
f 1480/301/464 1492/304/464 1490/303/464
f 1504/305/465 1495/304/465 1058/220/465
f 1496/225/466 1506/305/466 1059/220/466
f 1491/304/467 1511/306/467 1489/303/467
f 1486/303/468 1509/306/468 126/307/468
f 1493/304/469 1502/305/469 1513/306/469
s 1
f 1050/219/470 103/224/470 1498/225/470
s 0
f 104/224/471 1519/308/471 1499/225/471
f 1516/308/472 1507/305/472 1497/225/472
f 1501/305/473 1528/309/473 1512/306/473
f 1508/306/474 1522/310/474 125/307/474
f 1527/309/475 1524/310/475 1510/306/475
f 1514/308/476 1535/311/476 1505/305/476
f 1503/305/477 1533/311/477 1530/309/477
f 1525/309/478 1541/312/478 1523/310/478
f 1539/312/479 1097/313/479 1520/310/479
s 1
f 1547/314/480 1543/312/480 1526/309/480
s 0
f 1538/312/481 119/315/481 1096/313/481
f 1531/311/482 1549/314/482 1529/309/482
f 102/224/483 1064/222/483 1517/308/483
f 1066/222/484 1557/316/484 1518/308/484
f 1515/308/485 1555/316/485 1536/311/485
f 1554/316/486 1562/317/486 1534/311/486
f 1560/317/487 1550/314/487 1532/311/487
f 1545/314/488 1566/318/488 1542/312/488
f 1563/318/489 1572/319/489 1540/312/489
f 1537/312/490 1571/319/490 118/315/490
f 117/315/491 1568/319/491 113/320/491
f 39/223/492 1556/316/492 1063/222/492
f 1558/317/493 2022/321/493 1548/314/493
f 2020/321/494 2036/322/494 1546/314/494
f 1544/314/495 2035/322/495 1565/318/495
f 2033/322/496 1573/319/496 1564/318/496
s 1
f 1551/316/497 2010/323/497 1561/317/497
s 0
f 2009/323/498 2023/321/498 1559/317/498
f 2081/324/499 112/320/499 1567/319/499
f 1163/123/500 80/247/500 1574/251/500
f 1156/243/501 1582/246/501 77/247/501
f 83/247/502 1586/253/502 1577/251/502
f 82/247/503 1592/325/503 1585/253/503
f 1584/246/504 1598/326/504 79/247/504
f 81/247/505 1599/326/505 1590/325/505
f 1594/325/506 96/254/506 1588/253/506
f 1150/244/507 1604/327/507 1581/246/507
f 1583/246/508 1605/327/508 1596/326/508
f 1595/325/509 1610/259/509 97/254/509
f 1601/326/510 1616/328/510 1591/325/510
f 1618/328/511 1608/259/511 1593/325/511
f 1137/239/512 88/245/512 1152/244/512
f 84/245/513 1602/327/513 1148/244/513
f 1607/327/514 1622/329/514 1597/326/514
f 1624/329/515 1615/328/515 1600/326/515
f 1619/328/516 1625/250/516 1609/259/516
f 1634/330/517 1621/329/517 1606/327/517
f 1142/242/518 1640/331/518 89/245/518
f 87/245/519 1632/330/519 1603/327/519
s 1
f 1623/329/520 1636/330/520 1613/328/520
s 0
f 1620/328/521 1646/332/521 1626/250/521
f 1648/332/522 1650/248/522 1627/250/522
f 86/245/523 1656/333/523 1631/330/523
f 1638/331/524 1655/333/524 85/245/524
f 1665/334/525 1643/332/525 1617/328/525
f 1637/330/526 1662/334/526 1614/328/526
f 1144/242/527 108/241/527 1642/331/527
f 1658/333/528 1669/335/528 1633/330/528
f 1674/336/529 1659/333/529 1639/331/529
f 1635/330/530 1671/335/530 1661/334/530
s 1
f 107/241/531 1676/336/531 1641/331/531
s 0
f 1647/332/532 2288/337/532 1649/248/532
f 1657/333/533 2224/338/533 1667/335/533
f 1651/248/534 2290/337/534 91/262/534
f 1249/263/535 1723/339/535 1240/264/535
f 1261/266/536 1680/154/536 1268/6/536
f 55/269/537 1682/154/537 1263/266/537
f 1685/154/538 1691/340/538 1687/341/538
f 1686/341/539 67/161/539 1681/154/539
f 1683/154/540 69/161/540 75/159/540
f 57/269/541 1690/340/541 1684/154/541
f 1243/264/542 1698/342/542 56/269/542
f 58/269/543 1700/342/543 1692/340/543
f 1693/340/544 1706/343/544 1689/341/544
f 1705/343/545 70/161/545 1688/341/545
f 1701/342/546 1712/344/546 1695/340/546
f 1703/343/547 1719/165/547 68/161/547
f 1242/264/548 1725/339/548 1697/342/548
f 1726/339/549 1710/344/549 1699/342/549
f 1711/344/550 1731/345/550 1694/340/550
f 1696/340/551 1732/345/551 1707/343/551
f 1730/345/552 1737/346/552 1704/343/552
f 1702/343/553 1736/346/553 1718/165/553
f 1724/339/554 1743/347/554 1708/344/554
f 1248/263/555 1749/268/555 1721/339/555
f 1753/348/556 1761/158/556 1714/165/556
f 1734/346/557 1755/348/557 1717/165/557
f 1748/268/558 1765/349/558 1720/339/558
f 1766/349/559 1741/347/559 1722/339/559
f 1709/344/560 1744/347/560 1729/345/560
f 1772/350/561 1735/346/561 1728/345/561
f 1742/347/562 1771/350/562 1727/345/562
f 1751/348/563 1778/156/563 1759/158/563
f 1256/267/564 1763/349/564 1747/268/564
f 1769/350/565 1754/348/565 1733/346/565
f 1764/349/566 1796/351/566 1739/347/566
f 1740/347/567 1783/352/567 1770/350/567
f 1795/351/568 1782/352/568 1738/347/568
f 1768/350/569 1790/353/569 1752/348/569
f 1788/353/570 1777/156/570 1750/348/570
f 1255/267/571 1793/351/571 1762/349/571
f 1781/352/572 1789/353/572 1767/350/572
f 1787/353/573 18/354/573 1776/156/573
f 1773/156/574 17/354/574 63/175/574
f 1254/267/575 23/355/575 1792/351/575
f 1794/351/576 2145/356/576 1780/352/576
f 2133/357/577 1808/358/577 2125/359/577
s 1
f 2110/360/578 1804/361/578 60/283/578
s 0
f 59/283/579 1803/361/579 1367/281/579
f 1801/361/580 1375/282/580 1365/281/580
f 2128/359/581 1802/361/581 2108/360/581
s 1
f 2126/359/582 1809/358/582 1800/361/582
s 0
f 1799/361/583 1815/362/583 1372/282/583
f 1807/358/584 1822/363/584 1798/361/584
f 1821/363/585 1814/362/585 1797/361/585
f 1370/282/586 1813/362/586 1350/278/586
f 1819/363/587 1827/364/587 1812/362/587
f 1826/364/588 1362/280/588 1810/362/588
s 1
f 1811/362/589 1363/280/589 1347/278/589
f 2132/357/590 1833/365/590 1806/358/590
f 1831/365/591 1820/363/591 1805/358/591
s 0
f 2130/357/592 32/366/592 1832/365/592
f 1817/363/593 1838/367/593 1825/364/593
f 1824/364/594 1844/368/594 1360/280/594
f 1830/365/595 1851/369/595 1818/363/595
f 1850/369/596 1837/367/596 1816/363/596
f 1836/367/597 1843/368/597 1823/364/597
f 1842/368/598 1352/279/598 1358/280/598
f 30/366/599 1855/370/599 1829/365/599
f 1854/370/600 1849/369/600 1828/365/600
s 1
f 1834/367/601 1858/371/601 1841/368/601
s 0
f 2178/372/602 1865/373/602 29/366/602
f 1864/373/603 1853/370/603 28/366/603
s 1
f 1852/370/604 1870/374/604 1847/369/604
s 0
f 1848/369/605 1871/374/605 1835/367/605
f 1845/368/606 1875/284/606 1355/279/606
f 1860/371/607 1876/284/607 1846/368/607
f 1877/284/608 930/194/608 1357/279/608
f 1873/374/609 1882/375/609 1839/367/609
f 1840/367/610 1883/375/610 1859/371/610
f 2176/372/611 25/376/611 1863/373/611
f 1856/370/612 1889/377/612 1872/374/612
f 1891/377/613 1884/375/613 1874/374/613
f 1885/375/614 1896/378/614 1861/371/614
f 1862/371/615 1897/378/615 1878/284/615
f 1866/373/616 1890/377/616 1857/370/616
f 1898/378/617 1903/379/617 1880/284/617
f 1881/380/618 1904/299/618 951/196/618
f 1906/299/619 1900/381/619 1472/295/619
f 1901/381/620 1907/300/620 1473/295/620
f 1887/382/621 1913/383/621 1899/381/621
f 1912/300/622 1920/296/622 1462/294/622
f 1902/381/623 1915/383/623 1908/300/623
f 1888/382/624 1927/384/624 1914/383/624
f 1918/383/625 1931/385/625 1909/300/625
f 1933/385/626 1919/296/626 1911/300/626
f 1893/386/627 1925/384/627 1886/382/627
f 1929/384/628 1938/387/628 1916/383/628
f 1917/383/629 1939/387/629 1930/385/629
f 1935/385/630 1943/297/630 1921/296/630
f 1895/386/631 1950/388/631 1926/384/631
f 1928/384/632 1952/388/632 1936/387/632
f 1941/387/633 1957/389/633 1932/385/633
f 1934/385/634 1958/389/634 1942/297/634
f 1869/390/635 1962/391/635 1892/386/635
f 1894/386/636 1963/391/636 1949/388/636
f 1868/390/637 1974/392/637 1961/391/637
f 1953/388/638 1981/393/638 1937/387/638
f 1940/387/639 1982/393/639 1954/389/639
f 1960/389/640 1986/394/640 1944/297/640
f 1987/394/641 1967/298/641 1945/297/641
f 1966/391/642 1979/393/642 1951/388/642
f 1867/390/643 27/395/643 1973/392/643
f 1983/393/644 1998/396/644 1956/389/644
f 1997/396/645 1990/397/645 1955/389/645
f 1992/397/646 1984/394/646 1959/389/646
f 1965/391/647 2045/398/647 1978/393/647
f 2046/398/648 1994/396/648 1980/393/648
f 1977/392/649 2043/398/649 1964/391/649
f 50/399/650 1972/392/650 26/395/650
f 1993/397/651 44/400/651 1985/394/651
f 1989/394/652 36/401/652 1968/298/652
f 1970/298/653 38/402/653 1466/221/653
f 2000/403/654 42/404/654 1991/405/654
f 37/223/655 2005/406/655 1553/316/655
f 1988/407/656 45/404/656 34/223/656
f 46/404/657 2003/406/657 35/223/657
f 2004/406/658 2011/323/658 1552/316/658
f 43/404/659 2018/408/659 2002/406/659
f 2001/406/660 2017/408/660 2008/323/660
s 1
f 2016/408/661 2028/409/661 2006/323/661
s 0
f 2007/323/662 2029/409/662 2021/321/662
f 1999/403/663 2015/408/663 41/404/663
f 2027/409/664 2034/322/664 2019/321/664
f 2014/408/665 2041/410/665 2026/409/665
f 2047/411/666 2052/412/666 1995/403/666
f 1996/403/667 2054/412/667 2013/408/667
f 2053/412/668 2039/410/668 2012/408/668
f 2040/410/669 2059/413/669 2024/409/669
f 2060/413/670 2032/322/670 2025/409/670
f 1976/414/671 2070/415/671 2042/411/671
f 2044/411/672 2072/415/672 2050/412/672
f 2038/410/673 2066/416/673 2057/413/673
f 2058/413/674 2077/417/674 2030/322/674
f 2031/322/675 2078/417/675 1570/319/675
f 2051/412/676 2065/416/676 2037/410/676
f 2076/417/677 2082/324/677 1569/319/677
f 2071/415/678 2087/418/678 2048/412/678
f 2049/412/679 2088/418/679 2063/416/679
f 2064/416/680 2093/419/680 2055/413/680
f 2056/413/681 2094/419/681 2075/417/681
f 1975/414/682 52/420/682 2069/415/682
f 2086/418/683 2100/421/683 2061/416/683
s 1
f 2101/421/684 2092/419/684 2062/416/684
s 0
f 51/420/685 2106/422/685 2067/415/685
f 2068/415/686 2107/422/686 2085/418/686
f 2091/419/687 12/423/687 2073/417/687
f 2074/417/688 13/423/688 2080/324/688
f 14/354/689 2112/424/689 62/175/689
f 1784/353/690 2118/425/690 16/354/690
f 2117/425/691 2113/424/691 15/354/691
f 2109/424/692 2122/426/692 2129/427/692
f 2115/425/693 2124/426/693 2111/424/693
f 2120/426/694 2136/428/694 2127/427/694
s 1
f 1779/352/695 2144/356/695 1786/353/695
s 0
f 1785/353/696 2142/356/696 2119/425/696
f 2114/425/697 2150/429/697 2123/426/697
f 2138/356/698 2151/429/698 2116/425/698
s 1
f 2147/429/699 2137/428/699 2121/426/699
s 0
f 2139/356/700 2155/430/700 2152/429/700
f 1791/351/701 22/355/701 2143/356/701
f 2160/431/702 33/432/702 2131/428/702
f 21/355/703 2168/433/703 2141/356/703
s 1
f 2140/356/704 2167/433/704 2156/430/704
f 2153/430/705 2185/434/705 2149/429/705
s 0
f 2146/429/706 2173/435/706 2135/428/706
f 2171/435/707 2162/431/707 2134/428/707
f 2184/434/708 2174/435/708 2148/429/708
f 2157/431/709 2180/436/709 31/432/709
f 2165/433/710 2187/434/710 2154/430/710
f 2158/431/711 2195/437/711 2181/436/711
f 1251/267/712 2203/438/712 20/355/712
f 2202/438/713 2166/433/713 19/355/713
f 2182/434/714 2191/439/714 2172/435/714
f 2169/435/715 2207/440/715 2159/431/715
f 2209/440/716 2196/437/716 2161/431/716
f 2163/433/717 2303/441/717 2186/434/717
f 2199/438/718 2304/441/718 2164/433/718
f 2300/441/719 2192/439/719 2183/434/719
f 2189/439/720 2210/440/720 2170/435/720
f 2205/440/721 2297/442/721 2194/437/721
f 2193/437/722 2295/442/722 2179/436/722
f 93/262/723 2201/438/723 1250/267/723
f 2275/443/724 2302/441/724 2197/438/724
f 2293/442/725 49/444/725 2177/436/725
f 2175/436/726 47/444/726 24/445/726
f 2099/446/727 2219/447/727 2089/448/727
f 2079/449/728 11/450/728 110/241/728
f 9/450/729 1677/336/729 109/241/729
f 8/450/730 2215/451/730 1675/336/730
f 2218/447/731 2214/451/731 7/450/731
f 2212/451/732 2227/338/732 1673/336/732
f 1672/336/733 2222/338/733 1654/333/733
f 2090/448/734 2220/447/734 10/450/734
f 2216/447/735 2232/452/735 2213/451/735
f 2211/451/736 2228/452/736 2221/338/736
f 2097/446/737 2233/452/737 2217/447/737
f 2229/452/738 2234/453/738 2223/338/738
f 2226/338/739 2241/454/739 1668/335/739
f 2236/453/740 2240/454/740 2225/338/740
f 2243/454/741 1660/334/741 1670/335/741
f 2084/455/742 2249/456/742 2098/446/742
f 2247/456/743 2255/457/743 2096/446/743
f 2095/446/744 2254/457/744 2231/452/744
f 2251/457/745 2235/453/745 2230/452/745
f 2239/453/746 2257/458/746 2242/454/746
f 2244/454/747 2259/458/747 1663/334/747
s 1
f 2253/457/748 2263/459/748 2237/453/748
s 0
f 2264/459/749 2256/458/749 2238/453/749
f 2260/458/750 2270/460/750 1664/334/750
f 2083/455/751 2105/461/751 2248/456/751
f 2279/462/752 2271/460/752 2261/458/752
s 1
f 1666/334/753 2272/460/753 1644/332/753
s 0
f 2102/461/754 2281/463/754 2245/456/754
f 2246/456/755 2282/463/755 2250/457/755
f 2284/463/756 2262/459/756 2252/457/756
f 2267/459/757 2277/462/757 2258/458/757
f 2273/460/758 2287/337/758 1645/332/758
f 2294/464/759 2283/463/759 2104/461/759
f 2269/459/760 2299/465/760 2278/462/760
f 2296/464/761 2204/466/761 2285/463/761
f 2286/463/762 2206/466/762 2265/459/762
f 2280/462/763 2301/465/763 2274/460/763
f 2276/460/764 2198/467/764 2289/337/764
f 2200/467/765 92/468/765 2291/337/765
f 48/469/766 2292/464/766 2103/461/766
f 2208/466/767 2188/470/767 2266/459/767
f 2190/470/768 2298/465/768 2268/459/768
usemtl Green
f 3773/471/769 2684/472/769 2477/473/769
f 3849/474/770 2761/475/770 3777/471/770
f 2479/476/771 2538/477/771 2484/478/771
f 2480/476/772 2558/479/772 2540/477/772
f 2557/479/773 2546/480/773 2539/477/773
f 2551/481/774 2518/482/774 2544/483/774
f 3647/484/775 2562/479/775 2481/476/775
f 3662/485/776 2561/479/776 3646/484/776
f 2560/479/777 2555/481/777 2547/480/777
f 2552/481/778 2566/486/778 2520/482/778
f 2559/479/779 2583/487/779 2554/481/779
f 2565/486/780 2576/488/780 2519/482/780
f 2553/481/781 2582/487/781 2568/486/781
f 2567/486/782 2588/489/782 2577/488/782
s 1
f 3664/485/783 2595/490/783 2564/479/783
s 0
f 2593/490/784 2586/487/784 2563/479/784
f 2589/489/785 2600/491/785 2579/488/785
f 2603/492/786 2529/493/786 2524/494/786
s 1
f 3693/495/787 2596/490/787 3665/485/787
f 2584/487/788 2608/496/788 2571/486/788
s 0
f 2569/486/789 2613/497/789 2590/489/789
f 2604/492/790 2617/498/790 2530/493/790
f 2618/498/791 2534/499/791 2531/493/791
f 2594/490/792 2625/500/792 2587/487/792
f 2607/496/793 2614/497/793 2570/486/793
f 2630/501/794 2634/502/794 2619/498/794
f 2620/498/795 2635/502/795 2535/499/795
f 2470/473/796 2598/490/796 3696/495/796
f 2585/487/797 2623/500/797 2609/496/797
f 2631/501/798 2639/503/798 2636/502/798
f 2624/500/799 2645/504/799 2610/496/799
f 2471/473/800 2658/505/800 2599/490/800
f 2597/490/801 2656/505/801 2627/500/801
f 2649/506/802 2663/507/802 2653/508/802
f 2662/507/803 2667/509/803 2652/508/803
f 2626/500/804 2671/510/804 2646/504/804
f 2644/504/805 2679/511/805 2664/507/805
f 2665/507/806 2680/511/806 2668/509/806
f 2683/472/807 2691/512/807 2475/473/807
f 2474/473/808 2689/512/808 2660/505/808
f 2672/510/809 2698/513/809 2647/504/809
f 2643/504/810 2696/513/810 2678/511/810
f 2695/513/811 2702/514/811 2677/511/811
f 2688/512/812 2710/515/812 2659/505/812
f 2657/505/813 2708/515/813 2629/500/813
f 2707/515/814 2674/510/814 2628/500/814
f 2697/513/815 2714/516/815 2703/514/815
f 2690/512/816 2726/517/816 2713/515/816
f 2717/518/817 2731/519/817 2720/520/817
f 2732/519/818 2737/521/818 2721/520/818
f 2709/515/819 2742/522/819 2676/510/819
f 2741/522/820 2748/523/820 2675/510/820
f 2673/510/821 2746/523/821 2699/513/821
f 2751/524/822 2754/525/822 2733/519/822
f 3775/471/823 2760/475/823 2687/472/823
f 2685/472/824 2765/526/824 2694/512/824
f 2764/526/825 2773/527/825 2693/512/825
f 2692/512/826 2771/527/826 2728/517/826
f 2725/517/827 2779/528/827 2712/515/827
f 2778/528/828 2782/529/828 2706/515/828
f 2711/515/829 2785/529/829 2744/522/829
f 2783/529/830 2787/530/830 2743/522/830
f 2752/524/831 2792/531/831 2755/525/831
f 2759/475/832 2766/526/832 2686/472/832
f 2770/527/833 2796/532/833 2727/517/833
s 1
f 2805/533/834 2811/534/834 2794/531/834
s 0
f 2793/531/835 2810/534/835 2756/525/835
f 2784/529/836 2815/535/836 2788/530/836
f 2822/536/837 2830/537/837 2802/538/837
f 2801/538/838 2829/537/838 2807/533/838
f 2828/537/839 2812/534/839 2806/533/839
f 2834/539/840 2840/540/840 2819/541/840
f 2818/541/841 2839/540/841 2825/536/841
f 2838/540/842 2845/542/842 2824/536/842
s 1
f 2823/536/843 2844/542/843 2831/537/843
s 0
f 3852/474/844 2377/543/844 2763/475/844
f 2767/526/845 3923/544/845 2776/527/845
f 2772/527/846 2443/545/846 2797/532/846
f 2835/539/847 2440/546/847 2841/540/847
f 2528/493/848 2925/547/848 2523/494/848
f 2866/548/849 2494/549/849 2849/550/849
f 2516/482/850 2870/551/850 2851/552/850
f 2850/552/851 2868/551/851 2854/553/851
f 2878/554/852 2881/555/852 2860/556/852
f 2861/556/853 2883/555/853 2864/548/853
f 2885/555/854 2889/557/854 2865/548/854
f 2893/557/855 2497/549/855 2867/548/855
f 2573/488/856 2873/551/856 2517/482/856
f 2869/558/857 2895/559/857 2855/560/857
f 2892/557/858 2901/561/858 2495/549/858
f 2498/549/859 2902/561/859 3061/562/859
f 2903/561/860 2499/563/860 3062/562/860
f 2572/488/861 2907/564/861 2872/551/861
f 2874/558/862 2911/565/862 2896/559/862
f 2916/566/863 2919/567/863 2882/555/863
f 2921/567/864 2887/557/864 2884/555/864
f 2525/494/865 2926/547/865 2578/488/865
f 2924/547/866 2930/568/866 2575/488/866
f 2574/488/867 2929/568/867 2908/564/867
f 2906/564/868 2933/569/868 2871/551/868
f 2943/570/869 2946/571/869 2938/572/869
f 2939/572/870 2947/571/870 2920/567/870
f 2948/571/871 2952/573/871 2923/567/871
f 2922/567/872 2951/573/872 2888/557/872
f 2905/561/873 2961/574/873 2500/563/873
f 2942/570/874 2965/575/874 2945/571/874
f 2956/573/875 2968/576/875 2890/557/875
f 2904/561/876 2972/577/876 2960/574/876
f 2949/571/877 2977/578/877 2954/573/877
f 2976/578/878 2979/579/878 2953/573/878
f 2962/574/879 2984/580/879 2507/581/879
f 2992/582/880 2978/579/880 2975/578/880
f 2996/583/881 2998/584/881 2987/585/881
s 1
f 2988/585/882 2999/584/882 2991/582/882
s 0
f 3004/586/883 3016/587/883 3007/588/883
f 3017/587/884 3021/589/884 3008/588/884
f 3028/590/885 3035/591/885 3011/592/885
f 3012/592/886 3038/591/886 3018/587/886
f 3015/587/887 3034/591/887 3020/589/887
f 3049/593/888 3029/590/888 3025/594/888
f 3037/591/889 3053/595/889 3044/596/889
f 2496/549/890 3058/562/890 3050/593/890
f 3059/562/891 3031/590/891 3051/593/891
f 3030/590/892 3065/597/892 3036/591/892
f 3066/597/893 3071/598/893 3040/591/893
f 3039/591/894 3070/598/894 3055/595/894
f 3054/595/895 3080/599/895 3046/596/895
f 3079/599/896 3086/600/896 3045/596/896
f 3060/562/897 3067/597/897 3032/590/897
f 3072/598/898 3095/601/898 3056/595/898
f 3081/599/899 3099/602/899 3088/600/899
f 3100/602/900 3107/603/900 3089/600/900
f 3087/600/901 3105/603/901 3092/604/901
f 3106/603/902 3111/605/902 3093/604/902
f 3073/598/903 3114/606/903 3096/601/903
f 3119/607/904 3123/608/904 3102/602/904
f 3101/602/905 3122/608/905 3108/603/905
f 3063/562/906 3125/609/906 3068/597/906
f 3069/597/907 3126/609/907 3074/598/907
f 3075/598/908 3132/610/908 3117/606/908
f 3131/610/909 3136/611/909 3116/606/909
f 2501/563/910 3128/609/910 3064/562/910
f 3150/612/911 3143/613/911 3140/614/911
f 2963/574/912 2508/581/912 2502/563/912
f 2503/563/913 3158/615/913 3129/609/913
f 3127/609/914 3166/616/914 3076/598/914
f 3148/617/915 3172/618/915 3155/619/915
f 2509/581/916 3159/615/916 2504/563/916
f 3130/609/917 3160/615/917 3168/616/917
f 3151/612/918 3181/620/918 3144/613/918
f 3145/613/919 3182/620/919 3173/618/919
f 3174/618/920 3190/621/920 3157/619/920
f 3156/619/921 3187/621/921 3178/622/921
f 3188/621/922 3198/623/922 3179/622/922
f 3162/615/923 3204/624/923 3169/616/923
f 3184/620/924 3191/621/924 3175/618/924
s 1
f 3189/621/925 3213/625/925 3200/623/925
s 0
f 3199/623/926 3212/625/926 2488/626/926
f 2515/627/927 3219/628/927 2510/581/927
f 3220/628/928 3225/629/928 2512/581/928
f 2511/581/929 3224/629/929 3161/615/929
f 3185/620/930 3239/630/930 3194/621/930
f 3192/621/931 3244/631/931 3216/625/931
f 3243/631/932 3251/632/932 3215/625/932
f 3214/625/933 3250/632/933 2491/633/933
f 3203/624/934 3232/634/934 3209/635/934
f 3238/630/935 3256/636/935 3193/621/935
f 3245/631/936 3259/637/936 3252/632/936
f 3260/637/937 3264/638/937 3253/632/937
f 3227/629/938 3268/639/938 3164/615/938
f 3163/615/939 3266/639/939 3205/624/939
f 3267/639/940 3233/634/940 3206/624/940
f 3234/634/941 3285/640/941 3242/630/941
f 3240/630/942 3294/641/942 3258/636/942
f 3257/636/943 3292/641/943 3275/642/943
f 3293/641/944 3299/643/944 3276/642/944
f 3277/642/945 3300/643/945 3280/644/945
f 3283/645/946 3304/646/946 3221/628/946
f 3305/646/947 3309/647/947 3223/628/947
f 3222/628/948 3308/647/948 3226/629/948
f 3269/639/949 3286/640/949 3235/634/949
f 3284/640/950 3295/641/950 3241/630/950
f 3310/647/951 3315/648/951 3229/629/951
f 3228/629/952 3314/648/952 3270/639/952
f 3271/639/953 3321/649/953 3288/640/953
f 3331/650/954 3316/648/954 3312/647/954
f 3317/648/955 3322/649/955 3272/639/955
f 3323/649/956 3337/651/956 3290/640/956
f 3336/651/957 3344/652/957 3289/640/957
f 3287/640/958 3343/652/958 3296/641/958
f 3329/653/959 3349/654/959 3307/646/959
s 1
f 3306/646/960 3348/654/960 3311/647/960
s 0
f 3351/654/961 3332/650/961 3313/647/961
f 3338/651/962 3356/655/962 3345/652/962
f 3353/654/963 3361/656/963 3333/650/963
f 3334/650/964 3364/657/964 3318/648/964
f 3330/653/965 3372/658/965 3350/654/965
f 3365/657/966 4238/659/966 3320/648/966
f 3319/648/967 4237/659/967 3324/649/967
f 4239/659/968 3380/660/968 3326/649/968
f 3325/649/969 3378/660/969 3339/651/969
f 3379/660/970 3358/655/970 3340/651/970
f 2438/661/971 2432/662/971 3373/658/971
f 3374/658/972 2433/662/972 3352/654/972
f 3362/656/973 3366/657/973 3335/650/973
s 1
f 3377/660/974 2428/663/974 3357/655/974
s 0
f 3383/664/975 3386/665/975 2448/666/975
f 3388/665/976 2457/667/976 2449/666/976
f 3400/668/977 2454/667/977 3387/665/977
f 3404/669/978 3398/670/978 3392/671/978
f 3401/668/979 3412/672/979 2455/667/979
f 3405/669/980 3417/673/980 3399/670/980
f 3416/673/981 3422/674/981 3397/670/981
f 3396/670/982 3421/674/982 3410/675/982
f 3413/672/983 3426/676/983 2456/667/983
f 3431/677/984 3425/676/984 3411/672/984
f 3427/676/985 3435/678/985 2458/667/985
f 3430/677/986 3447/679/986 3424/676/986
f 3450/680/987 3454/681/987 3440/682/987
f 3442/682/988 3459/681/988 3446/683/988
f 3451/680/989 3472/684/989 3457/681/989
f 3473/684/990 3480/685/990 3460/681/990
f 3458/681/991 3478/685/991 3465/686/991
f 3437/678/992 3489/687/992 3706/688/992
f 3491/689/993 3496/690/993 3468/691/993
f 3467/691/994 3495/690/994 3474/684/994
f 3498/692/995 3504/693/995 3479/685/995
f 3477/685/996 3502/693/996 3461/686/996
f 3503/693/997 3511/694/997 3464/686/997
f 3509/694/998 3487/687/998 3434/678/998
f 3490/687/999 3516/695/999 3708/688/999
f 3501/693/1000 3520/696/1000 3507/694/1000
f 3521/696/1001 3483/687/1001 3508/694/1001
f 3522/696/1002 3525/697/1002 3484/687/1002
f 3530/698/1003 3534/699/1003 3526/697/1003
f 3527/697/1004 3536/699/1004 3486/687/1004
f 3535/699/1005 3543/700/1005 3485/687/1005
f 3488/687/1006 3544/700/1006 3513/695/1006
f 3545/700/1007 3548/701/1007 3514/695/1007
f 3549/701/1008 3553/702/1008 3517/695/1008
f 3565/703/1009 3539/699/1009 3531/698/1009
f 3550/701/1010 3568/704/1010 3554/702/1010
f 3569/704/1011 3572/705/1011 3555/702/1011
s 1
f 3556/702/1012 3573/705/1012 2463/706/1012
s 0
f 3561/707/1013 3542/699/1013 3566/703/1013
f 3576/708/1014 3583/709/1014 3562/707/1014
f 3560/707/1015 3582/709/1015 3541/699/1015
f 3577/708/1016 3588/710/1016 3585/709/1016
f 3580/709/1017 3602/711/1017 3540/699/1017
f 3593/712/1018 3613/713/1018 3597/714/1018
f 3612/713/1019 3615/715/1019 3596/714/1019
f 3581/709/1020 3629/716/1020 3604/711/1020
f 3603/711/1021 3628/716/1021 3607/717/1021
f 3605/717/1022 3625/716/1022 3591/712/1022
f 3626/716/1023 3609/713/1023 3592/712/1023
f 3620/715/1024 3635/718/1024 3623/719/1024
f 4459/720/1025 3630/716/1025 3584/709/1025
f 3637/718/1026 5107/721/1026 2467/722/1026
f 3436/678/1027 3705/688/1027 2459/667/1027
f 3515/695/1028 3731/723/1028 3707/688/1028
f 3642/724/1029 3657/725/1029 3645/484/1029
f 2460/667/1030 3669/726/1030 2451/666/1030
f 2450/666/1031 3668/726/1031 3640/727/1031
f 3654/728/1032 3680/729/1032 3659/725/1032
f 3658/725/1033 3679/729/1033 3648/484/1033
f 3681/729/1034 3663/485/1034 3649/484/1034
f 3672/726/1035 3688/730/1035 3675/731/1035
f 3687/730/1036 3652/728/1036 3674/731/1036
f 2461/667/1037 3698/732/1037 3670/726/1037
f 3701/732/1038 3686/730/1038 3671/726/1038
f 3653/728/1039 3689/730/1039 3678/729/1039
f 3683/729/1040 3694/495/1040 3666/485/1040
f 3709/688/1041 3699/732/1041 2462/667/1041
f 3691/730/1042 3712/733/1042 3682/729/1042
f 3684/729/1043 3719/734/1043 3695/495/1043
f 3710/688/1044 3737/735/1044 3700/732/1044
f 3714/733/1045 3720/734/1045 3685/729/1045
f 3721/734/1046 2472/473/1046 3697/495/1046
f 3703/732/1047 3724/736/1047 3690/730/1047
f 3692/730/1048 3726/736/1048 3713/733/1048
f 3733/723/1049 3739/735/1049 3711/688/1049
f 3740/735/1050 3742/737/1050 3702/732/1050
f 3744/737/1051 3725/736/1051 3704/732/1051
f 3716/733/1052 3747/738/1052 3722/734/1052
f 3723/734/1053 3749/738/1053 2473/473/1053
f 3732/723/1054 3753/739/1054 3738/735/1054
f 3757/739/1055 3743/737/1055 3741/735/1055
f 3729/736/1056 3761/740/1056 3715/733/1056
f 3763/740/1057 3766/741/1057 3717/733/1057
f 3718/733/1058 3767/741/1058 3748/738/1058
f 3750/738/1059 3772/471/1059 2476/473/1059
f 3734/723/1060 3779/742/1060 3754/739/1060
f 3758/739/1061 3784/743/1061 3745/737/1061
f 3746/737/1062 3787/743/1062 3727/736/1062
f 3788/743/1063 3794/744/1063 3728/736/1063
f 3730/736/1064 3795/744/1064 3762/740/1064
f 3752/738/1065 3801/745/1065 3774/471/1065
f 3770/741/1066 3800/745/1066 3751/738/1066
f 3791/746/1067 3806/747/1067 3778/742/1067
f 3807/747/1068 3810/748/1068 3780/742/1068
f 3781/742/1069 3811/748/1069 3755/739/1069
f 3812/748/1070 3816/749/1070 3756/739/1070
f 3818/749/1071 3822/750/1071 3760/739/1071
f 3821/750/1072 3785/743/1072 3759/739/1072
f 3765/740/1073 3838/751/1073 3768/741/1073
f 3813/748/1074 3827/752/1074 3817/749/1074
f 3797/744/1075 3837/751/1075 3764/740/1075
f 3840/751/1076 3842/753/1076 3769/741/1076
f 3771/741/1077 3844/753/1077 3802/745/1077
f 3804/745/1078 3848/474/1078 3776/471/1078
f 3823/750/1079 3830/754/1079 3786/743/1079
f 3833/754/1080 3864/755/1080 3789/743/1080
f 3790/743/1081 3865/755/1081 3796/744/1081
f 3871/756/1082 5115/721/1082 3857/757/1082
f 3856/757/1083 5106/721/1083 3860/758/1083
f 5110/721/1084 3874/759/1084 3861/758/1084
f 3799/744/1085 3883/760/1085 3839/751/1085
f 3886/760/1086 3843/753/1086 3841/751/1086
f 3846/753/1087 3890/761/1087 3803/745/1087
f 3805/745/1088 3892/761/1088 3850/474/1088
f 2468/722/1089 5108/721/1089 3870/756/1089
f 5114/721/1090 3880/762/1090 3876/759/1090
f 3905/763/1091 3832/754/1091 3824/750/1091
f 3868/755/1092 3882/760/1092 3798/744/1092
f 5111/721/1093 3896/764/1093 3878/762/1093
f 3900/764/1094 4568/765/1094 3902/763/1094
f 3887/760/1095 4699/766/1095 3845/753/1095
f 2367/767/1096 3912/768/1096 2373/769/1096
f 2360/770/1097 3914/768/1097 2368/767/1097
f 2357/771/1098 3934/772/1098 2363/770/1098
f 2349/773/1099 3988/774/1099 2353/775/1099
f 2337/776/1100 4056/777/1100 2342/778/1100
f 2374/543/1101 2768/526/1101 2762/475/1101
f 5326/779/1102 3909/768/1102 2380/543/1102
f 2372/769/1103 3910/768/1103 5327/779/1103
f 3908/768/1104 3920/780/1104 2379/543/1104
f 3919/780/1105 3928/544/1105 2376/543/1105
f 2375/543/1106 3927/544/1106 2769/526/1106
f 2359/770/1107 3933/772/1107 3913/768/1107
f 3937/781/1108 3940/782/1108 3932/772/1108
f 3931/772/1109 3939/782/1109 3911/768/1109
f 3948/783/1110 3950/784/1110 3945/785/1110
f 3918/780/1111 3955/786/1111 3926/544/1111
f 3938/781/1112 3958/787/1112 3941/782/1112
f 3954/786/1113 3962/788/1113 3925/544/1113
f 3961/788/1114 3968/789/1114 3924/544/1114
f 3922/544/1115 3967/789/1115 2775/527/1115
f 3966/789/1116 2445/545/1116 2774/527/1116
f 3965/789/1117 3970/790/1117 2444/545/1117
f 2354/775/1118 3989/774/1118 3974/791/1118
f 3978/792/1119 4002/793/1119 3981/794/1119
f 4001/793/1120 4004/795/1120 3980/794/1120
f 3993/796/1121 4014/797/1121 3998/798/1121
f 4013/797/1122 4018/799/1122 3997/798/1122
f 3984/774/1123 4024/800/1123 4009/801/1123
f 4021/800/1124 4028/802/1124 4008/801/1124
f 4034/803/1125 4036/804/1125 3994/796/1125
f 3995/796/1126 4037/804/1126 4015/797/1126
f 4012/797/1127 4040/805/1127 4017/799/1127
f 2348/773/1128 4043/806/1128 3987/774/1128
f 4042/806/1129 4048/807/1129 3986/774/1129
f 3985/774/1130 4047/807/1130 4025/800/1130
f 4023/800/1131 4051/808/1131 4029/802/1131
f 4046/807/1132 4065/809/1132 4022/800/1132
f 2336/776/1133 4076/810/1133 4055/777/1133
f 4081/811/1134 4086/812/1134 4060/813/1134
f 4061/813/1135 4087/812/1135 4064/809/1135
f 4091/814/1136 4096/815/1136 4071/816/1136
f 4070/816/1137 4095/815/1137 4074/817/1137
f 4094/815/1138 4099/818/1138 4073/817/1138
f 4093/815/1139 4105/819/1139 4098/818/1139
f 4080/811/1140 4108/820/1140 4084/812/1140
f 4109/820/1141 4102/821/1141 4085/812/1141
f 4130/822/1142 4118/823/1142 2333/824/1142
s 1
f 4133/825/1143 4121/826/1143 4114/827/1143
s 0
f 4129/822/1144 4138/828/1144 4117/823/1144
f 4132/825/1145 4146/829/1145 4120/826/1145
f 4137/828/1146 4128/822/1146 4142/830/1146
f 4145/829/1147 4157/831/1147 4153/832/1147
f 5438/833/1148 4162/834/1148 4126/822/1148
f 4125/822/1149 2424/835/1149 4141/830/1149
f 4169/836/1150 4178/837/1150 4156/831/1150
f 4155/831/1151 4177/837/1151 4152/832/1151
f 4176/837/1152 4181/838/1152 4151/832/1152
f 2419/839/1153 2414/840/1153 4164/841/1153
f 4165/841/1154 2415/840/1154 4168/836/1154
f 2413/840/1155 4175/837/1155 4167/836/1155
f 4189/842/1156 4192/843/1156 4185/844/1156
f 4193/843/1157 4197/845/1157 4186/844/1157
f 4202/846/1158 4204/847/1158 4194/843/1158
f 4195/843/1159 4205/847/1159 4198/845/1159
f 4209/848/1160 2434/662/1160 2439/661/1160
f 4210/848/1161 4218/849/1161 2435/662/1161
f 4213/850/1162 3367/657/1162 3363/656/1162
f 4221/851/1163 4227/852/1163 4215/850/1163
f 4214/850/1164 4225/852/1164 3368/657/1164
f 4222/851/1165 4232/853/1165 4228/852/1165
f 4226/852/1166 4240/659/1166 3369/657/1166
f 4243/854/1167 4248/855/1167 4234/853/1167
f 4233/853/1168 4247/855/1168 4229/852/1168
f 4244/854/1169 4254/856/1169 4250/855/1169
f 4258/857/1170 4265/858/1170 4255/856/1170
f 4253/856/1171 4263/858/1171 4249/855/1171
f 4259/857/1172 4275/859/1172 4266/858/1172
f 4262/858/1173 4280/860/1173 4272/861/1173
f 4279/860/1174 4284/862/1174 4271/861/1174
s 1
f 4291/863/1175 4296/864/1175 3382/660/1175
s 0
f 4295/864/1176 2429/663/1176 3381/660/1176
f 4276/859/1177 4300/865/1177 4267/858/1177
f 4301/865/1178 4307/866/1178 4268/858/1178
f 4264/858/1179 4305/866/1179 4281/860/1179
f 4292/863/1180 4314/867/1180 4297/864/1180
f 4302/865/1181 4319/868/1181 4308/866/1181
f 4317/868/1182 4325/869/1182 4306/866/1182
f 4311/870/1183 4335/871/1183 4288/872/1183
f 4332/871/1184 4338/873/1184 4287/872/1184
f 4329/874/1185 4345/875/1185 4322/868/1185
f 4343/875/1186 4349/876/1186 4321/868/1186
f 4348/876/1187 4353/877/1187 4318/868/1187
f 4320/868/1188 4354/877/1188 4326/869/1188
f 4357/878/1189 4363/879/1189 4334/871/1189
s 1
f 4333/871/1190 4361/879/1190 4339/873/1190
s 0
f 4369/880/1191 4373/881/1191 4342/875/1191
f 4344/875/1192 4374/881/1192 4350/876/1192
f 4358/878/1193 4378/882/1193 4364/879/1193
f 4377/882/1194 4381/883/1194 4362/879/1194
f 4368/880/1195 4385/884/1195 4372/881/1195
f 4389/885/1196 4398/886/1196 4393/887/1196
f 4396/886/1197 4401/888/1197 4392/887/1197
f 4367/880/1198 4410/889/1198 4384/884/1198
f 4388/885/1199 4421/890/1199 4397/886/1199
f 4428/891/1200 4412/892/1200 4404/893/1200
f 4409/892/1201 4433/894/1201 4417/895/1201
f 4425/896/1202 4443/897/1202 4430/891/1202
f 4429/891/1203 4442/897/1203 4413/892/1203
f 4434/894/1204 4454/898/1204 4418/895/1204
f 4453/898/1205 4447/899/1205 4416/895/1205
f 4440/897/1206 4436/894/1206 4411/892/1206
f 4424/896/1207 2411/900/1207 4441/897/1207
f 4469/901/1208 4478/902/1208 4455/903/1208
f 4456/903/1209 4479/902/1209 4461/720/1209
f 4475/902/1210 3632/716/1210 4460/720/1210
f 4464/904/1211 4484/905/1211 4470/901/1211
f 4488/906/1212 4485/905/1212 4465/904/1212
f 4468/901/1213 4483/905/1213 4477/902/1213
f 4482/905/1214 4496/907/1214 4476/902/1214
f 4494/907/1215 4501/908/1215 4473/902/1215
f 4474/902/1216 4502/908/1216 3631/716/1216
f 4498/908/1217 3610/713/1217 3627/716/1217
f 4487/906/1218 4513/909/1218 4481/905/1218
f 4480/905/1219 4511/909/1219 4495/907/1219
f 4505/910/1220 4512/909/1220 4486/906/1220
f 4491/907/1221 4514/911/1221 4497/908/1221
f 4516/911/1222 4520/912/1222 4499/908/1222
f 4500/908/1223 4521/912/1223 3611/713/1223
f 4508/909/1224 4531/913/1224 4493/907/1224
f 4526/913/1225 4515/911/1225 4492/907/1225
f 4522/912/1226 3616/715/1226 3614/713/1226
f 4532/914/1227 4525/913/1227 4507/909/1227
f 4504/910/1228 4540/915/1228 4510/909/1228
s 1
f 4539/915/1229 4536/914/1229 4509/909/1229
s 0
f 4524/912/1230 4544/916/1230 3619/715/1230
f 4542/916/1231 3633/718/1231 3617/715/1231
f 4533/914/1232 4548/917/1232 4527/913/1232
f 4517/911/1233 4541/916/1233 4523/912/1233
f 4529/913/1234 2382/918/1234 4518/911/1234
f 4519/911/1235 2384/918/1235 4543/916/1235
f 4545/916/1236 5105/721/1236 3636/718/1236
f 5262/919/1237 4756/920/1237 2395/921/1237
f 2392/922/1238 4791/923/1238 5265/919/1238
f 5119/924/1239 4553/925/1239 5112/721/1239
f 5113/721/1240 4554/925/1240 3897/764/1240
f 4556/925/1241 4567/765/1241 3899/764/1241
f 4561/926/1242 4569/765/1242 4559/925/1242
f 4574/927/1243 3903/763/1243 4570/765/1243
f 5126/928/1244 5140/929/1244 4557/925/1244
f 5141/929/1245 4560/926/1245 4558/925/1245
f 4578/930/1246 3834/754/1246 4576/927/1246
f 4575/927/1247 3831/754/1247 3904/763/1247
f 4562/926/1248 4584/931/1248 4571/765/1248
f 5143/929/1249 4588/932/1249 4563/926/1249
f 4593/933/1250 4586/931/1250 4564/926/1250
s 1
f 4565/926/1251 4589/932/1251 4594/933/1251
s 0
f 4579/930/1252 4601/934/1252 3835/754/1252
f 4603/934/1253 3867/755/1253 3836/754/1253
f 2403/935/1254 4610/936/1254 5144/929/1254
f 5145/929/1255 4611/936/1255 4591/932/1255
f 4623/937/1256 4627/938/1256 4597/939/1256
f 4598/939/1257 4628/938/1257 4580/930/1257
s 1
f 4629/938/1258 4604/934/1258 4581/930/1258
s 0
f 4602/934/1259 4618/940/1259 3866/755/1259
f 4619/940/1260 3884/760/1260 3869/755/1260
f 4607/934/1261 4636/941/1261 4621/940/1261
f 4639/942/1262 3885/760/1262 4620/940/1262
f 2406/935/1263 4646/943/1263 4613/936/1263
f 4624/937/1264 4652/944/1264 4631/938/1264
f 4632/938/1265 4655/945/1265 4605/934/1265
f 4606/934/1266 4660/946/1266 4635/941/1266
f 4659/946/1267 4667/947/1267 4634/941/1267
f 2398/948/1268 4670/949/1268 5180/950/1268
f 5179/950/1269 4669/949/1269 2404/935/1269
f 4671/949/1270 4645/943/1270 2405/935/1270
f 4648/943/1271 4675/951/1271 4614/936/1271
f 4656/945/1272 4688/952/1272 4608/934/1272
f 4689/952/1273 4661/946/1273 4609/934/1273
f 4691/953/1274 4696/954/1274 4641/942/1274
s 1
f 4640/942/1275 4694/954/1275 3888/760/1275
f 4695/954/1276 4700/766/1276 3889/760/1276
s 0
f 4673/949/1277 4707/955/1277 4647/943/1277
f 4711/956/1278 4677/951/1278 4649/943/1278
f 4676/951/1279 4714/957/1279 4682/958/1279
f 4687/952/1280 4719/959/1280 4658/946/1280
f 4712/956/1281 4727/960/1281 4679/951/1281
f 4678/951/1282 4726/960/1282 4715/957/1282
f 4720/959/1283 4730/961/1283 4662/946/1283
f 4731/961/1284 4734/962/1284 4663/946/1284
f 4664/946/1285 4735/962/1285 4722/963/1285
f 4737/964/1286 4701/766/1286 4697/954/1286
f 4738/964/1287 4741/965/1287 4702/766/1287
f 4742/965/1288 4747/966/1288 4705/766/1288
f 4746/966/1289 3893/761/1289 4704/766/1289
f 4703/766/1290 3891/761/1290 3847/753/1290
f 4753/967/1291 4748/966/1291 4743/965/1291
f 4759/920/1292 4767/968/1292 4762/969/1292
f 4749/966/1293 4768/970/1293 3894/761/1293
f 5263/919/1294 4776/971/1294 4757/920/1294
s 1
f 4778/971/1295 4766/968/1295 4758/920/1295
s 0
f 4750/966/1296 4780/972/1296 4772/970/1296
f 5264/919/1297 4790/923/1297 4777/971/1297
f 4769/970/1298 3851/474/1298 3895/761/1298
f 4782/972/1299 4799/973/1299 4773/970/1299
f 4804/974/1300 4809/975/1300 4781/972/1300
f 4779/972/1301 4808/975/1301 4797/973/1301
f 4798/973/1302 4813/976/1302 4770/970/1302
f 4771/970/1303 4815/976/1303 3855/474/1303
f 4793/977/1304 2329/978/1304 4785/972/1304
f 2328/978/1305 2325/979/1305 4784/972/1305
f 4783/972/1306 2324/979/1306 4805/974/1306
f 4810/975/1307 2321/980/1307 4800/973/1307
f 4814/976/1308 2316/981/1308 3854/474/1308
f 4173/837/1309 4825/982/1309 4822/983/1309
f 4174/837/1310 2412/840/1310 4826/982/1310
f 4824/982/1311 4830/984/1311 4821/983/1311
f 4829/984/1312 4833/985/1312 4819/983/1312
f 4834/985/1313 4837/986/1313 4820/983/1313
f 4123/822/1314 4858/987/1314 2422/835/1314
f 2423/835/1315 4860/987/1315 4846/988/1315
f 4845/988/1316 4855/987/1316 4851/989/1316
f 4854/987/1317 4867/990/1317 4850/989/1317
f 4849/989/1318 4865/990/1318 4841/991/1318
f 4864/990/1319 4871/992/1319 4840/991/1319
f 4124/822/1320 4160/834/1320 4859/987/1320
f 4869/992/1321 4877/993/1321 4874/994/1321
f 4862/990/1322 4879/993/1322 4870/992/1322
f 4853/987/1323 4885/995/1323 4866/990/1323
f 4861/990/1324 4891/996/1324 4878/993/1324
f 4882/995/1325 4894/996/1325 4863/990/1325
f 5434/833/1326 5447/997/1326 4161/834/1326
f 4159/834/1327 5445/997/1327 4857/987/1327
f 5444/997/1328 4887/995/1328 4856/987/1328
f 4876/993/1329 4888/996/1329 4896/998/1329
f 4890/996/1330 5482/999/1330 4897/998/1330
f 4446/899/1331 4448/898/1331 4902/1000/1331
f 4451/898/1332 4908/1001/1332 4903/1000/1332
f 4449/898/1333 4917/1002/1333 4907/1001/1333
f 4906/1001/1334 4915/1002/1334 4911/1003/1334
f 4914/1002/1335 4927/1004/1335 4921/1005/1335
f 4930/1004/1336 4935/1006/1336 4922/1005/1336
f 4934/1006/1337 4928/1004/1337 4939/1007/1337
f 4431/894/1338 4944/1008/1338 4452/898/1338
f 4450/898/1339 4942/1008/1339 4918/1002/1339
f 4941/1008/1340 4931/1004/1340 4916/1002/1340
f 4923/1004/1341 4948/1009/1341 4938/1007/1341
s 1
f 4925/1004/1342 4954/1010/1342 4949/1009/1342
s 0
f 4437/897/1343 4960/1011/1343 4435/894/1343
f 4432/894/1344 4959/1011/1344 4945/1008/1344
f 4940/1008/1345 4996/1012/1345 4929/1004/1345
f 4994/1012/1346 4974/1013/1346 4924/1004/1346
f 4926/1004/1347 4975/1013/1347 4955/1010/1347
s 1
f 4952/1010/1348 4982/1014/1348 4965/1015/1348
s 0
f 4964/1015/1349 4978/1014/1349 4968/1016/1349
f 4980/1014/1350 4987/1017/1350 4969/1016/1350
f 2410/900/1351 4993/1018/1351 4439/897/1351
f 4438/897/1352 4991/1018/1352 4961/1011/1352
f 4957/1011/1353 4999/1012/1353 4943/1008/1353
s 1
f 4972/1013/1354 4983/1014/1354 4953/1010/1354
s 0
f 4995/1012/1355 5001/1019/1355 4976/1013/1355
f 5008/1020/1356 4992/1018/1356 2409/900/1356
f 4988/1018/1357 5014/1021/1357 4958/1011/1357
f 4956/1011/1358 5012/1021/1358 4998/1012/1358
f 5011/1021/1359 5004/1019/1359 4997/1012/1359
f 5007/1020/1360 5021/1022/1360 4990/1018/1360
f 5020/1022/1361 5015/1021/1361 4989/1018/1361
f 5000/1019/1362 5026/1023/1362 4973/1013/1362
f 5032/1024/1363 5039/1025/1363 4981/1014/1363
f 4977/1014/1364 5037/1025/1364 4986/1017/1364
f 5019/1022/1365 5042/1026/1365 5013/1021/1365
f 5043/1026/1366 5050/1027/1366 5016/1021/1366
f 5047/1027/1367 5056/1028/1367 5010/1021/1367
f 5009/1021/1368 5054/1028/1368 5003/1019/1368
f 4970/1013/1369 5030/1024/1369 4979/1014/1369
f 5031/1024/1370 5059/1029/1370 5038/1025/1370
f 5053/1028/1371 5027/1023/1371 5002/1019/1371
f 5023/1023/1372 5034/1024/1372 4971/1013/1372
f 5062/1030/1373 5067/1031/1373 5049/1027/1373
f 5066/1031/1374 5077/1032/1374 5048/1027/1374
f 5046/1027/1375 5075/1032/1375 5055/1028/1375
f 5081/1033/1376 5076/1032/1376 5065/1031/1376
f 5022/1023/1377 5084/1034/1377 5033/1024/1377
f 5080/1033/1378 5089/1035/1378 5074/1032/1378
f 5051/1028/1379 5094/1036/1379 5025/1023/1379
f 5100/1037/1380 5073/1032/1380 5088/1035/1380
f 5069/1032/1381 5096/1036/1381 5052/1028/1381
f 5024/1023/1382 5093/1036/1382 5085/1034/1382
f 5099/1037/1383 5104/1038/1383 5072/1032/1383
f 5103/1038/1384 5582/1039/1384 5071/1032/1384
f 5606/1040/1385 5095/1036/1385 5068/1032/1385
f 4551/917/1386 5128/1041/1386 4528/913/1386
f 4547/916/1387 5117/924/1387 5109/721/1387
f 4546/916/1388 2386/918/1388 5116/924/1388
f 5120/924/1389 5124/928/1389 4555/925/1389
f 2388/918/1390 5122/928/1390 5118/924/1390
f 4530/913/1391 5130/1041/1391 2383/918/1391
f 5132/1041/1392 5134/1042/1392 2385/918/1392
f 5136/1042/1393 5121/928/1393 2387/918/1393
f 4550/917/1394 5147/1043/1394 5127/1041/1394
f 5138/1042/1395 5152/1044/1395 5123/928/1395
f 5125/928/1396 5154/1044/1396 5139/929/1396
f 5148/1043/1397 5158/1045/1397 5129/1041/1397
f 5133/1041/1398 5165/1046/1398 5135/1042/1398
f 5137/1042/1399 5167/1046/1399 5150/1044/1399
f 5142/929/1400 5156/1044/1400 2401/935/1400
f 5157/1044/1401 5175/950/1401 2402/935/1401
f 5131/1041/1402 5159/1045/1402 5163/1046/1402
f 5168/1046/1403 5171/1047/1403 5151/1044/1403
f 5173/1047/1404 5182/1048/1404 5153/1044/1404
f 5155/1044/1405 5184/1048/1405 5174/950/1405
f 5160/1045/1406 5187/1049/1406 5164/1046/1406
f 5189/1049/1407 5169/1047/1407 5166/1046/1407
f 5186/1048/1408 5195/1050/1408 5176/950/1408
f 5196/1050/1409 5199/1051/1409 5177/950/1409
s 1
f 5178/950/1410 5200/1051/1410 2397/948/1410
s 0
f 5172/1047/1411 5218/1052/1411 5181/1048/1411
f 5198/1050/1412 5206/1053/1412 5201/1051/1412
f 5209/1054/1413 5213/1052/1413 5188/1049/1413
f 5190/1049/1414 5215/1052/1414 5170/1047/1414
f 5219/1052/1415 5221/1055/1415 5183/1048/1415
f 5223/1055/1416 5193/1050/1416 5185/1048/1416
f 5210/1054/1417 5227/1056/1417 5214/1052/1417
f 5225/1055/1418 5233/1057/1418 5194/1050/1418
f 5234/1057/1419 5204/1053/1419 5197/1050/1419
f 5217/1052/1420 5241/1058/1420 5220/1055/1420
f 5235/1057/1421 5246/1059/1421 5205/1053/1421
f 5228/1056/1422 5238/1058/1422 5216/1052/1422
f 5245/1058/1423 5251/1060/1423 5222/1055/1423
f 5253/1060/1424 5232/1057/1424 5224/1055/1424
f 5256/1061/1425 5260/919/1425 2394/921/1425
f 5229/1056/1426 5275/1062/1426 5239/1058/1426
f 5281/1063/1427 5286/1064/1427 5259/919/1427
f 5287/1064/1428 2391/922/1428 5261/919/1428
f 5269/1065/1429 5273/1062/1429 5226/1056/1429
f 5276/1062/1430 5305/1066/1430 5240/1058/1430
f 5244/1058/1431 5290/1067/1431 5250/1060/1431
f 5291/1067/1432 5295/1068/1432 5252/1060/1432
f 5249/1060/1433 5294/1068/1433 5277/1069/1433
f 5268/1065/1434 5298/1070/1434 5272/1062/1434
f 5243/1058/1435 5312/1071/1435 5289/1067/1435
f 5280/1063/1436 5315/1072/1436 5285/1064/1436
f 5299/1070/1437 5303/1066/1437 5274/1062/1437
f 5309/1066/1438 5311/1071/1438 5242/1058/1438
f 2315/981/1439 2378/543/1439 3853/474/1439
f 4801/973/1440 5323/1073/1440 4817/976/1440
f 4816/976/1441 5320/1074/1441 2318/981/1441
f 2317/981/1442 5328/779/1442 2381/543/1442
f 5331/1075/1443 2361/770/1443 2369/767/1443
f 5333/1075/1444 5340/1076/1444 2362/770/1444
f 5332/1075/1445 5348/1077/1445 5339/1076/1445
f 5343/1078/1446 5353/1079/1446 5336/1080/1446
f 5354/1079/1447 5358/1081/1447 5337/1080/1447
f 5344/1078/1448 5360/1082/1448 5355/1079/1448
f 5373/1083/1449 5378/1084/1449 5364/1085/1449
f 5363/1085/1450 5377/1084/1450 5368/1086/1450
s 1
f 5376/1084/1451 5382/1087/1451 5366/1086/1451
s 0
f 5384/1087/1452 5388/1088/1452 5367/1086/1452
f 5334/1075/1453 5395/1089/1453 5349/1077/1453
f 5383/1087/1454 5394/1089/1454 5387/1088/1454
f 5381/1087/1455 5398/1090/1455 5393/1089/1455
f 5380/1087/1456 5403/1091/1456 5397/1090/1456
f 5404/1091/1457 5414/1092/1457 5410/1093/1457
f 5413/1092/1458 5419/1094/1458 5409/1093/1458
f 5418/1094/1459 2345/778/1459 5408/1093/1459
f 5417/1094/1460 5423/1095/1460 2344/778/1460
f 5422/1095/1461 2338/776/1461 2343/778/1461
f 5431/1096/1462 2334/824/1462 5427/1097/1462
f 5432/1096/1463 5442/833/1463 2335/824/1463
f 2332/824/1464 5439/833/1464 4127/822/1464
f 5430/1096/1465 2307/1098/1465 5441/833/1465
f 2309/1099/1466 5446/997/1466 5433/833/1466
f 5452/1100/1467 4886/995/1467 5443/997/1467
f 5455/1101/1468 5461/1102/1468 5451/1100/1468
s 1
f 5450/1100/1469 5460/1102/1469 4884/995/1469
f 5459/1102/1470 4895/996/1470 4883/995/1470
s 0
f 5465/1103/1471 4893/996/1471 5458/1102/1471
f 5464/1103/1472 5469/1104/1472 4892/996/1472
f 5468/1104/1473 5481/999/1473 4889/996/1473
f 5486/1105/1474 5479/1106/1474 5472/1107/1474
f 5485/1105/1475 5493/1108/1475 5478/1106/1475
f 5492/1108/1476 5497/1109/1476 5477/1106/1476
f 5476/1106/1477 5496/1109/1477 5490/1110/1477
f 5511/1111/1478 5516/1112/1478 5500/1113/1478
f 5501/1113/1479 5517/1112/1479 5505/1114/1479
f 5515/1112/1480 5523/1115/1480 5504/1114/1480
f 5536/1116/1481 5540/1117/1481 5508/1118/1481
f 5514/1112/1482 5544/1119/1482 5522/1115/1482
f 5543/1119/1483 5548/1120/1483 5520/1115/1483
f 5521/1115/1484 5549/1120/1484 5526/1121/1484
f 5556/1122/1485 5560/1123/1485 5529/1124/1485
f 5530/1124/1486 5561/1123/1486 5533/1116/1486
f 5562/1123/1487 5566/1125/1487 5534/1116/1487
f 5535/1116/1488 5567/1125/1488 5539/1117/1488
f 5547/1120/1489 5571/1126/1489 5555/1122/1489
f 5570/1126/1490 5574/1127/1490 5554/1122/1490
f 5557/1122/1491 5575/1127/1491 5563/1123/1491
f 5591/1128/1492 5607/1040/1492 5585/1129/1492
f 5586/1129/1493 5608/1040/1493 5580/1039/1493
f 5581/1039/1494 5609/1040/1494 5070/1032/1494
f 5590/1128/1495 5615/1130/1495 5605/1040/1495
f 5614/1130/1496 5619/1131/1496 5604/1040/1496
f 5624/1132/1497 5628/1133/1497 5593/1134/1497
f 5594/1134/1498 5629/1133/1498 5598/1135/1498
f 5601/1135/1499 5613/1130/1499 5589/1128/1499
f 5630/1133/1500 5634/1136/1500 5599/1135/1500
f 5597/1135/1501 5633/1136/1501 5612/1130/1501
f 5618/1131/1502 5637/1137/1502 5602/1040/1502
f 5638/1137/1503 5092/1036/1503 5603/1040/1503
f 5622/1132/1504 5640/1138/1504 5627/1133/1504
f 5623/1132/1505 5647/1139/1505 5642/1138/1505
f 5646/1139/1506 5649/1140/1506 5641/1138/1506
f 2306/1098/1507 5653/1141/1507 5440/833/1507
f 5652/1141/1508 5656/1142/1508 5435/833/1508
f 5657/1142/1509 5660/1143/1509 5437/833/1509
f 5436/833/1510 5659/1143/1510 2310/1099/1510
f 5300/1070/1511 5664/1144/1511 5306/1066/1511
f 5663/1144/1512 5667/1145/1512 5304/1066/1512
f 5668/1145/1513 5672/1146/1513 5308/1066/1513
f 5671/1146/1514 5310/1071/1514 5307/1066/1514
f 7143/471/1515 5847/473/1515 6054/472/1515
f 7219/474/1516 7147/471/1516 6131/475/1516
f 5849/476/1517 5854/478/1517 5908/477/1517
f 5850/476/1518 5910/477/1518 5928/479/1518
f 5927/479/1519 5909/477/1519 5916/480/1519
f 5921/481/1520 5914/483/1520 5888/482/1520
f 7017/484/1521 5851/476/1521 5932/479/1521
f 7032/485/1522 7016/484/1522 5931/479/1522
f 5930/479/1523 5917/480/1523 5925/481/1523
f 5922/481/1524 5890/482/1524 5936/486/1524
f 5929/479/1525 5924/481/1525 5953/487/1525
f 5935/486/1526 5889/482/1526 5948/488/1526
f 5923/481/1527 5938/486/1527 5952/487/1527
f 5937/486/1528 5949/488/1528 5959/489/1528
f 7034/485/1529 5934/479/1529 5965/490/1529
f 5963/490/1530 5933/479/1530 5956/487/1530
f 5961/489/1531 5950/488/1531 5971/491/1531
f 5975/492/1532 5897/494/1532 5899/493/1532
f 7063/495/1533 7035/485/1533 5966/490/1533
f 5954/487/1534 5941/486/1534 5979/496/1534
f 5939/486/1535 5962/489/1535 5985/497/1535
s 1
f 5976/492/1536 5900/493/1536 5989/498/1536
s 0
f 5990/498/1537 5901/493/1537 5904/499/1537
f 5964/490/1538 5957/487/1538 5995/500/1538
f 5978/496/1539 5940/486/1539 5986/497/1539
f 6002/501/1540 5991/498/1540 6004/502/1540
f 5992/498/1541 5905/499/1541 6005/502/1541
f 5840/473/1542 7066/495/1542 5968/490/1542
f 5955/487/1543 5980/496/1543 5993/500/1543
f 6003/501/1544 6006/502/1544 6010/503/1544
f 5994/500/1545 5981/496/1545 6015/504/1545
f 5841/473/1546 5969/490/1546 6028/505/1546
f 5967/490/1547 5997/500/1547 6026/505/1547
f 6020/506/1548 6023/508/1548 6034/507/1548
f 6033/507/1549 6022/508/1549 6038/509/1549
s 1
f 5996/500/1550 6016/504/1550 6041/510/1550
s 0
f 6014/504/1551 6035/507/1551 6050/511/1551
s 1
f 6036/507/1552 6039/509/1552 6051/511/1552
s 0
f 6053/472/1553 5845/473/1553 6061/512/1553
f 5844/473/1554 6030/505/1554 6059/512/1554
f 6042/510/1555 6017/504/1555 6070/513/1555
f 6013/504/1556 6049/511/1556 6068/513/1556
f 6067/513/1557 6048/511/1557 6073/514/1557
f 6058/512/1558 6029/505/1558 6080/515/1558
f 6027/505/1559 5999/500/1559 6078/515/1559
f 6077/515/1560 5998/500/1560 6044/510/1560
f 6069/513/1561 6074/514/1561 6086/516/1561
f 6060/512/1562 6083/515/1562 6096/517/1562
f 6088/518/1563 6090/520/1563 6103/519/1563
f 6104/519/1564 6091/520/1564 6108/521/1564
s 1
f 6079/515/1565 6046/510/1565 6112/522/1565
s 0
f 6111/522/1566 6045/510/1566 6119/523/1566
f 6043/510/1567 6071/513/1567 6118/523/1567
f 6122/524/1568 6105/519/1568 6125/525/1568
s 1
f 7145/471/1569 6057/472/1569 6130/475/1569
s 0
f 6055/472/1570 6064/512/1570 6135/526/1570
f 6134/526/1571 6063/512/1571 6143/527/1571
f 6062/512/1572 6099/517/1572 6141/527/1572
f 6095/517/1573 6082/515/1573 6150/528/1573
f 6149/528/1574 6076/515/1574 6153/529/1574
f 6081/515/1575 6114/522/1575 6156/529/1575
f 6154/529/1576 6113/522/1576 6158/530/1576
f 6123/524/1577 6126/525/1577 6163/531/1577
f 6129/475/1578 6056/472/1578 6136/526/1578
f 6140/527/1579 6098/517/1579 6168/532/1579
f 6176/533/1580 6165/531/1580 6182/534/1580
f 6164/531/1581 6127/525/1581 6181/534/1581
f 6155/529/1582 6159/530/1582 6186/535/1582
f 6193/536/1583 6173/538/1583 6201/537/1583
s 1
f 6172/538/1584 6178/533/1584 6200/537/1584
s 0
f 6199/537/1585 6177/533/1585 6183/534/1585
f 6205/539/1586 6190/541/1586 6211/540/1586
f 6189/541/1587 6196/536/1587 6210/540/1587
f 6209/540/1588 6195/536/1588 6216/542/1588
f 6194/536/1589 6202/537/1589 6215/542/1589
f 7222/474/1590 6133/475/1590 5747/543/1590
f 6137/526/1591 6146/527/1591 7293/544/1591
f 6142/527/1592 6169/532/1592 5815/545/1592
f 6206/539/1593 6212/540/1593 5812/546/1593
f 5898/493/1594 5896/494/1594 6296/547/1594
f 6234/548/1595 6217/550/1595 5862/549/1595
f 5886/482/1596 6222/552/1596 6241/551/1596
f 6221/552/1597 6225/553/1597 6239/551/1597
f 6247/554/1598 6228/556/1598 6250/555/1598
f 6229/556/1599 6232/548/1599 6252/555/1599
s 1
f 6254/555/1600 6233/548/1600 6259/557/1600
s 0
f 6262/557/1601 6236/548/1601 5866/549/1601
f 5945/488/1602 5887/482/1602 6244/551/1602
f 6240/558/1603 6226/560/1603 6266/559/1603
f 6261/557/1604 5863/549/1604 6269/561/1604
f 5867/549/1605 6431/562/1605 6270/561/1605
f 6271/561/1606 6432/562/1606 5869/563/1606
f 5944/488/1607 6243/551/1607 6278/564/1607
f 6238/558/1608 6265/559/1608 6281/565/1608
f 6284/566/1609 6251/555/1609 6287/567/1609
f 6289/567/1610 6253/555/1610 6257/557/1610
f 5893/494/1611 5942/488/1611 6294/547/1611
f 6295/547/1612 5947/488/1612 6300/568/1612
f 5946/488/1613 6279/564/1613 6299/568/1613
f 6277/564/1614 6242/551/1614 6304/569/1614
f 6311/570/1615 6306/572/1615 6315/571/1615
f 6307/572/1616 6288/567/1616 6316/571/1616
f 6317/571/1617 6291/567/1617 6322/573/1617
f 6290/567/1618 6258/557/1618 6321/573/1618
f 6273/561/1619 5870/563/1619 6329/574/1619
f 6310/570/1620 6314/571/1620 6334/575/1620
f 6325/573/1621 6260/557/1621 6337/576/1621
f 6272/561/1622 6328/574/1622 6340/577/1622
f 6318/571/1623 6324/573/1623 6345/578/1623
f 6344/578/1624 6323/573/1624 6349/579/1624
f 6330/574/1625 5875/581/1625 6352/580/1625
s 1
f 6360/582/1626 6343/578/1626 6348/579/1626
s 0
f 6365/583/1627 6355/585/1627 6368/584/1627
s 1
f 6356/585/1628 6359/582/1628 6369/584/1628
s 0
f 6372/586/1629 6375/588/1629 6384/587/1629
s 1
f 6385/587/1630 6376/588/1630 6390/589/1630
s 0
f 6396/590/1631 6379/592/1631 6404/591/1631
f 6380/592/1632 6386/587/1632 6407/591/1632
f 6383/587/1633 6389/589/1633 6403/591/1633
f 6417/593/1634 6393/594/1634 6397/590/1634
f 6406/591/1635 6412/596/1635 6422/595/1635
f 5865/549/1636 6418/593/1636 6428/562/1636
f 6429/562/1637 6419/593/1637 6399/590/1637
f 6398/590/1638 6405/591/1638 6435/597/1638
f 6437/597/1639 6409/591/1639 6441/598/1639
f 6408/591/1640 6424/595/1640 6440/598/1640
f 6423/595/1641 6414/596/1641 6450/599/1641
f 6449/599/1642 6413/596/1642 6454/600/1642
f 6430/562/1643 6400/590/1643 6436/597/1643
s 1
f 6442/598/1644 6425/595/1644 6464/601/1644
s 0
f 6451/599/1645 6456/600/1645 6468/602/1645
f 6469/602/1646 6457/600/1646 6476/603/1646
f 6455/600/1647 6460/604/1647 6474/603/1647
f 6475/603/1648 6461/604/1648 6480/605/1648
f 6443/598/1649 6465/601/1649 6483/606/1649
f 6489/607/1650 6472/602/1650 6492/608/1650
f 6470/602/1651 6477/603/1651 6491/608/1651
f 6433/562/1652 6438/597/1652 6495/609/1652
f 6439/597/1653 6444/598/1653 6496/609/1653
f 6445/598/1654 6485/606/1654 6502/610/1654
f 6501/610/1655 6484/606/1655 6505/611/1655
f 5871/563/1656 6434/562/1656 6498/609/1656
f 6520/612/1657 6509/614/1657 6511/613/1657
f 6331/574/1658 5872/563/1658 5876/581/1658
f 5873/563/1659 6499/609/1659 6528/615/1659
f 6497/609/1660 6446/598/1660 6536/616/1660
f 6517/617/1661 6523/619/1661 6541/618/1661
f 5877/581/1662 5874/563/1662 6529/615/1662
f 6500/609/1663 6537/616/1663 6530/615/1663
s 1
f 6521/612/1664 6512/613/1664 6551/620/1664
s 0
f 6513/613/1665 6542/618/1665 6552/620/1665
f 6544/618/1666 6525/619/1666 6559/621/1666
f 6524/619/1667 6546/622/1667 6556/621/1667
f 6557/621/1668 6547/622/1668 6566/623/1668
f 6532/615/1669 6538/616/1669 6573/624/1669
f 6553/620/1670 6545/618/1670 6560/621/1670
f 6558/621/1671 6568/623/1671 6581/625/1671
f 6567/623/1672 5856/626/1672 6580/625/1672
f 5883/627/1673 5878/581/1673 6587/628/1673
f 6589/628/1674 5880/581/1674 6595/629/1674
f 5879/581/1675 6531/615/1675 6594/629/1675
f 6554/620/1676 6562/621/1676 6607/630/1676
f 6561/621/1677 6584/625/1677 6614/631/1677
f 6613/631/1678 6583/625/1678 6619/632/1678
f 6582/625/1679 5859/633/1679 6618/632/1679
f 6572/624/1680 6578/635/1680 6601/634/1680
f 6608/630/1681 6563/621/1681 6625/636/1681
f 6615/631/1682 6620/632/1682 6629/637/1682
f 6630/637/1683 6621/632/1683 6633/638/1683
f 6597/629/1684 6534/615/1684 6638/639/1684
f 6533/615/1685 6574/624/1685 6636/639/1685
f 6637/639/1686 6575/624/1686 6602/634/1686
f 6603/634/1687 6611/630/1687 6655/640/1687
f 6609/630/1688 6627/636/1688 6663/641/1688
f 6626/636/1689 6645/642/1689 6662/641/1689
f 6661/641/1690 6644/642/1690 6668/643/1690
f 6646/642/1691 6648/644/1691 6669/643/1691
f 6652/645/1692 6590/628/1692 6673/646/1692
f 6674/646/1693 6592/628/1693 6679/647/1693
f 6591/628/1694 6596/629/1694 6678/647/1694
f 6639/639/1695 6604/634/1695 6656/640/1695
f 6654/640/1696 6610/630/1696 6664/641/1696
f 6680/647/1697 6599/629/1697 6685/648/1697
f 6598/629/1698 6640/639/1698 6684/648/1698
f 6641/639/1699 6658/640/1699 6691/649/1699
f 6701/650/1700 6682/647/1700 6686/648/1700
f 6687/648/1701 6642/639/1701 6692/649/1701
f 6693/649/1702 6660/640/1702 6707/651/1702
f 6706/651/1703 6659/640/1703 6713/652/1703
f 6657/640/1704 6665/641/1704 6712/652/1704
s 1
f 6698/653/1705 6676/646/1705 6717/654/1705
s 0
f 6675/646/1706 6681/647/1706 6716/654/1706
f 6719/654/1707 6683/647/1707 6702/650/1707
f 6708/651/1708 6714/652/1708 6725/655/1708
f 6721/654/1709 6703/650/1709 6729/656/1709
f 6704/650/1710 6688/648/1710 6734/657/1710
f 6699/653/1711 6718/654/1711 6741/658/1711
f 6735/657/1712 6690/648/1712 7606/659/1712
f 6689/648/1713 6694/649/1713 7605/659/1713
f 7607/659/1714 6696/649/1714 6748/660/1714
f 6695/649/1715 6709/651/1715 6746/660/1715
f 6747/660/1716 6710/651/1716 6727/655/1716
f 5808/661/1717 6742/658/1717 5800/662/1717
f 6743/658/1718 6720/654/1718 5801/662/1718
f 6730/656/1719 6705/650/1719 6736/657/1719
f 6745/660/1720 6726/655/1720 5796/663/1720
f 6753/664/1721 5818/666/1721 6756/665/1721
f 6758/665/1722 5819/666/1722 5827/667/1722
f 6770/668/1723 6757/665/1723 5824/667/1723
f 6774/669/1724 6761/671/1724 6766/670/1724
f 6771/668/1725 5825/667/1725 6782/672/1725
f 6775/669/1726 6767/670/1726 6787/673/1726
f 6786/673/1727 6765/670/1727 6791/674/1727
f 6764/670/1728 6778/675/1728 6790/674/1728
f 6783/672/1729 5826/667/1729 6796/676/1729
f 6801/677/1730 6781/672/1730 6795/676/1730
s 1
f 6797/676/1731 5828/667/1731 6805/678/1731
s 0
f 6800/677/1732 6794/676/1732 6817/679/1732
f 6821/680/1733 6812/682/1733 6830/681/1733
f 6810/682/1734 6814/683/1734 6826/681/1734
f 6820/680/1735 6824/681/1735 6840/684/1735
f 6841/684/1736 6827/681/1736 6849/685/1736
f 6825/681/1737 6832/686/1737 6847/685/1737
f 6807/678/1738 7076/688/1738 6859/687/1738
f 6861/689/1739 6837/691/1739 6865/690/1739
f 6836/691/1740 6842/684/1740 6864/690/1740
f 6868/692/1741 6848/685/1741 6872/693/1741
f 6850/685/1742 6835/686/1742 6874/693/1742
s 1
f 6871/693/1743 6831/686/1743 6877/694/1743
s 0
f 6881/694/1744 6804/678/1744 6857/687/1744
f 6860/687/1745 7078/688/1745 6887/695/1745
f 6873/693/1746 6879/694/1746 6890/696/1746
f 6892/696/1747 6880/694/1747 6854/687/1747
f 6891/696/1748 6853/687/1748 6896/697/1748
f 6901/698/1749 6895/697/1749 6910/699/1749
f 6897/697/1750 6856/687/1750 6912/699/1750
s 1
f 6911/699/1751 6855/687/1751 6914/700/1751
s 0
f 6858/687/1752 6884/695/1752 6915/700/1752
f 6916/700/1753 6885/695/1753 6918/701/1753
f 6919/701/1754 6888/695/1754 6925/702/1754
f 6934/703/1755 6900/698/1755 6904/699/1755
f 6920/701/1756 6926/702/1756 6938/704/1756
f 6939/704/1757 6927/702/1757 6943/705/1757
f 6928/702/1758 5835/706/1758 6944/705/1758
f 6930/707/1759 6935/703/1759 6907/699/1759
f 6946/708/1760 6931/707/1760 6953/709/1760
f 6929/707/1761 6906/699/1761 6952/709/1761
f 6947/708/1762 6955/709/1762 6958/710/1762
f 6950/709/1763 6905/699/1763 6970/711/1763
f 6964/712/1764 6969/714/1764 6983/713/1764
f 6982/713/1765 6968/714/1765 6987/715/1765
f 6951/709/1766 6972/711/1766 6996/716/1766
f 6971/711/1767 6975/717/1767 6995/716/1767
f 6977/717/1768 6962/712/1768 7000/716/1768
f 7001/716/1769 6963/712/1769 6979/713/1769
f 6991/715/1770 6994/719/1770 7006/718/1770
f 7829/720/1771 6954/709/1771 6997/716/1771
f 7008/718/1772 5837/722/1772 8477/721/1772
f 6806/678/1773 5829/667/1773 7075/688/1773
f 6886/695/1774 7077/688/1774 7101/723/1774
f 7012/724/1775 7015/484/1775 7027/725/1775
f 5830/667/1776 5821/666/1776 7039/726/1776
f 5820/666/1777 7010/727/1777 7038/726/1777
f 7024/728/1778 7029/725/1778 7050/729/1778
f 7028/725/1779 7018/484/1779 7049/729/1779
f 7051/729/1780 7019/484/1780 7033/485/1780
f 7042/726/1781 7045/731/1781 7058/730/1781
f 7057/730/1782 7044/731/1782 7022/728/1782
f 5831/667/1783 7040/726/1783 7068/732/1783
f 7071/732/1784 7041/726/1784 7056/730/1784
f 7023/728/1785 7048/729/1785 7059/730/1785
f 7053/729/1786 7036/485/1786 7064/495/1786
f 7079/688/1787 5832/667/1787 7069/732/1787
f 7061/730/1788 7052/729/1788 7082/733/1788
f 7054/729/1789 7065/495/1789 7089/734/1789
f 7080/688/1790 7070/732/1790 7107/735/1790
f 7084/733/1791 7055/729/1791 7090/734/1791
f 7091/734/1792 7067/495/1792 5842/473/1792
f 7073/732/1793 7060/730/1793 7094/736/1793
f 7062/730/1794 7083/733/1794 7096/736/1794
f 7104/723/1795 7081/688/1795 7109/735/1795
f 7110/735/1796 7072/732/1796 7112/737/1796
f 7114/737/1797 7074/732/1797 7095/736/1797
f 7086/733/1798 7092/734/1798 7117/738/1798
f 7093/734/1799 5843/473/1799 7119/738/1799
f 7103/723/1800 7108/735/1800 7123/739/1800
f 7127/739/1801 7111/735/1801 7113/737/1801
f 7099/736/1802 7085/733/1802 7131/740/1802
f 7133/740/1803 7087/733/1803 7136/741/1803
f 7088/733/1804 7118/738/1804 7137/741/1804
f 7120/738/1805 5846/473/1805 7142/471/1805
f 7105/723/1806 7124/739/1806 7149/742/1806
f 7128/739/1807 7115/737/1807 7154/743/1807
f 7116/737/1808 7097/736/1808 7157/743/1808
s 1
f 7158/743/1809 7098/736/1809 7164/744/1809
s 0
f 7100/736/1810 7132/740/1810 7165/744/1810
f 7122/738/1811 7144/471/1811 7171/745/1811
f 7140/741/1812 7121/738/1812 7170/745/1812
f 7161/746/1813 7148/742/1813 7177/747/1813
f 7178/747/1814 7150/742/1814 7181/748/1814
f 7151/742/1815 7125/739/1815 7182/748/1815
f 7184/748/1816 7126/739/1816 7188/749/1816
f 7190/749/1817 7130/739/1817 7193/750/1817
f 7192/750/1818 7129/739/1818 7155/743/1818
s 1
f 7135/740/1819 7138/741/1819 7208/751/1819
s 0
f 7185/748/1820 7189/749/1820 7199/752/1820
f 7167/744/1821 7134/740/1821 7207/751/1821
f 7210/751/1822 7139/741/1822 7212/753/1822
f 7141/741/1823 7172/745/1823 7214/753/1823
f 7174/745/1824 7146/471/1824 7218/474/1824
f 7194/750/1825 7156/743/1825 7200/754/1825
f 7203/754/1826 7159/743/1826 7234/755/1826
f 7160/743/1827 7166/744/1827 7235/755/1827
f 7241/756/1828 7227/757/1828 8484/721/1828
f 7226/757/1829 7231/758/1829 8476/721/1829
f 8480/721/1830 7232/758/1830 7245/759/1830
f 7169/744/1831 7209/751/1831 7253/760/1831
f 7256/760/1832 7211/751/1832 7213/753/1832
f 7216/753/1833 7173/745/1833 7260/761/1833
f 7175/745/1834 7220/474/1834 7262/761/1834
f 5838/722/1835 7240/756/1835 8478/721/1835
f 8485/721/1836 7246/759/1836 7250/762/1836
f 7276/763/1837 7195/750/1837 7202/754/1837
f 7238/755/1838 7168/744/1838 7252/760/1838
f 8481/721/1839 7249/762/1839 7267/764/1839
f 7271/764/1840 7273/763/1840 7939/765/1840
f 7257/760/1841 7215/753/1841 8069/766/1841
f 5737/767/1842 5743/769/1842 7284/768/1842
f 5731/770/1843 5738/767/1843 7286/768/1843
f 5727/771/1844 5734/770/1844 7304/772/1844
f 5720/773/1845 5723/775/1845 7359/774/1845
f 5709/776/1846 5713/778/1846 7427/777/1846
f 5744/543/1847 6132/475/1847 6138/526/1847
f 8696/779/1848 5750/543/1848 7281/768/1848
f 5742/769/1849 8697/779/1849 7282/768/1849
f 7280/768/1850 5749/543/1850 7291/780/1850
f 7290/780/1851 5746/543/1851 7298/544/1851
f 5745/543/1852 6139/526/1852 7297/544/1852
f 5730/770/1853 7285/768/1853 7303/772/1853
s 1
f 7307/781/1854 7302/772/1854 7312/782/1854
s 0
f 7301/772/1855 7283/768/1855 7311/782/1855
f 7319/783/1856 7316/785/1856 7322/784/1856
f 7289/780/1857 7296/544/1857 7326/786/1857
f 7308/781/1858 7313/782/1858 7329/787/1858
f 7325/786/1859 7295/544/1859 7333/788/1859
f 7332/788/1860 7294/544/1860 7339/789/1860
f 7292/544/1861 6145/527/1861 7338/789/1861
s 1
f 7337/789/1862 6144/527/1862 5817/545/1862
s 0
f 7336/789/1863 5816/545/1863 7342/790/1863
f 5724/775/1864 7345/791/1864 7360/774/1864
f 7348/792/1865 7352/794/1865 7373/793/1865
f 7372/793/1866 7351/794/1866 7376/795/1866
f 7363/796/1867 7369/798/1867 7385/797/1867
f 7384/797/1868 7368/798/1868 7390/799/1868
f 7355/774/1869 7380/801/1869 7396/800/1869
f 7393/800/1870 7379/801/1870 7400/802/1870
f 7404/803/1871 7364/796/1871 7407/804/1871
f 7365/796/1872 7386/797/1872 7408/804/1872
f 7383/797/1873 7389/799/1873 7411/805/1873
f 5719/773/1874 7358/774/1874 7415/806/1874
f 7414/806/1875 7357/774/1875 7420/807/1875
f 7356/774/1876 7397/800/1876 7419/807/1876
f 7395/800/1877 7401/802/1877 7423/808/1877
f 7418/807/1878 7394/800/1878 7437/809/1878
f 5708/776/1879 7426/777/1879 7448/810/1879
f 7452/811/1880 7430/813/1880 7457/812/1880
f 7431/813/1881 7436/809/1881 7458/812/1881
f 7461/814/1882 7441/816/1882 7467/815/1882
f 7440/816/1883 7445/817/1883 7466/815/1883
f 7465/815/1884 7444/817/1884 7471/818/1884
f 7464/815/1885 7470/818/1885 7477/819/1885
f 7451/811/1886 7455/812/1886 7480/820/1886
f 7481/820/1887 7456/812/1887 7474/821/1887
s 1
f 7500/822/1888 5703/824/1888 7488/823/1888
s 0
f 7504/825/1889 7484/827/1889 7492/826/1889
f 7499/822/1890 7487/823/1890 7508/828/1890
f 7503/825/1891 7491/826/1891 7518/829/1891
f 7507/828/1892 7512/830/1892 7498/822/1892
f 7517/829/1893 7523/832/1893 7528/831/1893
f 8808/833/1894 7496/822/1894 7532/834/1894
f 7495/822/1895 7511/830/1895 5795/835/1895
f 7541/836/1896 7527/831/1896 7549/837/1896
f 7526/831/1897 7522/832/1897 7548/837/1897
f 7547/837/1898 7521/832/1898 7552/838/1898
f 5790/839/1899 7535/841/1899 5785/840/1899
f 7536/841/1900 7540/836/1900 5786/840/1900
f 5784/840/1901 7539/836/1901 7545/837/1901
f 7557/842/1902 7554/844/1902 7560/843/1902
f 7561/843/1903 7555/844/1903 7567/845/1903
f 7570/846/1904 7562/843/1904 7573/847/1904
f 7563/843/1905 7568/845/1905 7574/847/1905
f 7578/848/1906 5809/661/1906 5802/662/1906
f 7579/848/1907 5803/662/1907 7586/849/1907
f 7581/850/1908 6731/656/1908 6737/657/1908
f 7589/851/1909 7583/850/1909 7596/852/1909
f 7582/850/1910 6738/657/1910 7594/852/1910
f 7590/851/1911 7598/852/1911 7602/853/1911
f 7595/852/1912 6739/657/1912 7608/659/1912
f 7611/854/1913 7600/853/1913 7617/855/1913
f 7601/853/1914 7597/852/1914 7618/855/1914
f 7612/854/1915 7620/855/1915 7622/856/1915
f 7626/857/1916 7623/856/1916 7635/858/1916
f 7621/856/1917 7619/855/1917 7633/858/1917
f 7627/857/1918 7636/858/1918 7643/859/1918
f 7632/858/1919 7642/861/1919 7649/860/1919
f 7648/860/1920 7641/861/1920 7653/862/1920
f 7659/863/1921 6750/660/1921 7665/864/1921
f 7664/864/1922 6749/660/1922 5797/663/1922
f 7644/859/1923 7637/858/1923 7668/865/1923
f 7669/865/1924 7638/858/1924 7677/866/1924
f 7634/858/1925 7650/860/1925 7675/866/1925
f 7660/863/1926 7666/864/1926 7683/867/1926
f 7670/865/1927 7678/866/1927 7687/868/1927
f 7685/868/1928 7676/866/1928 7695/869/1928
f 7679/870/1929 7657/872/1929 7703/871/1929
f 7700/871/1930 7656/872/1930 7708/873/1930
f 7697/874/1931 7690/868/1931 7713/875/1931
f 7711/875/1932 7689/868/1932 7718/876/1932
f 7717/876/1933 7686/868/1933 7722/877/1933
f 7688/868/1934 7696/869/1934 7723/877/1934
f 7725/878/1935 7702/871/1935 7733/879/1935
f 7701/871/1936 7709/873/1936 7731/879/1936
f 7737/880/1937 7710/875/1937 7743/881/1937
f 7712/875/1938 7719/876/1938 7744/881/1938
f 7726/878/1939 7734/879/1939 7747/882/1939
f 7746/882/1940 7732/879/1940 7751/883/1940
f 7736/880/1941 7742/881/1941 7755/884/1941
f 7757/885/1942 7762/887/1942 7768/886/1942
f 7766/886/1943 7761/887/1943 7771/888/1943
f 7735/880/1944 7754/884/1944 7777/889/1944
f 7756/885/1945 7767/886/1945 7790/890/1945
f 7796/891/1946 7772/893/1946 7779/892/1946
f 7776/892/1947 7786/895/1947 7803/894/1947
f 7793/896/1948 7798/891/1948 7813/897/1948
f 7797/891/1949 7780/892/1949 7812/897/1949
f 7804/894/1950 7787/895/1950 7824/898/1950
f 7823/898/1951 7785/895/1951 7817/899/1951
f 7810/897/1952 7778/892/1952 7806/894/1952
f 7792/896/1953 7811/897/1953 5779/900/1953
f 7839/901/1954 7825/903/1954 7848/902/1954
f 7826/903/1955 7831/720/1955 7849/902/1955
f 7845/902/1956 7830/720/1956 6999/716/1956
f 7834/904/1957 7840/901/1957 7854/905/1957
f 7858/906/1958 7835/904/1958 7855/905/1958
f 7838/901/1959 7847/902/1959 7853/905/1959
f 7852/905/1960 7846/902/1960 7864/907/1960
f 7862/907/1961 7843/902/1961 7867/908/1961
f 7844/902/1962 6998/716/1962 7868/908/1962
f 7870/908/1963 7002/716/1963 6980/713/1963
f 7857/906/1964 7851/905/1964 7882/909/1964
f 7850/905/1965 7863/907/1965 7880/909/1965
f 7874/910/1966 7856/906/1966 7881/909/1966
f 7865/907/1967 7869/908/1967 7884/911/1967
f 7886/911/1968 7871/908/1968 7890/912/1968
f 7872/908/1969 6981/713/1969 7891/912/1969
f 7877/909/1970 7861/907/1970 7895/913/1970
f 7897/913/1971 7866/907/1971 7885/911/1971
f 7893/912/1972 6984/713/1972 6988/715/1972
f 7904/914/1973 7883/909/1973 7896/913/1973
f 7873/910/1974 7879/909/1974 7908/915/1974
f 7907/915/1975 7878/909/1975 7902/914/1975
f 7894/912/1976 6990/715/1976 7914/916/1976
f 7912/916/1977 6989/715/1977 7005/718/1977
s 1
f 7905/914/1978 7898/913/1978 7919/917/1978
s 0
f 7887/911/1979 7892/912/1979 7911/916/1979
f 7900/913/1980 7888/911/1980 5752/918/1980
f 7889/911/1981 7913/916/1981 5754/918/1981
f 7915/916/1982 7007/718/1982 8475/721/1982
f 8633/919/1983 5766/921/1983 8127/920/1983
s 1
f 5762/922/1984 8637/919/1984 8161/923/1984
s 0
f 8489/924/1985 8482/721/1985 7923/925/1985
f 8483/721/1986 7268/764/1986 7924/925/1986
f 7926/925/1987 7269/764/1987 7938/765/1987
f 7931/926/1988 7929/925/1988 7940/765/1988
f 7945/927/1989 7941/765/1989 7274/763/1989
f 8496/928/1990 7927/925/1990 8510/929/1990
f 8511/929/1991 7928/925/1991 7930/926/1991
f 7949/930/1992 7947/927/1992 7204/754/1992
f 7946/927/1993 7275/763/1993 7201/754/1993
f 7932/926/1994 7942/765/1994 7956/931/1994
f 8513/929/1995 7933/926/1995 7960/932/1995
f 7965/933/1996 7934/926/1996 7957/931/1996
f 7935/926/1997 7966/933/1997 7961/932/1997
f 7950/930/1998 7205/754/1998 7971/934/1998
f 7973/934/1999 7206/754/1999 7237/755/1999
f 5773/935/2000 8514/929/2000 7982/936/2000
f 8515/929/2001 7962/932/2001 7983/936/2001
f 7994/937/2002 7968/939/2002 7998/938/2002
f 7969/939/2003 7951/930/2003 7999/938/2003
f 8000/938/2004 7952/930/2004 7974/934/2004
f 7972/934/2005 7236/755/2005 7988/940/2005
f 7989/940/2006 7239/755/2006 7254/760/2006
f 7977/934/2007 7991/940/2007 8007/941/2007
s 1
f 8010/942/2008 7990/940/2008 7255/760/2008
s 0
f 5776/935/2009 7984/936/2009 8016/943/2009
f 7995/937/2010 8001/938/2010 8022/944/2010
f 8002/938/2011 7975/934/2011 8025/945/2011
s 1
f 7976/934/2012 8006/941/2012 8031/946/2012
s 0
f 8030/946/2013 8005/941/2013 8038/947/2013
f 5770/948/2014 8550/950/2014 8042/949/2014
f 8549/950/2015 5774/935/2015 8041/949/2015
f 8043/949/2016 5775/935/2016 8015/943/2016
f 8018/943/2017 7985/936/2017 8047/951/2017
s 1
f 4654/945/2018 4626/938/2018 7996/938/2018
f 4654/945/2018 7996/938/2018 8024/945/2018
s 0
f 8026/945/2019 7978/934/2019 8058/952/2019
f 8059/952/2020 7979/934/2020 8032/946/2020
f 8062/953/2021 8012/942/2021 8067/954/2021
f 8011/942/2022 7258/760/2022 8065/954/2022
f 8066/954/2023 7259/760/2023 8070/766/2023
f 8044/949/2024 8017/943/2024 8078/955/2024
f 8081/956/2025 8019/943/2025 8049/951/2025
f 8048/951/2026 8054/958/2026 8085/957/2026
f 8057/952/2027 8029/946/2027 8089/959/2027
f 8082/956/2028 8051/951/2028 8097/960/2028
f 8050/951/2029 8086/957/2029 8096/960/2029
f 8090/959/2030 8033/946/2030 8100/961/2030
f 8101/961/2031 8034/946/2031 8104/962/2031
f 8035/946/2032 8093/963/2032 8105/962/2032
f 8108/964/2033 8068/954/2033 8071/766/2033
f 8109/964/2034 8072/766/2034 8112/965/2034
f 8113/965/2035 8075/766/2035 8118/966/2035
f 8117/966/2036 8074/766/2036 7263/761/2036
f 8073/766/2037 7217/753/2037 7261/761/2037
f 8124/967/2038 8114/965/2038 8119/966/2038
f 8130/920/2039 8133/969/2039 8137/968/2039
f 8120/966/2040 7264/761/2040 8138/970/2040
f 8634/919/2041 8128/920/2041 8146/971/2041
f 8148/971/2042 8129/920/2042 8136/968/2042
f 8121/966/2043 8142/970/2043 8152/972/2043
f 8635/919/2044 8147/971/2044 8160/923/2044
f 8139/970/2045 7265/761/2045 7221/474/2045
f 8154/972/2046 8143/970/2046 8169/973/2046
f 8174/974/2047 8153/972/2047 8179/975/2047
f 8151/972/2048 8167/973/2048 8178/975/2048
f 8168/973/2049 8140/970/2049 8183/976/2049
s 1
f 8141/970/2050 7225/474/2050 8185/976/2050
s 0
f 8164/977/2051 8157/972/2051 5699/978/2051
f 5698/978/2052 8156/972/2052 5695/979/2052
f 8155/972/2053 8175/974/2053 5694/979/2053
f 8180/975/2054 8170/973/2054 5691/980/2054
f 8184/976/2055 7224/474/2055 5686/981/2055
f 7543/837/2056 8192/983/2056 8196/982/2056
f 7544/837/2057 8197/982/2057 5783/840/2057
f 8195/982/2058 8191/983/2058 8202/984/2058
f 8201/984/2059 8189/983/2059 8205/985/2059
f 8206/985/2060 8190/983/2060 8208/986/2060
f 7493/822/2061 5793/835/2061 8228/987/2061
f 5794/835/2062 8217/988/2062 8230/987/2062
f 8216/988/2063 8222/989/2063 8225/987/2063
f 8224/987/2064 8221/989/2064 8237/990/2064
f 8220/989/2065 8212/991/2065 8235/990/2065
f 8234/990/2066 8211/991/2066 8241/992/2066
f 7494/822/2067 8229/987/2067 7530/834/2067
f 8239/992/2068 8244/994/2068 8247/993/2068
f 8232/990/2069 8240/992/2069 8249/993/2069
f 8223/987/2070 8236/990/2070 8255/995/2070
f 8231/990/2071 8248/993/2071 8261/996/2071
f 8252/995/2072 8233/990/2072 8264/996/2072
f 8804/833/2073 7531/834/2073 8819/997/2073
f 7529/834/2074 8227/987/2074 8816/997/2074
f 8815/997/2075 8226/987/2075 8257/995/2075
f 8246/993/2076 8266/998/2076 8258/996/2076
f 8260/996/2077 8267/998/2077 8852/999/2077
f 7816/899/2078 8272/1000/2078 7818/898/2078
f 7821/898/2079 8273/1000/2079 8278/1001/2079
f 7819/898/2080 8277/1001/2080 8287/1002/2080
f 8276/1001/2081 8281/1003/2081 8285/1002/2081
f 8284/1002/2082 8291/1005/2082 8297/1004/2082
f 8300/1004/2083 8292/1005/2083 8305/1006/2083
f 8304/1006/2084 8309/1007/2084 8298/1004/2084
f 7801/894/2085 7822/898/2085 8314/1008/2085
f 7820/898/2086 8288/1002/2086 8312/1008/2086
f 8311/1008/2087 8286/1002/2087 8301/1004/2087
s 1
f 8293/1004/2088 8308/1007/2088 8318/1009/2088
s 0
f 8295/1004/2089 8319/1009/2089 8324/1010/2089
s 1
f 4950/1010/2090 8320/1010/2090 8316/1009/2090
f 4950/1010/2090 8316/1009/2090 4946/1009/2090
s 0
f 7807/897/2091 7805/894/2091 8330/1011/2091
f 7802/894/2092 8315/1008/2092 8329/1011/2092
s 1
f 4962/1015/2093 8332/1015/2093 8321/1010/2093
f 4962/1015/2093 8321/1010/2093 4951/1010/2093
s 0
f 8310/1008/2094 8299/1004/2094 8366/1012/2094
s 1
f 8364/1012/2095 8294/1004/2095 8344/1013/2095
s 0
f 8296/1004/2096 8325/1010/2096 8345/1013/2096
s 1
f 8322/1010/2097 8334/1015/2097 8352/1014/2097
s 0
f 8333/1015/2098 8337/1016/2098 8348/1014/2098
f 8350/1014/2099 8338/1016/2099 8356/1017/2099
f 5778/900/2100 7809/897/2100 8363/1018/2100
f 7808/897/2101 8331/1011/2101 8361/1018/2101
f 8327/1011/2102 8313/1008/2102 8369/1012/2102
f 8342/1013/2103 8323/1010/2103 8353/1014/2103
f 8365/1012/2104 8346/1013/2104 8371/1019/2104
s 1
f 8377/1020/2105 5777/900/2105 8362/1018/2105
s 0
f 8358/1018/2106 8328/1011/2106 8384/1021/2106
f 8326/1011/2107 8368/1012/2107 8382/1021/2107
f 8381/1021/2108 8367/1012/2108 8374/1019/2108
f 8376/1020/2109 8360/1018/2109 8390/1022/2109
f 8389/1022/2110 8359/1018/2110 8385/1021/2110
f 8370/1019/2111 8343/1013/2111 8396/1023/2111
f 8401/1024/2112 8351/1014/2112 8408/1025/2112
f 8347/1014/2113 8354/1017/2113 8406/1025/2113
f 8388/1022/2114 8383/1021/2114 8411/1026/2114
f 8412/1026/2115 8386/1021/2115 8419/1027/2115
f 8416/1027/2116 8380/1021/2116 8426/1028/2116
f 8379/1021/2117 8373/1019/2117 8424/1028/2117
s 1
f 8340/1013/2118 8349/1014/2118 8399/1024/2118
s 0
f 8400/1024/2119 8407/1025/2119 8428/1029/2119
f 8423/1028/2120 8372/1019/2120 8397/1023/2120
f 8393/1023/2121 8341/1013/2121 8403/1024/2121
f 8430/1030/2122 8418/1027/2122 8435/1031/2122
f 8434/1031/2123 8417/1027/2123 8447/1032/2123
f 8415/1027/2124 8425/1028/2124 8445/1032/2124
f 8449/1033/2125 8433/1031/2125 8446/1032/2125
f 8392/1023/2126 8402/1024/2126 8453/1034/2126
f 8448/1033/2127 8444/1032/2127 8457/1035/2127
f 8421/1028/2128 8395/1023/2128 8464/1036/2128
f 8468/1037/2129 8456/1035/2129 8443/1032/2129
f 8439/1032/2130 8422/1028/2130 8466/1036/2130
s 1
f 8394/1023/2131 8454/1034/2131 8461/1036/2131
s 0
f 8467/1037/2132 8442/1032/2132 8472/1038/2132
s 1
f 8471/1038/2133 8441/1032/2133 8950/1039/2133
s 0
f 8976/1040/2134 8438/1032/2134 8465/1036/2134
f 7922/917/2135 7899/913/2135 8498/1041/2135
f 7917/916/2136 8479/721/2136 8487/924/2136
f 7916/916/2137 8486/924/2137 5756/918/2137
f 8490/924/2138 7925/925/2138 8494/928/2138
f 5758/918/2139 8488/924/2139 8492/928/2139
f 7901/913/2140 5753/918/2140 8500/1041/2140
f 8502/1041/2141 5755/918/2141 8504/1042/2141
f 8506/1042/2142 5757/918/2142 8491/928/2142
f 7921/917/2143 8497/1041/2143 8517/1043/2143
f 8508/1042/2144 8493/928/2144 8522/1044/2144
f 8495/928/2145 8509/929/2145 8524/1044/2145
f 8518/1043/2146 8499/1041/2146 8528/1045/2146
f 8503/1041/2147 8505/1042/2147 8535/1046/2147
f 8507/1042/2148 8520/1044/2148 8537/1046/2148
f 8512/929/2149 5771/935/2149 8526/1044/2149
f 8527/1044/2150 5772/935/2150 8545/950/2150
f 8501/1041/2151 8533/1046/2151 8529/1045/2151
f 8538/1046/2152 8521/1044/2152 8541/1047/2152
f 8543/1047/2153 8523/1044/2153 8552/1048/2153
f 8525/1044/2154 8544/950/2154 8554/1048/2154
f 8530/1045/2155 8534/1046/2155 8557/1049/2155
s 1
f 8559/1049/2156 8536/1046/2156 8539/1047/2156
s 0
f 8556/1048/2157 8546/950/2157 8565/1050/2157
f 8566/1050/2158 8547/950/2158 8571/1051/2158
f 8548/950/2159 5769/948/2159 8572/1051/2159
f 8542/1047/2160 8551/1048/2160 8588/1052/2160
f 8568/1050/2161 8573/1051/2161 8578/1053/2161
f 8579/1054/2162 8558/1049/2162 8583/1052/2162
f 8560/1049/2163 8540/1047/2163 8585/1052/2163
f 8589/1052/2164 8553/1048/2164 8591/1055/2164
f 8593/1055/2165 8555/1048/2165 8563/1050/2165
f 8580/1054/2166 8584/1052/2166 8597/1056/2166
f 8595/1055/2167 8564/1050/2167 8605/1057/2167
f 8606/1057/2168 8567/1050/2168 8576/1053/2168
f 8587/1052/2169 8590/1055/2169 8611/1058/2169
f 8607/1057/2170 8577/1053/2170 8618/1059/2170
f 8598/1056/2171 8586/1052/2171 8608/1058/2171
f 8615/1058/2172 8592/1055/2172 8623/1060/2172
f 8625/1060/2173 8594/1055/2173 8604/1057/2173
f 8627/1061/2174 5765/921/2174 8631/919/2174
f 8599/1056/2175 8609/1058/2175 8645/1062/2175
f 8652/1063/2176 8630/919/2176 8657/1064/2176
f 8658/1064/2177 8632/919/2177 5761/922/2177
f 8639/1065/2178 8596/1056/2178 8643/1062/2178
f 8646/1062/2179 8610/1058/2179 8675/1066/2179
f 8614/1058/2180 8622/1060/2180 8662/1067/2180
s 1
f 8663/1067/2181 8624/1060/2181 8667/1068/2181
s 0
f 8621/1060/2182 8649/1069/2182 8666/1068/2182
f 8638/1065/2183 8642/1062/2183 8669/1070/2183
f 8613/1058/2184 8661/1067/2184 8684/1071/2184
f 8651/1063/2185 8656/1064/2185 8686/1072/2185
f 8670/1070/2186 8644/1062/2186 8673/1066/2186
f 8679/1066/2187 8612/1058/2187 8683/1071/2187
f 5685/981/2188 7223/474/2188 5748/543/2188
f 8171/973/2189 8187/976/2189 8693/1073/2189
f 8186/976/2190 5688/981/2190 8690/1074/2190
f 5687/981/2191 5751/543/2191 8698/779/2191
f 8701/1075/2192 5739/767/2192 5732/770/2192
f 8703/1075/2193 5733/770/2193 8712/1076/2193
s 1
f 8702/1075/2194 8711/1076/2194 8719/1077/2194
s 0
f 8715/1078/2195 8707/1080/2195 8723/1079/2195
f 8724/1079/2196 8708/1080/2196 8728/1081/2196
s 1
f 8716/1078/2197 8725/1079/2197 8731/1082/2197
s 0
f 8743/1083/2198 8735/1085/2198 8748/1084/2198
f 8734/1085/2199 8739/1086/2199 8747/1084/2199
f 8746/1084/2200 8738/1086/2200 8753/1087/2200
f 8755/1087/2201 8740/1086/2201 8759/1088/2201
f 8704/1075/2202 8720/1077/2202 8766/1089/2202
s 1
f 8754/1087/2203 8758/1088/2203 8765/1089/2203
s 0
f 8752/1087/2204 8764/1089/2204 8770/1090/2204
f 8751/1087/2205 8769/1090/2205 8775/1091/2205
s 1
f 8776/1091/2206 8781/1093/2206 8785/1092/2206
s 0
f 8784/1092/2207 8780/1093/2207 8790/1094/2207
s 1
f 8789/1094/2208 8779/1093/2208 5716/778/2208
s 0
f 8788/1094/2209 5715/778/2209 8794/1095/2209
f 8793/1095/2210 5714/778/2210 5710/776/2210
f 8801/1096/2211 8797/1097/2211 5704/824/2211
f 8802/1096/2212 5705/824/2212 8812/833/2212
f 5702/824/2213 7497/822/2213 8809/833/2213
f 8800/1096/2214 8811/833/2214 5678/1098/2214
f 5681/1099/2215 8803/833/2215 8818/997/2215
f 8824/1100/2216 8814/997/2216 8256/995/2216
f 8827/1101/2217 8823/1100/2217 8833/1102/2217
f 8822/1100/2218 8254/995/2218 8832/1102/2218
f 8831/1102/2219 8253/995/2219 8265/996/2219
f 8837/1103/2220 8830/1102/2220 8263/996/2220
f 8836/1103/2221 8262/996/2221 8840/1104/2221
f 8839/1104/2222 8259/996/2222 8851/999/2222
f 8858/1105/2223 8844/1107/2223 8850/1106/2223
f 8857/1105/2224 8849/1106/2224 8864/1108/2224
f 8863/1108/2225 8848/1106/2225 8867/1109/2225
f 8847/1106/2226 8860/1110/2226 8866/1109/2226
f 8881/1111/2227 8871/1113/2227 8886/1112/2227
f 8872/1113/2228 8877/1114/2228 8887/1112/2228
f 8885/1112/2229 8876/1114/2229 8895/1115/2229
f 8908/1116/2230 8880/1118/2230 8911/1117/2230
f 8884/1112/2231 8894/1115/2231 8914/1119/2231
f 8913/1119/2232 8892/1115/2232 8919/1120/2232
s 1
f 8893/1115/2233 8897/1121/2233 8920/1120/2233
s 0
f 8928/1122/2234 8901/1124/2234 8931/1123/2234
f 8902/1124/2235 8905/1116/2235 8932/1123/2235
f 8933/1123/2236 8906/1116/2236 8936/1125/2236
f 8907/1116/2237 8910/1117/2237 8937/1125/2237
f 8918/1120/2238 8927/1122/2238 8941/1126/2238
f 8940/1126/2239 8926/1122/2239 8945/1127/2239
f 8929/1122/2240 8934/1123/2240 8946/1127/2240
s 1
f 5102/1038/2241 8474/1038/2241 8951/1039/2241
f 5102/1038/2241 8951/1039/2241 5578/1039/2241
f 5588/1128/2242 5584/1129/2242 8956/1129/2243
f 5588/1128/2242 8956/1129/2243 8961/1128/2242
f 5583/1129/2244 5579/1039/2244 8952/1039/2244
f 5583/1129/2244 8952/1039/2244 8955/1129/2244
f 5587/1128/2245 8960/1128/2245 8970/1135/2245
f 5587/1128/2245 8970/1135/2245 5596/1135/2245
s 0
f 8959/1128/2246 8953/1129/2246 8977/1040/2246
f 8954/1129/2247 8948/1039/2247 8978/1040/2247
f 8949/1039/2248 8440/1032/2248 8979/1040/2248
f 8958/1128/2249 8975/1040/2249 8984/1130/2249
f 8983/1130/2250 8974/1040/2250 8988/1131/2250
f 8992/1132/2251 8962/1134/2251 8997/1133/2251
f 8963/1134/2252 8967/1135/2252 8998/1133/2252
f 8969/1135/2253 8957/1128/2253 8982/1130/2253
f 8999/1133/2254 8968/1135/2254 9003/1136/2254
f 8966/1135/2255 8981/1130/2255 9002/1136/2255
f 8987/1131/2256 8972/1040/2256 9006/1137/2256
f 9007/1137/2257 8973/1040/2257 8460/1036/2257
s 1
f 8990/1132/2258 8996/1133/2258 9010/1138/2258
s 0
f 8991/1132/2259 9012/1138/2259 9015/1139/2259
f 9014/1139/2260 9011/1138/2260 9018/1140/2260
f 5677/1098/2261 8810/833/2261 9024/1141/2261
f 9023/1141/2262 8805/833/2262 9027/1142/2262
f 9028/1142/2263 8807/833/2263 9032/1143/2263
f 8806/833/2264 5682/1099/2264 9031/1143/2264
f 8671/1070/2265 8676/1066/2265 9036/1144/2265
f 9035/1144/2266 8674/1066/2266 9039/1145/2266
f 9040/1145/2267 8678/1066/2267 9044/1146/2267
s 1
f 9043/1146/2268 8677/1066/2268 8682/1071/2268
f 2323/979/2269 2327/978/2269 5697/978/2269
f 2323/979/2269 5697/978/2269 5693/979/2269
f 5411/1093/2270 2346/778/2270 5712/778/2270
f 5411/1093/2270 5712/778/2270 8778/1093/2270
f 2347/773/2271 2351/775/2271 5721/775/2271
f 2347/773/2271 5721/775/2271 5717/773/2271
f 2356/771/2272 2358/770/2272 5728/770/2272
f 2356/771/2272 5728/770/2272 5726/771/2272
f 2366/767/2273 2370/769/2273 5740/769/2273
f 2366/767/2273 5740/769/2273 5736/767/2273
f 2416/840/2274 2420/839/2274 5789/839/2275
f 2416/840/2274 5789/839/2275 5782/840/2274
f 2478/476/2276 2483/478/2276 5853/478/2276
f 2478/476/2276 5853/478/2276 5848/476/2276
f 2527/494/2277 2580/488/2277 5943/488/2277
f 2527/494/2277 5943/488/2277 5895/494/2277
f 2532/493/2278 2536/499/2278 5906/499/2278
f 2532/493/2278 5906/499/2278 5902/493/2278
f 2485/478/2279 2541/477/2279 5911/477/2279
f 2485/478/2279 5911/477/2279 5855/478/2279
f 2545/483/2280 2522/482/2280 5892/482/2280
f 2545/483/2280 5892/482/2280 5915/483/2280
f 2548/480/2281 2556/481/2281 5926/481/2281
f 2548/480/2281 5926/481/2281 5918/480/2281
f 2601/491/2282 2591/489/2282 5958/489/2282
f 2601/491/2282 5958/489/2282 5970/491/2282
f 2615/497/2283 2611/496/2283 5977/496/2283
f 2615/497/2283 5977/496/2283 5983/497/2283
f 2640/503/2284 2633/501/2285 6001/501/2285
f 2640/503/2284 6001/501/2285 6009/503/2285
f 2651/506/2286 2654/508/2286 6024/508/2286
f 2651/506/2286 6024/508/2286 6021/506/2286
f 2719/518/2287 2722/520/2287 6092/520/2287
f 2719/518/2287 6092/520/2287 6089/518/2287
f 2738/521/2288 2734/519/2288 6101/519/2288
f 2738/521/2288 6101/519/2288 6107/521/2288
f 2747/523/2289 2740/522/2290 6110/522/2290
f 2747/523/2289 6110/522/2290 6116/523/2290
f 2786/529/2291 2780/528/2291 6148/528/2291
f 2786/529/2291 6148/528/2291 6152/529/2291
f 2803/538/2292 2808/533/2292 6175/533/2292
f 2803/538/2292 6175/533/2292 6171/538/2292
f 2820/541/2293 2826/536/2293 6192/536/2293
f 2820/541/2293 6192/536/2293 6188/541/2293
f 2809/534/2294 2827/537/2294 6197/537/2294
f 2809/534/2294 6197/537/2294 6179/534/2294
f 2843/542/2295 2837/540/2295 6207/540/2295
f 2843/542/2295 6207/540/2295 6213/542/2295
f 2542/477/2296 2549/480/2297 5919/480/2297
f 2542/477/2296 5919/480/2297 5912/477/2296
f 2550/481/2298 2543/483/2298 5913/483/2298
f 2550/481/2298 5913/483/2298 5920/481/2298
f 2581/488/2299 2602/491/2299 5972/491/2300
f 2581/488/2299 5972/491/2300 5951/488/2300
f 2605/492/2301 2526/494/2301 5894/494/2301
f 2605/492/2301 5894/494/2301 5973/492/2301
f 2592/489/2302 2616/497/2302 5984/497/2302
f 2592/489/2302 5984/497/2302 5960/489/2302
f 2622/498/2303 2606/492/2303 5974/492/2303
f 2622/498/2303 5974/492/2303 5988/498/2303
f 2632/501/2304 2621/498/2304 5987/498/2304
f 2632/501/2304 5987/498/2304 6000/501/2304
f 2537/499/2305 2638/502/2305 6008/502/2305
f 2537/499/2305 6008/502/2305 5907/499/2305
f 2637/502/2306 2641/503/2307 6011/503/2306
f 2637/502/2306 6011/503/2306 6007/502/2306
f 2612/496/2308 2648/504/2309 6018/504/2309
f 2612/496/2308 6018/504/2309 5982/496/2309
f 2666/507/2310 2650/506/2310 6019/506/2311
f 2666/507/2310 6019/506/2311 6032/507/2310
s 0
f 2655/508/2312 2670/509/2312 6040/509/2312
f 2655/508/2313 6040/509/2313 6025/508/2313
s 1
f 2642/504/2314 2661/507/2315 6031/507/2314
f 2642/504/2314 6031/507/2314 6012/504/2314
f 2669/509/2316 2681/511/2316 6047/511/2316
f 2669/509/2316 6047/511/2316 6037/509/2316
f 2682/511/2317 2705/514/2317 6075/514/2317
f 2682/511/2317 6075/514/2317 6052/511/2317
f 2715/516/2318 2700/513/2318 6065/513/2318
f 2715/516/2318 6065/513/2318 6084/516/2318
f 2704/514/2319 2716/516/2319 6085/516/2319
f 2704/514/2319 6085/516/2319 6072/514/2319
f 2735/519/2320 2718/518/2320 6087/518/2320
f 2735/519/2320 6087/518/2320 6102/519/2320
f 2723/520/2321 2739/521/2321 6109/521/2321
f 2723/520/2321 6109/521/2321 6093/520/2321
f 2701/513/2322 2749/523/2322 6117/523/2322
f 2701/513/2322 6117/523/2322 6066/513/2322
f 2750/524/2323 2730/519/2323 6100/519/2324
f 2750/524/2323 6100/519/2324 6120/524/2325
f 2736/519/2326 2758/525/2326 6128/525/2326
f 2736/519/2326 6128/525/2326 6106/519/2326
f 2777/528/2327 2724/517/2327 6094/517/2327
f 2777/528/2327 6094/517/2327 6147/528/2327
f 2745/522/2328 2790/530/2328 6160/530/2328
f 2745/522/2328 6160/530/2328 6115/522/2328
f 2795/531/2329 2753/524/2329 6121/524/2329
f 2795/531/2329 6121/524/2329 6162/531/2329
f 2729/517/2330 2799/532/2330 6167/532/2330
f 2729/517/2330 6167/532/2330 6097/517/2330
f 2804/533/2331 2791/531/2332 6161/531/2333
f 2804/533/2331 6161/531/2333 6174/533/2332
f 2757/525/2334 2813/534/2335 6180/534/2335
f 2757/525/2334 6180/534/2335 6124/525/2336
f 2814/535/2337 2781/529/2337 6151/529/2337
f 2814/535/2337 6151/529/2337 6184/535/2337
f 2789/530/2338 2816/535/2338 6185/535/2338
f 2789/530/2338 6185/535/2338 6157/530/2338
f 2821/536/2339 2800/538/2339 6170/538/2339
f 2821/536/2339 6170/538/2339 6191/536/2339
f 2833/539/2340 2817/541/2340 6187/541/2340
f 2833/539/2340 6187/541/2340 6203/539/2340
f 2832/537/2341 2846/542/2341 6214/542/2341
f 2832/537/2341 6214/542/2341 6198/537/2341
f 2798/532/2342 2446/545/2342 5813/545/2342
f 2798/532/2342 5813/545/2342 6166/532/2342
s 0
f 2441/546/2343 2836/539/2343 6204/539/2343
f 2441/546/2344 6204/539/2344 5810/546/2344
s 1
f 2842/540/2345 2442/546/2345 5811/546/2345
f 2842/540/2345 5811/546/2345 6208/540/2345
f 2847/550/2346 2492/549/2346 5864/549/2346
f 2847/550/2346 5864/549/2346 6218/550/2346
f 2852/552/2347 2856/553/2347 6224/553/2347
f 2852/552/2347 6224/553/2347 6220/552/2347
f 2858/556/2348 2862/548/2349 6235/548/2348
f 2858/556/2348 6235/548/2348 6230/556/2348
f 2886/555/2350 2879/554/2350 6249/554/2350
f 2886/555/2350 6249/554/2350 6256/555/2350
f 2900/561/2351 2891/557/2352 6263/557/2352
f 2900/561/2351 6263/557/2352 6275/561/2352
f 2918/567/2353 2914/566/2353 6285/566/2353
f 2918/567/2353 6285/566/2353 6293/567/2353
f 2928/547/2354 2533/493/2354 5903/493/2354
f 2928/547/2354 5903/493/2354 6298/547/2354
f 2931/568/2355 2927/547/2355 6297/547/2356
f 2931/568/2355 6297/547/2356 6301/568/2356
f 2936/572/2357 2917/567/2357 6292/567/2357
f 2936/572/2357 6292/567/2357 6308/572/2357
f 2967/576/2358 2955/573/2358 6326/573/2358
f 2967/576/2358 6326/573/2358 6338/576/2358
f 2985/585/2359 2989/582/2359 6361/582/2359
f 2985/585/2359 6361/582/2359 6357/585/2359
f 2980/579/2360 2993/582/2360 6363/582/2360
f 2980/579/2360 6363/582/2360 6350/579/2360
f 3000/584/2361 2997/583/2361 6367/583/2361
f 3000/584/2361 6367/583/2361 6370/584/2361
f 2521/482/2362 2853/552/2362 6223/552/2362
f 2521/482/2362 6223/552/2362 5891/482/2362
f 2863/548/2363 2848/550/2363 6219/550/2363
f 2863/548/2363 6219/550/2363 6237/548/2363
f 2877/554/2364 2859/556/2364 6231/556/2364
f 2877/554/2364 6231/556/2364 6248/554/2364
f 2857/560/2365 2897/559/2365 6267/559/2365
f 2857/560/2365 6267/559/2365 6227/560/2365
f 2912/565/2366 2875/558/2366 6245/558/2366
f 2912/565/2366 6245/558/2366 6282/565/2366
f 2898/559/2367 2913/565/2367 6283/565/2367
f 2898/559/2367 6283/565/2367 6268/559/2367
f 2915/566/2368 2880/555/2368 6255/555/2368
f 2915/566/2368 6255/555/2368 6286/566/2368
f 2910/564/2369 2932/568/2370 6302/568/2371
f 2910/564/2369 6302/568/2371 6280/564/2371
f 2934/569/2372 2909/564/2372 6276/564/2372
f 2934/569/2372 6276/564/2372 6303/569/2372
f 2876/551/2373 2935/569/2373 6305/569/2373
f 2876/551/2373 6305/569/2373 6246/551/2373
f 2941/570/2374 2937/572/2375 6309/572/2376
f 2941/570/2374 6309/572/2376 6313/570/2374
f 2964/575/2377 2940/570/2377 6312/570/2377
f 2964/575/2377 6312/570/2377 6335/575/2377
f 2950/571/2378 2966/575/2378 6336/575/2378
f 2950/571/2378 6336/575/2378 6320/571/2378
f 2894/557/2379 2969/576/2379 6339/576/2379
f 2894/557/2379 6339/576/2379 6264/557/2379
f 2970/577/2380 2899/561/2380 6274/561/2380
f 2970/577/2380 6274/561/2380 6341/577/2380
f 2959/574/2381 2971/577/2381 6342/577/2381
f 2959/574/2381 6342/577/2381 6333/574/2381
f 2973/578/2382 2944/571/2382 6319/571/2382
f 2973/578/2382 6319/571/2382 6346/578/2382
s 0
f 2957/573/2383 2981/579/2383 6351/579/2383
f 2957/573/2384 6351/579/2384 6327/573/2384
s 1
f 2982/580/2385 2958/574/2385 6332/574/2385
f 2982/580/2385 6332/574/2385 6353/580/2385
f 2506/581/2386 2983/580/2386 6354/580/2386
f 2506/581/2386 6354/580/2386 5882/581/2386
f 2990/582/2387 2974/578/2387 6347/578/2387
f 2990/582/2387 6347/578/2387 6362/582/2387
f 2995/583/2388 2986/585/2388 6358/585/2389
f 2995/583/2388 6358/585/2389 6366/583/2388
f 2994/582/2390 3001/584/2390 6371/584/2390
f 2994/582/2390 6371/584/2390 6364/582/2390
f 3003/586/2391 3006/588/2391 6378/588/2391
f 3003/586/2391 6378/588/2391 6374/586/2391
f 3010/592/2392 3014/587/2392 6388/587/2392
f 3010/592/2392 6388/587/2392 6382/592/2392
f 3024/594/2393 3027/590/2393 6402/590/2393
f 3024/594/2393 6402/590/2393 6395/594/2393
f 3033/591/2394 3043/596/2394 6416/596/2394
f 3033/591/2394 6416/596/2394 6410/591/2394
s 0
f 2493/549/2395 3048/593/2395 6421/593/2395
f 2493/549/2396 6421/593/2396 5868/549/2396
s 1
f 3085/600/2397 3091/604/2398 6463/604/2398
f 3085/600/2397 6463/604/2398 6459/600/2397
f 3112/605/2399 3109/603/2399 6479/603/2399
f 3112/605/2399 6479/603/2399 6482/605/2399
f 3124/608/2400 3120/607/2400 6490/607/2400
f 3124/608/2400 6490/607/2400 6494/608/2400
f 3137/611/2401 3134/610/2401 6504/610/2401
f 3137/611/2401 6504/610/2401 6507/611/2401
f 3139/614/2402 3142/613/2402 6515/613/2402
f 3139/614/2402 6515/613/2402 6510/614/2402
f 3154/619/2403 3177/622/2403 6549/622/2403
f 3154/619/2403 6549/622/2403 6527/619/2403
f 3197/623/2404 2486/626/2404 5857/626/2404
f 3197/623/2404 5857/626/2404 6570/623/2404
f 3210/625/2405 2490/633/2405 5861/633/2405
f 3210/625/2405 5861/633/2405 6585/625/2405
f 2513/627/2406 2505/581/2406 5881/581/2406
f 2513/627/2406 5881/581/2406 5884/627/2406
f 3202/624/2407 3208/635/2407 6579/635/2407
f 3202/624/2407 6579/635/2407 6576/624/2407
f 3231/634/2408 3237/630/2408 6612/630/2408
f 3231/634/2408 6612/630/2408 6605/634/2408
f 3265/638/2409 3262/637/2410 6632/637/2411
f 3265/638/2409 6632/637/2411 6635/638/2410
f 3254/636/2412 3273/642/2412 6643/642/2412
f 3254/636/2412 6643/642/2412 6624/636/2412
f 3274/642/2413 3278/644/2413 6649/644/2413
f 3274/642/2413 6649/644/2413 6647/642/2413
f 3281/645/2414 3217/628/2414 6588/628/2414
f 3281/645/2414 6588/628/2414 6651/645/2414
f 3301/643/2415 3297/641/2415 6667/641/2416
f 3301/643/2415 6667/641/2416 6671/643/2415
f 3327/653/2417 3302/646/2417 6672/646/2417
f 3327/653/2417 6672/646/2417 6697/653/2417
s 0
f 3376/660/2418 4236/659/2418 7610/659/2418
s 1
f 3376/660/2419 7610/659/2419 6752/660/2419
f 3013/587/2420 3002/586/2421 6373/586/2420
f 3013/587/2420 6373/586/2420 6387/587/2422
f 3005/588/2423 3019/589/2423 6391/589/2423
f 3005/588/2423 6391/589/2423 6377/588/2423
f 3026/590/2424 3009/592/2424 6381/592/2424
f 3026/590/2424 6381/592/2424 6401/590/2424
f 3022/589/2425 3041/591/2425 6411/591/2425
f 3022/589/2425 6411/591/2425 6392/589/2425
f 3047/593/2426 3023/594/2426 6394/594/2426
f 3047/593/2426 6394/594/2426 6420/593/2426
f 3083/599/2427 3057/595/2427 6427/595/2427
f 3083/599/2427 6427/595/2427 6453/599/2427
f 3042/596/2428 3084/600/2428 6458/600/2428
f 3042/596/2428 6458/600/2428 6415/596/2428
f 3052/595/2429 3094/601/2430 6466/601/2431
f 3052/595/2429 6466/601/2431 6426/595/2430
f 3103/602/2432 3082/599/2432 6452/599/2432
f 3103/602/2432 6452/599/2432 6473/602/2432
f 3090/604/2433 3110/605/2433 6481/605/2433
f 3090/604/2433 6481/605/2433 6462/604/2434
f 3097/601/2435 3115/606/2435 6487/606/2435
f 3097/601/2435 6487/606/2435 6467/601/2435
f 3118/607/2436 3098/602/2436 6471/602/2436
f 3118/607/2436 6471/602/2436 6488/607/2436
f 3104/603/2437 3121/608/2437 6493/608/2437
f 3104/603/2437 6493/608/2437 6478/603/2437
f 3133/610/2438 3078/598/2438 6448/598/2438
f 3133/610/2438 6448/598/2438 6503/610/2438
f 3113/606/2439 3135/611/2439 6506/611/2439
f 3113/606/2439 6506/611/2439 6486/606/2439
f 3149/612/2440 3138/614/2440 6508/614/2440
f 3149/612/2440 6508/614/2440 6519/612/2440
f 3147/617/2441 3153/619/2441 6526/619/2441
f 3147/617/2441 6526/619/2441 6518/617/2441
f 3077/598/2442 3167/616/2442 6539/616/2442
f 3077/598/2442 6539/616/2442 6447/598/2442
f 3141/613/2443 3171/618/2443 6543/618/2443
f 3141/613/2443 6543/618/2443 6514/613/2443
f 3170/618/2444 3146/617/2444 6516/617/2444
f 3170/618/2444 6516/617/2444 6540/618/2444
f 3183/620/2445 3152/612/2446 6522/612/2447
f 3183/620/2445 6522/612/2447 6555/620/2448
f 3176/622/2449 3196/623/2449 6569/623/2449
f 3176/622/2449 6569/623/2449 6548/622/2449
f 3165/616/2450 3201/624/2450 6571/624/2450
f 3165/616/2450 6571/624/2450 6535/616/2450
f 2487/626/2451 3211/625/2451 6586/625/2451
f 2487/626/2451 6586/625/2451 5858/626/2451
f 3218/628/2452 2514/627/2453 5885/627/2453
f 3218/628/2452 5885/627/2453 6593/628/2453
f 3207/635/2454 3230/634/2454 6600/634/2454
f 3207/635/2454 6600/634/2454 6577/635/2454
f 3236/630/2455 3180/620/2455 6550/620/2455
f 3236/630/2455 6550/620/2455 6606/630/2455
f 3247/631/2456 3195/621/2456 6565/621/2456
f 3247/631/2456 6565/621/2456 6617/631/2456
f 2489/633/2457 3248/632/2457 6622/632/2457
f 2489/633/2457 6622/632/2457 5860/633/2457
f 3186/621/2458 3255/636/2458 6628/636/2458
f 3186/621/2458 6628/636/2458 6564/621/2458
f 3261/637/2459 3246/631/2459 6616/631/2459
f 3261/637/2459 6616/631/2459 6631/637/2459
f 3249/632/2460 3263/638/2460 6634/638/2460
f 3249/632/2460 6634/638/2460 6623/632/2460
f 3279/644/2461 3298/643/2461 6670/643/2461
f 3279/644/2461 6670/643/2461 6650/644/2461
f 3303/646/2462 3282/645/2463 6653/645/2463
f 3303/646/2462 6653/645/2463 6677/646/2463
s 0
f 3291/641/2464 3342/652/2464 6715/652/2464
f 3291/641/2465 6715/652/2465 6666/641/2465
s 1
f 3341/652/2466 3354/655/2466 6724/655/2466
f 3341/652/2466 6724/655/2466 6711/652/2466
f 3360/656/2467 3346/654/2467 6722/654/2467
f 3360/656/2467 6722/654/2467 6733/656/2467
f 3371/658/2468 3328/653/2468 6700/653/2468
f 3371/658/2468 6700/653/2468 6744/658/2468
f 2437/661/2469 3370/658/2469 6740/658/2469
f 2437/661/2469 6740/658/2469 5807/661/2469
f 3347/654/2470 2431/662/2470 5805/662/2470
f 3347/654/2470 5805/662/2470 6723/654/2470
f 3355/655/2471 2427/663/2471 5799/663/2471
f 3355/655/2471 5799/663/2471 6728/655/2471
f 3391/671/2472 3394/670/2473 6768/670/2473
f 3391/671/2472 6768/670/2473 6762/671/2473
f 3423/674/2474 3418/673/2474 6788/673/2474
f 3423/674/2474 6788/673/2474 6793/674/2474
s 0
f 3439/678/2475 3429/676/2475 6799/676/2475
s 1
f 3439/678/2476 6799/676/2476 6809/678/2476
f 3441/682/2477 3444/683/2477 6815/683/2477
f 3441/682/2477 6815/683/2477 6811/682/2477
f 3455/681/2478 3462/686/2478 6833/686/2478
f 3455/681/2478 6833/686/2478 6828/681/2478
f 3466/691/2479 3470/684/2479 6843/684/2479
f 3466/691/2479 6843/684/2479 6838/691/2479
f 3481/685/2480 3475/684/2481 6845/684/2482
f 3481/685/2480 6845/684/2482 6851/685/2483
f 3497/690/2484 3493/689/2484 6863/689/2485
f 3497/690/2484 6863/689/2485 6867/690/2484
f 3506/693/2486 3500/692/2486 6870/692/2486
f 3506/693/2486 6870/692/2486 6876/693/2486
f 3557/702/2487 2464/706/2487 5833/706/2487
f 3557/702/2487 5833/706/2487 6923/702/2487
f 3546/700/2488 3538/699/2488 6909/699/2488
f 3546/700/2488 6909/699/2488 6913/700/2488
f 3551/701/2489 3547/700/2489 6917/700/2489
f 3551/701/2489 6917/700/2489 6921/701/2489
f 3559/707/2490 3564/703/2490 6936/703/2491
f 3559/707/2490 6936/703/2491 6932/707/2490
s 0
f 3575/705/2492 3570/704/2492 6940/704/2492
f 3575/705/2493 6940/704/2493 6945/705/2493
s 1
f 3594/712/2494 3598/714/2494 6966/714/2494
f 3594/712/2494 6966/714/2494 6961/712/2494
f 3600/711/2495 3606/717/2495 6976/717/2495
f 3600/711/2495 6976/717/2495 6973/711/2495
f 3618/715/2496 3622/719/2496 6992/719/2496
f 3618/715/2496 6992/719/2496 6985/715/2496
f 3634/718/2497 2466/722/2497 5836/722/2497
f 3634/718/2497 5836/722/2497 7003/718/2497
f 3384/664/2498 2452/666/2498 5822/666/2498
f 3384/664/2498 5822/666/2498 6754/664/2498
f 3390/665/2499 3385/664/2499 6755/664/2499
f 3390/665/2499 6755/664/2499 6760/665/2499
f 3402/668/2500 3389/665/2500 6759/665/2500
f 3402/668/2500 6759/665/2500 6772/668/2500
f 3406/669/2501 3393/671/2501 6763/671/2501
f 3406/669/2501 6763/671/2501 6776/669/2501
f 3395/670/2502 3409/675/2502 6780/675/2502
f 3395/670/2502 6780/675/2502 6769/670/2502
f 3415/672/2503 3403/668/2503 6773/668/2503
f 3415/672/2503 6773/668/2503 6785/672/2503
f 3419/673/2504 3407/669/2504 6777/669/2504
f 3419/673/2504 6777/669/2504 6789/673/2504
f 3408/675/2505 3420/674/2505 6792/674/2505
f 3408/675/2505 6792/674/2505 6779/675/2505
f 3432/677/2506 3414/672/2506 6784/672/2506
f 3432/677/2506 6784/672/2506 6802/677/2507
f 3449/679/2508 3433/677/2508 6803/677/2508
f 3449/679/2508 6803/677/2508 6819/679/2508
f 3428/676/2509 3448/679/2509 6818/679/2509
f 3428/676/2509 6818/679/2509 6798/676/2509
f 3452/680/2510 3443/682/2510 6813/682/2510
f 3452/680/2510 6813/682/2510 6822/680/2510
f 3445/683/2511 3456/681/2511 6829/681/2511
f 3445/683/2511 6829/681/2511 6816/683/2511
f 3476/684/2512 3453/680/2512 6823/680/2512
f 3476/684/2512 6823/680/2512 6846/684/2512
f 3492/689/2513 3469/691/2513 6839/691/2513
f 3492/689/2513 6839/691/2513 6862/689/2513
f 3471/684/2514 3494/690/2514 6866/690/2514
f 3471/684/2514 6866/690/2514 6844/684/2514
f 3499/692/2515 3482/685/2515 6852/685/2515
f 3499/692/2515 6852/685/2515 6869/692/2515
f 3463/686/2516 3510/694/2516 6878/694/2516
f 3463/686/2516 6878/694/2516 6834/686/2516
f 3512/694/2517 3438/678/2517 6808/678/2517
f 3512/694/2517 6808/678/2517 6882/694/2517
f 3523/696/2518 3505/693/2518 6875/693/2518
f 3523/696/2518 6875/693/2518 6893/696/2518
f 3528/697/2519 3524/696/2519 6894/696/2519
f 3528/697/2519 6894/696/2519 6898/697/2519
f 3533/698/2520 3529/697/2520 6899/697/2520
f 3533/698/2520 6899/697/2520 6903/698/2520
f 3518/695/2521 3558/702/2521 6924/702/2521
f 3518/695/2521 6924/702/2521 6883/695/2521
f 3567/703/2522 3532/698/2522 6902/698/2522
f 3567/703/2522 6902/698/2522 6937/703/2522
f 3571/704/2523 3552/701/2523 6922/701/2523
f 3571/704/2523 6922/701/2523 6941/704/2523
f 2465/706/2524 3574/705/2524 6942/705/2525
f 2465/706/2524 6942/705/2525 5834/706/2526
f 3578/708/2527 3563/707/2527 6933/707/2527
f 3578/708/2527 6933/707/2527 6948/708/2527
f 3590/710/2528 3579/708/2528 6949/708/2528
f 3590/710/2528 6949/708/2528 6960/710/2528
f 3586/709/2529 3589/710/2529 6959/710/2529
f 3586/709/2529 6959/710/2529 6956/709/2529
f 3537/699/2530 3601/711/2530 6974/711/2530
f 3537/699/2530 6974/711/2530 6908/699/2530
f 3608/717/2531 3595/712/2531 6965/712/2531
f 3608/717/2531 6965/712/2531 6978/717/2531
f 3599/714/2532 3621/715/2532 6986/715/2532
f 3599/714/2532 6986/715/2532 6967/714/2532
f 4462/720/2533 3587/709/2533 6957/709/2533
f 4462/720/2533 6957/709/2533 7832/720/2533
f 3624/719/2534 3638/718/2534 7004/718/2534
f 3624/719/2534 7004/718/2534 6993/719/2534
f 2453/666/2535 3641/727/2535 7011/727/2535
f 2453/666/2535 7011/727/2535 5823/666/2535
f 3643/724/2536 3650/484/2536 7020/484/2536
f 3643/724/2536 7020/484/2536 7013/724/2536
f 3655/728/2537 3660/725/2537 7030/725/2537
f 3655/728/2537 7030/725/2537 7025/728/2537
f 3673/726/2538 3676/731/2539 7046/731/2540
f 3673/726/2538 7046/731/2540 7043/726/2540
f 3735/723/2541 3519/695/2541 6889/695/2541
f 3735/723/2541 6889/695/2541 7102/723/2541
s 0
f 3814/748/2542 3808/747/2542 7176/747/2542
f 3814/748/2543 7176/747/2543 7180/748/2543
s 1
f 3825/750/2544 3820/749/2544 7187/749/2544
f 3825/750/2544 7187/749/2544 7191/750/2544
f 3858/757/2545 3863/758/2546 7233/758/2547
f 3858/757/2545 7233/758/2547 7228/757/2546
f 2469/722/2548 3872/756/2548 7242/756/2548
f 2469/722/2548 7242/756/2548 5839/722/2548
f 3877/759/2549 3881/762/2549 7251/762/2549
f 3877/759/2549 7251/762/2549 7247/759/2549
f 3901/764/2550 3906/763/2550 7272/763/2550
f 3901/764/2550 7272/763/2550 7270/764/2550
f 3651/484/2551 2482/476/2551 5852/476/2552
f 3651/484/2551 5852/476/2552 7021/484/2551
f 3661/725/2553 3644/724/2553 7014/724/2553
f 3661/725/2553 7014/724/2553 7031/725/2553
f 3639/727/2554 3667/726/2554 7037/726/2554
f 3639/727/2554 7037/726/2554 7009/727/2554
f 3677/731/2555 3656/728/2555 7026/728/2555
f 3677/731/2555 7026/728/2555 7047/731/2555
f 3782/742/2556 3736/723/2556 7106/723/2556
f 3782/742/2556 7106/723/2556 7152/742/2556
f 3793/746/2557 3783/742/2557 7153/742/2557
f 3793/746/2557 7153/742/2557 7163/746/2557
f 3809/747/2558 3792/746/2558 7162/746/2558
f 3809/747/2558 7162/746/2558 7179/747/2558
f 3829/752/2559 3815/748/2560 7183/748/2559
f 3829/752/2559 7183/748/2559 7198/752/2560
f 3819/749/2561 3828/752/2561 7197/752/2561
f 3819/749/2561 7197/752/2561 7186/749/2561
f 3873/756/2562 3859/757/2562 7229/757/2562
f 3873/756/2562 7229/757/2562 7243/756/2562
f 3862/758/2563 3875/759/2563 7244/759/2563
f 3862/758/2563 7244/759/2563 7230/758/2564
f 3879/762/2565 3898/764/2565 7266/764/2565
f 3879/762/2565 7266/764/2565 7248/762/2565
f 3907/763/2566 3826/750/2566 7196/750/2566
f 3907/763/2566 7196/750/2566 7277/763/2566
s 0
f 3921/780/2567 3915/768/2567 7278/768/2567
s 1
f 3921/780/2568 7278/768/2568 7288/780/2568
f 3929/772/2569 2355/771/2569 5725/771/2569
f 3929/772/2569 5725/771/2569 7299/772/2569
s 0
f 3951/784/2570 3949/783/2570 7318/783/2570
f 3951/784/2570 7318/783/2570 7320/784/2570
s 1
f 3963/788/2571 3956/786/2572 7324/786/2572
f 3963/788/2571 7324/786/2572 7331/788/2572
f 3964/789/2573 3960/788/2573 7330/788/2573
f 3964/789/2573 7330/788/2573 7334/789/2573
f 3971/790/2574 3969/789/2574 7335/789/2574
f 3971/790/2574 7335/789/2574 7340/790/2574
f 2352/775/2575 3973/791/2575 7343/791/2575
f 2352/775/2575 7343/791/2575 5722/775/2575
f 3976/792/2576 3979/794/2576 7349/794/2576
f 3976/792/2576 7349/794/2576 7346/792/2576
f 3991/796/2577 3996/798/2577 7366/798/2577
f 3991/796/2577 7366/798/2577 7361/796/2577
f 4005/795/2578 4003/793/2578 7371/793/2578
f 4005/795/2578 7371/793/2578 7374/795/2578
f 3983/774/2579 4007/801/2579 7377/801/2579
f 3983/774/2579 7377/801/2579 7353/774/2579
f 4035/804/2580 4032/803/2580 7402/803/2580
f 4035/804/2580 7402/803/2580 7405/804/2580
f 4050/807/2581 4045/806/2581 7413/806/2581
f 4050/807/2581 7413/806/2581 7417/807/2581
f 4059/813/2582 4063/809/2582 7433/809/2582
f 4059/813/2582 7433/809/2582 7429/813/2582
f 4068/816/2583 4072/817/2583 7442/817/2583
f 4068/816/2583 7442/817/2583 7438/816/2584
f 4092/815/2585 4089/814/2585 7459/814/2585
f 4092/815/2585 7459/814/2585 7462/815/2585
f 4104/821/2586 4111/820/2586 7479/820/2586
f 4104/821/2586 7479/820/2586 7473/821/2586
f 2331/824/2587 4116/823/2587 7486/823/2587
f 2331/824/2587 7486/823/2587 5701/824/2587
f 4136/828/2588 4140/830/2588 7510/830/2588
f 4136/828/2588 7510/830/2588 7506/828/2588
f 4144/829/2589 4150/832/2589 7520/832/2589
f 4144/829/2589 7520/832/2589 7514/829/2589
f 4166/841/2590 4170/836/2590 7537/836/2590
f 4166/841/2590 7537/836/2590 7534/841/2590
f 4182/838/2591 4179/837/2591 7546/837/2591
f 4182/838/2591 7546/837/2591 7551/838/2591
f 3936/781/2592 3930/772/2592 7300/772/2592
f 3936/781/2592 7300/772/2592 7306/781/2592
f 3916/768/2593 3943/782/2593 7310/782/2593
f 3916/768/2593 7310/782/2593 7279/768/2593
f 3947/783/2594 3944/785/2594 7314/785/2594
s 0
f 3947/783/2594 7314/785/2594 7317/783/2594
f 3946/785/2595 3952/784/2595 7321/784/2595
f 3946/785/2595 7321/784/2595 7315/785/2595
s 1
f 3953/786/2596 3917/780/2596 7287/780/2596
f 3953/786/2596 7287/780/2596 7323/786/2596
f 3957/787/2597 3935/781/2597 7305/781/2597
f 3957/787/2597 7305/781/2597 7327/787/2597
f 3942/782/2598 3959/787/2598 7328/787/2598
f 3942/782/2598 7328/787/2598 7309/782/2598
f 2447/545/2599 3972/790/2600 7341/790/2600
f 2447/545/2599 7341/790/2600 5814/545/2600
f 3975/791/2601 3990/774/2601 7354/774/2601
f 3975/791/2601 7354/774/2601 7344/791/2601
s 0
f 4000/793/2602 3977/792/2602 7347/792/2602
f 4000/793/2603 7347/792/2603 7370/793/2603
s 1
f 3982/794/2604 4006/795/2604 7375/795/2604
f 3982/794/2604 7375/795/2604 7350/794/2604
f 3999/798/2605 4019/799/2606 7387/799/2607
f 3999/798/2605 7387/799/2607 7367/798/2606
f 4010/801/2608 4030/802/2608 7398/802/2608
f 4010/801/2608 7398/802/2608 7378/801/2608
f 4033/803/2609 3992/796/2609 7362/796/2609
s 0
f 4033/803/2610 7362/796/2610 7403/803/2610
s 1
f 4016/797/2611 4038/804/2611 7406/804/2611
f 4016/797/2611 7406/804/2611 7382/797/2611
f 4039/805/2612 4011/797/2612 7381/797/2612
f 4039/805/2612 7381/797/2612 7409/805/2612
f 4020/799/2613 4041/805/2613 7410/805/2613
f 4020/799/2613 7410/805/2613 7388/799/2613
f 4044/806/2614 2350/773/2615 5718/773/2615
f 4044/806/2614 5718/773/2615 7412/806/2615
f 4052/808/2616 4026/800/2616 7391/800/2616
f 4052/808/2616 7391/800/2616 7421/808/2616
f 4031/802/2617 4053/808/2617 7422/808/2617
f 4031/802/2617 7422/808/2617 7399/802/2617
f 2341/778/2618 4054/777/2618 7424/777/2618
f 2341/778/2618 7424/777/2618 5711/778/2618
f 4066/809/2619 4049/807/2619 7416/807/2619
f 4066/809/2619 7416/807/2619 7434/809/2619
f 4027/800/2620 4067/809/2620 7435/809/2620
f 4027/800/2620 7435/809/2620 7392/800/2620
f 4077/810/2621 2339/776/2621 5706/776/2621
f 4077/810/2621 5706/776/2621 7446/810/2621
f 4057/777/2622 4078/810/2623 7447/810/2624
f 4057/777/2622 7447/810/2624 7425/777/2625
f 4079/811/2626 4058/813/2626 7428/813/2626
f 4079/811/2626 7428/813/2626 7449/811/2626
f 4062/809/2627 4083/812/2627 7453/812/2627
f 4062/809/2627 7453/812/2627 7432/809/2627
f 4090/814/2628 4069/816/2628 7439/816/2628
f 4090/814/2628 7439/816/2628 7460/814/2628
f 4075/817/2629 4100/818/2630 7468/818/2630
f 4075/817/2629 7468/818/2630 7443/817/2630
f 4088/812/2631 4103/821/2631 7472/821/2631
f 4088/812/2631 7472/821/2631 7454/812/2631
f 4106/819/2632 4097/815/2632 7463/815/2632
f 4106/819/2632 7463/815/2632 7475/819/2632
f 4101/818/2633 4107/819/2633 7476/819/2633
f 4101/818/2633 7476/819/2633 7469/818/2633
f 4110/820/2634 4082/811/2634 7450/811/2634
f 4110/820/2634 7450/811/2634 7478/820/2634
s 0
f 4112/827/2635 4119/826/2635 7489/826/2635
f 4112/827/2636 7489/826/2636 7482/827/2636
s 1
f 4131/825/2637 4113/827/2637 7483/827/2637
f 4131/825/2637 7483/827/2637 7501/825/2637
f 4115/823/2638 4135/828/2638 7505/828/2638
f 4115/823/2638 7505/828/2638 7485/823/2638
f 4147/829/2639 4134/825/2639 7502/825/2639
f 4147/829/2639 7502/825/2639 7515/829/2639
f 4122/826/2640 4148/829/2640 7516/829/2640
f 4122/826/2640 7516/829/2640 7490/826/2640
f 4154/831/2641 4143/829/2641 7513/829/2641
f 4154/831/2641 7513/829/2641 7524/831/2641
f 4171/836/2642 4158/831/2642 7525/831/2642
f 4171/836/2642 7525/831/2642 7538/836/2642
f 4149/832/2643 4180/838/2643 7550/838/2643
f 4149/832/2643 7550/838/2643 7519/832/2643
f 4139/830/2644 2421/835/2644 5791/835/2644
f 4139/830/2644 5791/835/2644 7509/830/2644
f 2418/839/2645 4163/841/2645 7533/841/2645
f 2418/839/2645 7533/841/2645 5788/839/2645
f 4203/847/2646 4201/846/2646 7572/846/2646
f 4203/847/2646 7572/846/2646 7575/847/2646
f 4187/842/2647 4184/844/2647 7556/844/2647
f 4187/842/2647 7556/844/2647 7558/842/2647
f 4191/843/2648 4188/842/2648 7559/842/2648
f 4191/843/2648 7559/842/2648 7565/843/2648
f 4183/844/2649 4196/845/2649 7566/845/2649
f 4183/844/2649 7566/845/2649 7553/844/2649
f 4200/846/2650 4190/843/2651 7564/843/2651
f 4200/846/2650 7564/843/2651 7571/846/2651
f 4199/845/2652 4206/847/2653 7576/847/2654
f 4199/845/2652 7576/847/2654 7569/845/2652
f 4212/850/2655 3359/656/2655 6732/656/2655
f 4212/850/2655 6732/656/2655 7585/850/2655
s 0
f 4260/858/2656 4269/861/2656 7639/861/2656
f 4260/858/2657 7639/861/2657 7630/858/2657
s 1
f 2426/663/2658 4294/864/2658 7667/864/2658
f 2426/663/2658 7667/864/2658 5798/663/2658
f 4283/862/2659 4278/860/2659 7651/860/2659
f 4283/862/2659 7651/860/2659 7654/862/2659
f 4352/877/2660 4347/876/2661 7720/876/2661
f 4352/877/2660 7720/876/2661 7724/877/2661
f 4379/883/2662 4375/882/2663 7745/882/2664
f 4379/883/2662 7745/882/2664 7749/883/2663
s 0
f 4386/885/2665 4391/887/2665 7763/887/2665
f 4386/885/2666 7763/887/2666 7758/885/2666
s 1
f 4400/888/2667 4395/886/2667 7765/886/2667
f 4400/888/2667 7765/886/2667 7770/888/2667
f 4402/893/2668 4407/892/2668 7782/892/2668
f 4402/893/2668 7782/892/2668 7773/893/2668
f 4408/892/2669 4415/895/2670 7788/895/2669
f 4408/892/2669 7788/895/2669 7783/892/2669
f 4423/896/2671 4427/891/2671 7800/891/2671
f 4423/896/2671 7800/891/2671 7795/896/2672
f 4207/848/2673 2436/661/2673 5806/661/2673
f 4207/848/2673 5806/661/2673 7577/848/2673
f 4217/849/2674 4208/848/2675 7580/848/2676
f 4217/849/2674 7580/848/2676 7588/849/2677
f 2430/662/2678 4216/849/2679 7587/849/2679
f 2430/662/2678 7587/849/2679 5804/662/2678
f 4219/851/2680 4211/850/2680 7584/850/2680
f 4219/851/2680 7584/850/2680 7591/851/2680
f 4231/853/2681 4220/851/2681 7592/851/2681
f 4231/853/2681 7592/851/2681 7604/853/2681
f 4235/659/2682 4224/852/2682 7599/852/2682
f 4235/659/2682 7599/852/2682 7609/659/2682
s 0
f 4241/854/2683 4230/853/2683 7603/853/2683
f 4241/854/2684 7603/853/2684 7613/854/2684
s 1
f 4223/852/2685 4245/855/2685 7615/855/2685
f 4223/852/2685 7615/855/2685 7593/852/2685
f 4252/856/2686 4242/854/2686 7614/854/2686
f 4252/856/2686 7614/854/2686 7625/856/2686
f 4256/857/2687 4251/856/2688 7624/856/2688
f 4256/857/2687 7624/856/2688 7628/857/2688
s 0
f 4246/855/2689 4261/858/2689 7631/858/2689
f 4246/855/2690 7631/858/2690 7616/855/2690
s 1
f 4274/859/2691 4257/857/2691 7629/857/2691
f 4274/859/2691 7629/857/2691 7646/859/2691
s 0
f 4270/861/2692 4282/862/2692 7652/862/2692
f 4270/861/2693 7652/862/2693 7640/861/2693
s 1
f 4289/863/2694 3375/660/2694 6751/660/2694
f 4289/863/2694 6751/660/2694 7661/863/2694
f 4298/865/2695 4273/859/2696 7645/859/2696
f 4298/865/2695 7645/859/2696 7671/865/2696
f 4277/860/2697 4303/866/2697 7673/866/2697
f 4277/860/2697 7673/866/2697 7647/860/2697
f 4309/870/2698 4286/872/2698 7658/872/2698
f 4309/870/2698 7658/872/2698 7680/870/2698
s 0
f 4313/867/2699 4290/863/2699 7662/863/2699
f 4313/867/2700 7662/863/2700 7684/867/2700
s 1
f 4293/864/2701 4312/867/2701 7682/867/2701
f 4293/864/2701 7682/867/2701 7663/864/2701
f 4316/868/2702 4299/865/2703 7672/865/2704
f 4316/868/2702 7672/865/2704 7692/868/2703
f 4304/866/2705 4324/869/2706 7694/869/2706
f 4304/866/2705 7694/869/2706 7674/866/2705
f 4327/874/2707 4315/868/2707 7691/868/2707
f 4327/874/2707 7691/868/2707 7698/874/2707
f 4331/871/2708 4310/870/2708 7681/870/2708
f 4331/871/2708 7681/870/2708 7705/871/2708
f 4285/872/2709 4337/873/2709 7707/873/2709
f 4285/872/2709 7707/873/2709 7655/872/2709
f 4340/875/2710 4328/874/2710 7699/874/2710
f 4340/875/2710 7699/874/2710 7714/875/2710
f 4323/869/2711 4351/877/2711 7721/877/2711
f 4323/869/2711 7721/877/2711 7693/869/2711
f 4356/878/2712 4330/871/2713 7704/871/2713
f 4356/878/2712 7704/871/2713 7728/878/2714
f 4336/873/2715 4360/879/2716 7730/879/2717
f 4336/873/2715 7730/879/2717 7706/873/2715
f 4366/880/2718 4341/875/2718 7715/875/2718
f 4366/880/2718 7715/875/2718 7739/880/2718
f 4346/876/2719 4371/881/2719 7741/881/2719
f 4346/876/2719 7741/881/2719 7716/876/2719
f 4376/882/2720 4355/878/2720 7727/878/2720
f 4376/882/2720 7727/878/2720 7748/882/2720
f 4359/879/2721 4380/883/2721 7750/883/2721
f 4359/879/2721 7750/883/2721 7729/879/2721
f 4370/881/2722 4382/884/2722 7752/884/2722
f 4370/881/2722 7752/884/2722 7740/881/2723
f 4390/887/2724 4399/888/2724 7769/888/2724
f 4390/887/2724 7769/888/2724 7760/887/2724
f 4406/889/2725 4365/880/2725 7738/880/2725
f 4406/889/2725 7738/880/2725 7781/889/2725
f 4383/884/2726 4405/889/2726 7775/889/2726
f 4383/884/2726 7775/889/2726 7753/884/2726
f 4420/890/2727 4387/885/2727 7759/885/2727
s 0
f 4420/890/2728 7759/885/2728 7791/890/2728
f 4394/886/2729 4419/890/2729 7789/890/2729
f 4394/886/2730 7789/890/2730 7764/886/2730
s 1
f 4426/891/2731 4403/893/2731 7774/893/2731
f 4426/891/2731 7774/893/2731 7799/891/2731
f 4414/895/2732 4445/899/2733 7815/899/2733
f 4414/895/2732 7815/899/2733 7784/895/2733
f 2407/900/2734 4422/896/2734 7794/896/2734
f 2407/900/2734 7794/896/2734 5780/900/2734
f 4457/903/2735 4463/720/2735 7833/720/2735
f 4457/903/2735 7833/720/2735 7827/903/2735
f 4466/904/2736 4471/901/2736 7841/901/2736
f 4466/904/2736 7841/901/2736 7836/904/2736
f 4534/914/2737 4537/915/2737 7909/915/2737
f 4534/914/2737 7909/915/2737 7903/914/2737
f 4472/901/2738 4458/903/2738 7828/903/2738
f 4472/901/2738 7828/903/2738 7842/901/2738
f 4489/906/2739 4467/904/2739 7837/904/2739
f 4489/906/2739 7837/904/2739 7859/906/2739
f 4506/910/2740 4490/906/2740 7860/906/2740
f 4506/910/2740 7860/906/2740 7876/910/2740
f 4538/915/2741 4503/910/2741 7875/910/2741
f 4538/915/2741 7875/910/2741 7910/915/2741
f 4552/917/2742 4535/914/2742 7906/914/2742
f 4552/917/2742 7906/914/2742 7920/917/2742
f 4587/931/2743 4596/933/2743 7964/933/2743
f 4587/931/2743 7964/933/2743 7955/931/2743
f 4600/939/2744 4583/930/2744 7953/930/2744
f 4600/939/2744 7953/930/2744 7970/939/2744
f 4666/947/2745 4657/946/2745 8027/946/2745
f 4666/947/2745 8027/946/2745 8036/947/2745
f 4672/949/2746 2399/948/2746 5767/948/2747
f 4672/949/2746 5767/948/2747 8039/949/2746
f 4681/951/2748 4684/958/2748 8053/958/2748
f 4681/951/2748 8053/958/2748 8046/951/2748
f 4693/954/2749 4690/953/2749 8060/953/2749
f 4693/954/2749 8060/953/2749 8063/954/2749
f 4665/946/2750 4723/963/2750 8092/963/2750
f 4665/946/2750 8092/963/2750 8028/946/2751
f 4725/960/2752 4710/956/2752 8080/956/2752
f 4725/960/2752 8080/956/2752 8095/960/2752
f 4733/962/2753 4729/961/2753 8099/961/2753
f 4733/962/2753 8099/961/2753 8103/962/2753
f 4745/966/2754 4752/967/2754 8122/967/2754
f 4745/966/2754 8122/967/2754 8115/966/2754
s 0
f 4760/920/2755 4763/969/2755 8132/969/2755
s 1
f 4760/920/2756 8132/969/2756 8126/920/2756
f 4764/968/2757 4774/971/2757 8144/971/2757
f 4764/968/2757 8144/971/2757 8134/968/2757
f 4788/923/2758 2389/922/2759 5759/922/2758
f 4788/923/2758 5759/922/2758 8158/923/2758
f 4807/975/2760 4803/974/2760 8173/974/2760
f 4807/975/2760 8173/974/2760 8177/975/2760
f 4573/927/2761 4566/765/2761 7936/765/2761
f 4573/927/2761 7936/765/2761 7943/927/2761
f 4582/930/2762 4577/927/2762 7944/927/2762
f 4582/930/2762 7944/927/2762 7948/930/2762
f 4572/765/2763 4585/931/2763 7954/931/2764
f 4572/765/2763 7954/931/2764 7937/765/2763
f 4595/933/2765 4590/932/2765 7958/932/2765
f 4595/933/2765 7958/932/2765 7963/933/2765
f 4592/932/2766 4612/936/2766 7980/936/2766
f 4592/932/2766 7980/936/2766 7959/932/2766
f 4625/937/2767 4599/939/2767 7967/939/2767
f 4625/937/2767 7967/939/2767 7993/937/2767
f 4616/940/2768 4633/941/2769 8003/941/2769
f 4616/940/2768 8003/941/2769 7986/940/2769
f 4638/942/2770 4617/940/2770 7987/940/2770
f 4638/942/2770 7987/940/2770 8008/942/2770
f 4650/944/2771 4622/937/2771 7992/937/2771
f 4650/944/2771 7992/937/2771 8020/944/2771
f 4630/938/2772 4651/944/2772 8021/944/2772
f 4630/938/2772 8021/944/2772 7997/938/2772
f 4637/941/2773 4668/947/2773 8037/947/2773
f 4637/941/2773 8037/947/2773 8004/941/2773
f 4615/936/2774 4680/951/2775 8045/951/2774
f 4615/936/2774 8045/951/2774 7981/936/2774
f 4685/952/2776 4653/945/2776 8023/945/2776
f 4685/952/2776 8023/945/2776 8055/952/2776
f 4692/953/2777 4642/942/2777 8009/942/2777
f 4692/953/2777 8009/942/2777 8061/953/2777
f 4708/955/2778 4674/949/2778 8040/949/2778
f 4708/955/2778 8040/949/2778 8077/955/2778
f 4644/943/2779 4706/955/2779 8076/955/2779
f 4644/943/2779 8076/955/2779 8014/943/2779
f 4709/956/2780 4643/943/2780 8013/943/2780
f 4709/956/2780 8013/943/2780 8079/956/2780
f 4683/958/2781 4716/957/2781 8084/957/2781
f 4683/958/2781 8084/957/2781 8052/958/2781
f 4718/959/2782 4686/952/2782 8056/952/2782
f 4718/959/2782 8056/952/2782 8088/959/2782
f 4713/957/2783 4724/960/2783 8094/960/2783
f 4713/957/2783 8094/960/2783 8083/957/2784
f 4728/961/2785 4717/959/2785 8087/959/2785
f 4728/961/2785 8087/959/2785 8098/961/2785
f 4721/963/2786 4732/962/2786 8102/962/2786
f 4721/963/2786 8102/962/2786 8091/963/2786
f 4739/964/2787 4698/954/2787 8064/954/2787
f 4739/964/2787 8064/954/2787 8107/964/2787
f 4740/965/2788 4736/964/2788 8106/964/2788
f 4740/965/2788 8106/964/2788 8110/965/2788
f 4754/967/2789 4744/965/2789 8111/965/2789
f 4754/967/2789 8111/965/2789 8123/967/2789
f 2393/921/2790 4755/920/2790 8125/920/2790
f 2393/921/2790 8125/920/2790 5763/921/2790
f 4761/969/2791 4765/968/2791 8135/968/2791
f 4761/969/2791 8135/968/2791 8131/969/2791
f 4787/972/2792 4751/966/2792 8116/966/2792
f 4787/972/2792 8116/966/2792 8150/972/2792
f 4775/971/2793 4789/923/2793 8159/923/2794
f 4775/971/2793 8159/923/2794 8145/971/2794
f 4794/977/2795 4786/972/2795 8149/972/2795
f 4794/977/2795 8149/972/2795 8163/977/2795
f 2326/978/2796 4792/977/2796 8162/977/2796
f 2326/978/2796 8162/977/2796 5696/978/2796
f 4802/974/2797 2322/979/2797 5692/979/2797
f 4802/974/2797 5692/979/2797 8172/974/2797
f 2320/980/2798 4806/975/2798 8176/975/2798
f 2320/980/2798 8176/975/2798 5690/980/2798
f 4795/973/2799 2319/980/2799 5689/980/2799
f 4795/973/2799 5689/980/2799 8165/973/2799
f 4172/837/2800 4818/983/2800 8188/983/2800
f 4172/837/2800 8188/983/2800 7542/837/2800
f 4838/986/2801 4836/985/2802 8204/985/2803
f 4838/986/2801 8204/985/2803 8207/986/2804
f 4844/988/2805 4848/989/2806 8218/989/2807
f 4844/988/2805 8218/989/2807 8214/988/2806
f 4868/992/2808 4873/994/2808 8243/994/2808
f 4868/992/2808 8243/994/2808 8238/992/2808
f 4828/982/2809 2417/840/2809 5787/840/2809
f 4828/982/2809 5787/840/2809 8198/982/2809
f 4832/984/2810 4827/982/2810 8194/982/2810
f 4832/984/2810 8194/982/2810 8200/984/2810
s 0
f 4835/985/2811 4831/984/2811 8199/984/2811
f 4835/985/2812 8199/984/2812 8203/985/2812
s 1
f 4823/983/2813 4839/986/2813 8209/986/2813
f 4823/983/2813 8209/986/2813 8193/983/2813
f 2425/835/2814 4847/988/2814 8215/988/2814
f 2425/835/2814 8215/988/2814 5792/835/2814
f 4852/989/2815 4842/991/2815 8210/991/2815
f 4852/989/2815 8210/991/2815 8219/989/2815
f 4843/991/2816 4872/992/2816 8242/992/2816
f 4843/991/2816 8242/992/2816 8213/991/2816
f 4875/994/2817 4880/993/2817 8250/993/2817
f 4875/994/2817 8250/993/2817 8245/994/2817
f 4881/993/2818 4899/998/2819 8269/998/2820
f 4881/993/2818 8269/998/2820 8251/993/2818
f 4898/998/2821 5483/999/2822 8853/999/2821
f 4898/998/2821 8853/999/2821 8268/998/2821
f 4444/899/2823 4900/1000/2824 8270/1000/2825
f 4444/899/2823 8270/1000/2825 7814/899/2824
f 4904/1001/2826 4909/1003/2826 8279/1003/2826
f 4904/1001/2826 8279/1003/2826 8274/1001/2826
f 4912/1002/2827 4919/1005/2828 8289/1005/2828
f 4912/1002/2827 8289/1005/2828 8282/1002/2828
f 4932/1006/2829 4936/1007/2829 8306/1007/2829
f 4932/1006/2829 8306/1007/2829 8302/1006/2829
f 4963/1015/2830 4967/1016/2830 8339/1016/2830
f 4963/1015/2830 8339/1016/2830 8335/1015/2830
f 5017/1022/2831 5005/1020/2831 8375/1020/2831
f 5017/1022/2831 8375/1020/2831 8387/1022/2831
f 5044/1027/2832 5040/1026/2832 8410/1026/2832
f 5044/1027/2832 8410/1026/2832 8414/1027/2832
f 5058/1029/2833 5029/1024/2833 8404/1024/2833
f 5058/1029/2833 8404/1024/2833 8429/1029/2833
s 0
f 4901/1000/2834 4905/1001/2834 8275/1001/2834
f 4901/1000/2835 8275/1001/2835 8271/1000/2835
s 1
f 4910/1003/2836 4913/1002/2836 8283/1002/2836
f 4910/1003/2836 8283/1002/2836 8280/1003/2836
f 4920/1005/2837 4933/1006/2837 8303/1006/2837
f 4920/1005/2837 8303/1006/2837 8290/1005/2837
f 4937/1007/2838 4947/1009/2838 8317/1009/2838
f 4937/1007/2838 8317/1009/2838 8307/1007/2838
f 4966/1016/2839 4984/1017/2839 8355/1017/2839
f 4966/1016/2839 8355/1017/2839 8336/1016/2839
f 5006/1020/2840 2408/900/2840 5781/900/2840
f 5006/1020/2840 5781/900/2840 8378/1020/2840
f 4985/1017/2841 5036/1025/2841 8409/1025/2841
f 4985/1017/2841 8409/1025/2841 8357/1017/2841
f 5041/1026/2842 5018/1022/2842 8391/1022/2842
f 5041/1026/2842 8391/1022/2842 8413/1026/2843
f 5035/1025/2844 5057/1029/2844 8427/1029/2844
f 5035/1025/2844 8427/1029/2844 8405/1025/2844
f 5061/1030/2845 5045/1027/2845 8420/1027/2845
f 5061/1030/2845 8420/1027/2845 8432/1030/2845
f 5063/1031/2846 5060/1030/2846 8431/1030/2846
f 5063/1031/2846 8431/1030/2846 8436/1031/2846
f 5079/1033/2847 5064/1031/2847 8437/1031/2848
f 5079/1033/2847 8437/1031/2848 8451/1033/2847
f 5028/1024/2849 5082/1034/2849 8452/1034/2849
f 5028/1024/2849 8452/1034/2849 8398/1024/2849
f 5086/1035/2850 5078/1033/2850 8450/1033/2850
f 5086/1035/2850 8450/1033/2850 8458/1035/2850
f 5098/1037/2851 5087/1035/2852 8459/1035/2852
f 5098/1037/2851 8459/1035/2852 8470/1037/2852
f 5083/1034/2853 5090/1036/2853 8462/1036/2853
f 5083/1034/2853 8462/1036/2853 8455/1034/2853
s 0
f 5101/1038/2854 5097/1037/2854 8469/1037/2854
s 1
f 5101/1038/2855 8469/1037/2855 8473/1038/2855
f 5146/1043/2856 4549/917/2856 7918/917/2856
f 5146/1043/2856 7918/917/2856 8516/1043/2857
f 5236/1057/2858 5254/1060/2858 8619/1060/2858
f 5236/1057/2858 8619/1060/2858 8602/1057/2858
s 0
f 5267/919/2859 5258/1061/2859 8628/1061/2859
f 5267/919/2860 8628/1061/2860 8636/919/2860
s 1
f 2390/922/2861 5284/1064/2861 8654/1064/2861
f 2390/922/2861 8654/1064/2861 5760/922/2861
f 5255/1060/2862 5279/1069/2862 8648/1069/2862
f 5255/1060/2862 8648/1069/2862 8620/1060/2862
f 5297/1068/2863 5293/1067/2864 8660/1067/2864
f 5297/1068/2863 8660/1067/2864 8665/1068/2865
f 5161/1045/2866 5149/1043/2866 8519/1043/2866
f 5161/1045/2866 8519/1043/2866 8531/1045/2866
f 5192/1049/2867 5162/1045/2868 8532/1045/2867
f 5192/1049/2867 8532/1045/2867 8562/1049/2867
f 2400/948/2869 5202/1051/2869 8569/1051/2869
f 2400/948/2869 8569/1051/2869 5768/948/2869
f 5203/1051/2870 5208/1053/2870 8575/1053/2870
f 5203/1051/2870 8575/1053/2870 8570/1051/2870
f 5211/1054/2871 5191/1049/2871 8561/1049/2871
f 5211/1054/2871 8561/1049/2871 8581/1054/2871
f 5231/1056/2872 5212/1054/2872 8582/1054/2872
f 5231/1056/2872 8582/1054/2872 8601/1056/2872
f 5248/1059/2873 5237/1057/2874 8603/1057/2875
f 5248/1059/2873 8603/1057/2875 8617/1059/2875
f 5207/1053/2876 5247/1059/2876 8616/1059/2876
f 5207/1053/2876 8616/1059/2876 8574/1053/2876
f 5257/1061/2877 2396/921/2877 5764/921/2877
f 5257/1061/2877 5764/921/2877 8626/1061/2877
f 5270/1065/2878 5230/1056/2878 8600/1056/2878
f 5270/1065/2878 8600/1056/2878 8640/1065/2878
f 5282/1063/2879 5266/919/2879 8629/919/2879
f 5282/1063/2879 8629/919/2879 8650/1063/2879
f 5278/1069/2880 5296/1068/2880 8664/1068/2880
f 5278/1069/2880 8664/1068/2880 8647/1069/2880
f 5302/1070/2881 5271/1065/2881 8641/1065/2881
f 5302/1070/2881 8641/1065/2881 8672/1070/2881
f 5292/1067/2882 5313/1071/2882 8680/1071/2882
f 5292/1067/2882 8680/1071/2882 8659/1067/2882
f 5317/1072/2883 5283/1063/2883 8653/1063/2883
f 5317/1072/2883 8653/1063/2883 8687/1072/2883
f 5288/1064/2884 5316/1072/2884 8685/1072/2884
f 5288/1064/2884 8685/1072/2884 8655/1064/2884
f 5319/1074/2885 4812/976/2885 8182/976/2885
f 5319/1074/2885 8182/976/2885 8689/1074/2885
f 5322/1073/2886 4796/973/2886 8166/973/2886
f 5322/1073/2886 8166/973/2886 8692/1073/2886
f 2371/769/2887 5325/779/2887 8695/779/2887
f 2371/769/2887 8695/779/2887 5741/769/2887
f 5357/1081/2888 5352/1079/2889 8722/1079/2890
f 5357/1081/2888 8722/1079/2890 8727/1081/2891
f 5365/1085/2892 5370/1086/2892 8737/1086/2892
f 5365/1085/2892 8737/1086/2892 8733/1085/2892
f 5374/1084/2893 5372/1083/2893 8742/1083/2893
f 5374/1084/2893 8742/1083/2893 8744/1084/2893
f 5386/1088/2894 5390/1089/2894 8760/1089/2894
f 5386/1088/2894 8760/1089/2894 8756/1088/2894
f 5405/1091/2895 5385/1087/2895 8750/1087/2895
f 5405/1091/2895 8750/1087/2895 8773/1091/2895
f 5401/1091/2896 5407/1093/2896 8777/1093/2896
f 5401/1091/2896 8777/1093/2896 8771/1091/2896
f 5420/1094/2897 5415/1092/2897 8783/1092/2897
f 5420/1094/2897 8783/1092/2897 8787/1094/2897
f 2340/776/2898 5424/1095/2899 8792/1095/2899
f 2340/776/2898 8792/1095/2899 5707/776/2899
f 5425/1097/2900 2330/824/2900 5700/824/2900
f 5425/1097/2900 5700/824/2900 8795/1097/2900
f 2313/981/2901 5318/1074/2901 8688/1074/2901
f 2313/981/2901 8688/1074/2901 5683/981/2901
f 4811/976/2902 5321/1073/2902 8691/1073/2902
f 4811/976/2902 8691/1073/2902 8181/976/2902
f 5324/779/2903 2314/981/2903 5684/981/2903
f 5324/779/2903 5684/981/2903 8694/779/2903
f 5329/1075/2904 2365/767/2904 5735/767/2904
f 5329/1075/2904 5735/767/2904 8699/1075/2904
f 2364/770/2905 5341/1076/2905 8709/1076/2905
f 2364/770/2905 8709/1076/2905 5729/770/2905
s 0
f 5346/1078/2906 5338/1080/2906 8706/1080/2906
s 1
f 5346/1078/2906 8706/1080/2906 8714/1078/2906
f 5342/1076/2907 5350/1077/2907 8718/1077/2907
f 5342/1076/2907 8718/1077/2907 8710/1076/2907
f 5335/1080/2908 5356/1081/2909 8726/1081/2910
f 5335/1080/2908 8726/1081/2910 8705/1080/2911
f 5361/1082/2912 5345/1078/2912 8713/1078/2912
f 5361/1082/2912 8713/1078/2912 8730/1082/2912
f 5351/1079/2913 5359/1082/2913 8729/1082/2913
f 5351/1079/2913 8729/1082/2913 8721/1079/2913
f 5371/1083/2914 5362/1085/2915 8732/1085/2916
f 5371/1083/2914 8732/1085/2916 8741/1083/2917
f 5379/1087/2918 5375/1084/2918 8745/1084/2918
f 5379/1087/2918 8745/1084/2918 8749/1087/2918
f 5369/1086/2919 5389/1088/2919 8757/1088/2919
f 5369/1086/2919 8757/1088/2919 8736/1086/2919
f 5392/1089/2920 5330/1075/2920 8700/1075/2920
f 5392/1089/2920 8700/1075/2920 8762/1089/2920
f 5347/1077/2921 5391/1089/2921 8761/1089/2921
f 5347/1077/2921 8761/1089/2921 8717/1077/2921
f 5396/1089/2922 5399/1090/2922 8767/1090/2922
f 5396/1089/2922 8767/1090/2922 8763/1089/2922
f 5400/1090/2923 5406/1091/2923 8774/1091/2923
f 5400/1090/2923 8774/1091/2923 8768/1090/2923
f 5412/1092/2924 5402/1091/2924 8772/1091/2924
f 5412/1092/2924 8772/1091/2924 8782/1092/2924
f 5421/1095/2925 5416/1094/2925 8786/1094/2925
f 5421/1095/2925 8786/1094/2925 8791/1095/2925
f 5429/1096/2926 5426/1097/2926 8796/1097/2926
f 5429/1096/2926 8796/1097/2926 8799/1096/2926
f 2305/1098/2927 5428/1096/2927 8798/1096/2927
f 2305/1098/2927 8798/1096/2927 5675/1098/2927
f 5449/997/2928 2312/1099/2928 5680/1099/2928
f 5449/997/2928 5680/1099/2928 8817/997/2928
f 5463/1102/2929 5457/1101/2929 8826/1101/2929
f 5463/1102/2929 8826/1101/2929 8829/1102/2929
f 5474/1107/2930 5480/1106/2930 8846/1106/2930
f 5474/1107/2930 8846/1106/2930 8843/1107/2930
f 5484/999/2931 5471/1104/2931 8841/1104/2932
f 5484/999/2931 8841/1104/2932 8854/999/2931
f 5499/1109/2933 5495/1108/2934 8865/1108/2935
f 5499/1109/2933 8865/1108/2935 8869/1109/2934
f 5502/1113/2936 5507/1114/2936 8875/1114/2936
f 5502/1113/2936 8875/1114/2936 8870/1113/2936
f 5519/1112/2937 5513/1111/2937 8883/1111/2937
f 5519/1112/2937 8883/1111/2937 8889/1112/2937
f 5525/1115/2938 5527/1121/2938 8896/1121/2938
f 5525/1115/2938 8896/1121/2938 8891/1115/2938
f 5532/1124/2939 5538/1116/2939 8904/1116/2939
f 5532/1124/2939 8904/1116/2939 8900/1124/2939
f 5553/1120/2940 5546/1119/2940 8916/1119/2940
f 5553/1120/2940 8916/1119/2940 8923/1120/2940
f 5550/1120/2941 5559/1122/2942 8925/1122/2942
f 5550/1120/2941 8925/1122/2942 8917/1120/2942
f 5569/1125/2943 5565/1123/2944 8935/1123/2944
f 5569/1125/2943 8935/1123/2944 8939/1125/2944
f 5577/1127/2945 5573/1126/2945 8943/1126/2945
f 5577/1127/2945 8943/1126/2945 8947/1127/2945
f 5454/1100/2946 5448/997/2946 8813/997/2946
f 5454/1100/2946 8813/997/2946 8821/1100/2946
f 5456/1101/2947 5453/1100/2947 8820/1100/2947
f 5456/1101/2947 8820/1100/2947 8825/1101/2947
f 5466/1103/2948 5462/1102/2948 8828/1102/2948
f 5466/1103/2948 8828/1102/2948 8834/1103/2948
f 5470/1104/2949 5467/1103/2949 8835/1103/2949
f 5470/1104/2949 8835/1103/2949 8838/1104/2949
f 5487/1105/2950 5473/1107/2951 8842/1107/2952
f 5487/1105/2950 8842/1107/2952 8855/1105/2951
f 5475/1106/2953 5489/1110/2953 8859/1110/2953
f 5475/1106/2953 8859/1110/2953 8845/1106/2953
f 5494/1108/2954 5488/1105/2954 8856/1105/2955
f 5494/1108/2954 8856/1105/2955 8862/1108/2956
f 5491/1110/2957 5498/1109/2957 8868/1109/2957
f 5491/1110/2957 8868/1109/2957 8861/1110/2957
f 5512/1111/2958 5503/1113/2958 8873/1113/2958
f 5512/1111/2958 8873/1113/2958 8882/1111/2958
f 5506/1114/2959 5524/1115/2959 8890/1115/2959
f 5506/1114/2959 8890/1115/2959 8874/1114/2959
f 5537/1116/2960 5510/1118/2960 8879/1118/2960
f 5537/1116/2960 8879/1118/2960 8903/1116/2960
f 5509/1118/2961 5541/1117/2962 8909/1117/2963
f 5509/1118/2961 8909/1117/2963 8878/1118/2964
f 5545/1119/2965 5518/1112/2965 8888/1112/2965
f 5545/1119/2965 8888/1112/2965 8915/1119/2965
f 5528/1121/2966 5552/1120/2966 8922/1120/2966
f 5528/1121/2966 8922/1120/2966 8898/1121/2966
f 5558/1122/2967 5531/1124/2967 8899/1124/2967
f 5558/1122/2967 8899/1124/2967 8924/1122/2967
f 5542/1117/2968 5568/1125/2968 8938/1125/2968
f 5542/1117/2968 8938/1125/2968 8912/1117/2968
f 5572/1126/2969 5551/1120/2969 8921/1120/2969
f 5572/1126/2969 8921/1120/2969 8942/1126/2969
f 5564/1123/2970 5576/1127/2970 8944/1127/2970
f 5564/1123/2970 8944/1127/2970 8930/1123/2970
f 5595/1134/2971 5600/1135/2971 8971/1135/2971
f 5595/1134/2971 8971/1135/2971 8965/1134/2971
f 5617/1131/2972 5611/1130/2972 8985/1130/2972
f 5617/1131/2972 8985/1130/2972 8989/1131/2972
f 5632/1136/2973 5626/1133/2973 9000/1133/2973
f 5632/1136/2973 9000/1133/2973 9004/1136/2973
f 5091/1036/2974 5636/1137/2974 9008/1137/2974
f 5091/1036/2974 9008/1137/2974 8463/1036/2974
f 5648/1140/2975 5645/1139/2975 9017/1139/2975
f 5648/1140/2975 9017/1139/2975 9019/1140/2975
f 5621/1132/2976 5592/1134/2976 8964/1134/2976
f 5621/1132/2976 8964/1134/2976 8994/1132/2977
f 5610/1130/2978 5631/1136/2978 9001/1136/2978
f 5610/1130/2978 9001/1136/2978 8980/1130/2978
f 5635/1137/2979 5616/1131/2979 8986/1131/2979
f 5635/1137/2979 8986/1131/2979 9005/1137/2979
f 5625/1133/2980 5639/1138/2980 9009/1138/2980
f 5625/1133/2980 9009/1138/2980 8995/1133/2980
f 5644/1139/2981 5620/1132/2981 8993/1132/2981
f 5644/1139/2981 8993/1132/2981 9016/1139/2981
f 5643/1138/2982 5650/1140/2982 9020/1140/2982
f 5643/1138/2982 9020/1140/2982 9013/1138/2982
f 5654/1141/2983 2308/1098/2983 5676/1098/2983
f 5654/1141/2983 5676/1098/2983 9022/1141/2983
f 5661/1143/2984 5658/1142/2984 9026/1142/2984
f 5661/1143/2984 9026/1142/2984 9029/1143/2984
f 5655/1142/2985 5651/1141/2985 9021/1141/2985
f 5655/1142/2985 9021/1141/2985 9025/1142/2985
f 2311/1099/2986 5662/1143/2986 9030/1143/2986
f 2311/1099/2986 9030/1143/2986 5679/1099/2987
f 5669/1145/2988 5665/1144/2989 9033/1144/2990
f 5669/1145/2988 9033/1144/2990 9037/1145/2989
f 5314/1071/2991 5673/1146/2991 9041/1146/2991
f 5314/1071/2991 9041/1146/2991 8681/1071/2991
f 5666/1144/2992 5301/1070/2992 8668/1070/2992
f 5666/1144/2992 8668/1070/2992 9034/1144/2992
s 0
f 5674/1146/2993 5670/1145/2993 9038/1145/2993
f 5674/1146/2994 9038/1145/2994 9042/1146/2994
usemtl White
f 9082/1147/2995 9147/1148/2995 9046/1149/2995
f 9083/1147/2996 9097/1150/2996 9149/1148/2996
f 9098/1150/2997 9165/1151/2997 9150/1148/2997
f 9164/1151/2998 9155/1152/2998 9148/1148/2998
f 9340/1153/2999 9169/1154/2999 9101/1150/2999
f 9174/1155/3000 9168/1151/3000 9100/1150/3000
f 9166/1151/3001 9178/1156/3001 9157/1152/3001
f 9177/1156/3002 9161/1157/3002 9156/1152/3002
f 9167/1151/3003 9172/1155/3003 9179/1156/3003
f 9173/1155/3004 9183/1158/3004 9180/1156/3004
f 9153/1152/3005 9193/1159/3005 9146/1148/3005
f 9151/1148/3006 9194/1160/3006 9047/1149/3006
f 9195/1161/3007 9186/1162/3007 9049/1163/3007
f 9196/1161/3008 9133/1164/3008 9188/1162/3008
f 9152/1152/3009 9199/1165/3009 9192/1159/3009
f 9159/1157/3010 9202/1165/3010 9154/1152/3010
f 9198/1166/3011 9205/1167/3011 9191/1161/3011
f 9197/1161/3012 9207/1167/3012 9134/1164/3012
f 9212/1168/3013 9217/1169/3013 9160/1157/3013
f 9158/1157/3014 9216/1169/3014 9201/1165/3014
f 9209/1167/3015 9224/1170/3015 9135/1164/3015
f 9225/1170/3016 9229/550/3016 9139/1164/3016
f 9138/1164/3017 9228/550/3017 9142/1171/3017
f 9215/1169/3018 9232/1172/3018 9200/1165/3018
f 9221/1173/3019 9236/1174/3019 9210/1167/3019
f 9208/1167/3020 9235/1174/3020 9223/1170/3020
f 9136/1164/3021 9247/1175/3021 9190/1162/3021
f 9143/1171/3022 9272/1176/3022 9141/1164/3022
f 9189/1162/3023 9240/1177/3023 9050/1163/3023
f 9051/1163/3024 9241/1177/3024 9107/1178/3024
f 9246/1175/3025 9239/1177/3025 9187/1162/3025
f 9242/1177/3026 9253/1179/3026 9111/1178/3026
f 9252/1179/3027 9113/1180/3027 9110/1178/3027
f 9137/1164/3028 9257/1181/3028 9248/1175/3028
f 9259/1181/3029 9262/1182/3029 9249/1175/3029
f 9243/1177/3030 9265/589/3030 9254/1179/3030
f 9268/1183/3031 9119/1184/3031 9115/1180/3031
f 9140/1164/3032 9271/1176/3032 9258/1181/3032
f 9123/1185/3033 9302/1186/3033 9120/1184/3033
f 9045/1163/3034 9275/1187/3034 9081/1147/3034
f 9104/1178/3035 9280/1187/3035 9048/1163/3035
f 9105/1178/3036 9285/1188/3036 9281/1187/3036
f 9283/1188/3037 9087/1189/3037 9276/1187/3037
f 9106/1178/3038 9290/1190/3038 9286/1188/3038
f 9293/1191/3039 9094/1192/3039 9090/1189/3039
f 9112/1180/3040 9297/1186/3040 9109/1178/3040
f 9296/1186/3041 9291/1190/3041 9108/1178/3041
f 9118/1184/3042 9299/1186/3042 9114/1180/3042
f 9300/1186/3043 9307/1193/3043 9292/1190/3043
f 9124/1185/3044 9310/1194/3044 9303/1186/3044
f 9309/1194/3045 9316/1195/3045 9301/1186/3045
f 9298/1186/3046 9315/1195/3046 9306/1193/3046
f 9129/1196/3047 9322/1197/3047 9126/1185/3047
f 9125/1185/3048 9320/1197/3048 9312/1194/3048
f 9319/1197/3049 9325/1198/3049 9311/1194/3049
f 9130/1196/3050 9328/1199/3050 9323/1197/3050
f 9089/1189/3051 9331/1200/3051 9277/1187/3051
f 9093/1192/3052 9330/1200/3052 9088/1189/3052
f 9278/1187/3053 9334/1201/3053 9084/1147/3053
f 9085/1147/3054 9338/1153/3054 9099/1150/3054
f 9335/1201/3055 9339/1153/3055 9086/1147/3055
f 9526/1202/3056 9363/1203/3056 9347/1204/3056
f 9565/1205/3057 9385/1206/3057 9549/1207/3057
f 9068/1208/3058 9352/1204/3058 9344/1209/3058
f 9350/1204/3059 9355/1210/3059 9343/1209/3059
f 9364/1203/3060 9367/1211/3060 9349/1204/3060
f 9348/1204/3061 9366/1211/3061 9354/1210/3061
f 9524/1202/3062 9552/1207/3062 9362/1203/3062
f 9360/1203/3063 9371/1212/3063 9365/1211/3063
f 9550/1207/3064 9376/1213/3064 9361/1203/3064
f 9374/1213/3065 9379/1214/3065 9358/1203/3065
f 9359/1203/3066 9380/1214/3066 9370/1212/3066
f 9548/1207/3067 9384/1206/3067 9375/1213/3067
f 9388/1215/3068 9420/1216/3068 9080/1217/3068
f 9497/1218/3069 9418/1216/3069 9387/1215/3069
f 9400/1219/3070 9403/1220/3070 9392/1221/3070
s 1
f 9393/1221/3071 9405/1220/3071 9395/1222/3071
s 0
f 9408/1220/3072 9414/1223/3072 9411/1224/3072
f 9079/1217/3073 9417/1216/3073 9399/1219/3073
f 9401/1219/3074 9421/1216/3074 9404/1220/3074
f 9422/1216/3075 9426/1225/3075 9406/1220/3075
f 9407/1220/3076 9428/1225/3076 9413/1223/3076
f 9432/1225/3077 9438/1226/3077 9435/1227/3077
f 9499/1228/3078 9476/1229/3078 9419/1216/3078
f 9431/1225/3079 9074/1230/3079 9437/1226/3079
f 9423/1216/3080 9478/1229/3080 9427/1225/3080
f 9430/1225/3081 9452/1231/3081 9073/1230/3081
f 9453/1231/3082 9459/1232/3082 9442/1233/3082
f 9443/1233/3083 9461/1232/3083 9447/1234/3083
f 9460/1232/3084 9464/1235/3084 9446/1234/3084
f 9429/1225/3085 9472/1236/3085 9451/1231/3085
f 9450/1231/3086 9471/1236/3086 9457/1232/3086
f 9473/1236/3087 9467/1237/3087 9458/1232/3087
f 9425/1225/3088 9477/1229/3088 9470/1236/3088
f 9498/1228/3089 9482/1238/3089 9475/1229/3089
f 9496/1228/3090 9065/1239/3090 9481/1238/3090
f 9480/1238/3091 9063/1239/3091 9485/1240/3091
f 9486/1240/3092 9067/1239/3092 9490/1241/3092
f 9066/1239/3093 9058/1242/3093 9489/1241/3093
f 9510/1243/3094 9070/1208/3094 9500/1244/3094
f 9508/1243/3095 9353/1204/3095 9069/1208/3095
f 9515/1245/3096 9523/1246/3096 9505/1247/3096
f 9503/1247/3097 9521/1246/3097 9511/1243/3097
f 9519/1246/3098 9529/1202/3098 9509/1243/3098
f 9507/1243/3099 9527/1202/3099 9351/1204/3099
f 9514/1245/3100 9532/1248/3100 9522/1246/3100
f 9531/1248/3101 9546/1249/3101 9520/1246/3101
s 1
f 9518/1246/3102 9544/1249/3102 9528/1202/3102
s 0
f 9541/1249/3103 9553/1207/3103 9525/1202/3103
f 9535/1250/3104 9545/1249/3104 9530/1248/3104
f 9536/1250/3105 9560/1251/3105 9547/1249/3105
f 9540/1249/3106 9568/1205/3106 9551/1207/3106
f 9554/1252/3107 9624/1253/3107 9559/1251/3107
f 9558/1251/3108 9621/1253/3108 9543/1249/3108
f 9620/1253/3109 9577/1254/3109 9542/1249/3109
f 9571/1255/3110 9625/1253/3110 9555/1252/3110
f 9539/1249/3111 9575/1254/3111 9567/1205/3111
f 9619/1253/3112 9611/1256/3112 9576/1254/3112
f 9563/1205/3113 9493/1228/3113 9383/1206/3113
f 9057/1242/3114 9586/1257/3114 9052/1258/3114
f 9053/1258/3115 9587/1257/3115 9579/1259/3115
f 9056/1242/3116 9064/1239/3116 9585/1257/3116
f 9583/1257/3117 9595/1260/3117 9590/1261/3117
f 9594/1260/3118 9599/1262/3118 9589/1261/3118
f 9061/1239/3119 9602/1263/3119 9581/1257/3119
f 9604/1263/3120 9593/1260/3120 9582/1257/3120
f 9495/1228/3121 9608/1263/3121 9062/1239/3121
f 9606/1263/3122 9609/1256/3122 9596/1260/3122
f 9494/1228/3123 9564/1205/3123 9603/1263/3123
f 9574/1254/3124 9610/1256/3124 9607/1263/3124
f 9566/1205/3125 9573/1254/3125 9605/1263/3125
f 9612/1256/3126 9622/1253/3126 9615/1264/3126
f 9623/1253/3127 9569/1255/3127 9616/1264/3127
f 9663/1147/3128 9632/1149/3128 9729/1148/3128
f 9664/1147/3129 9731/1148/3129 9680/1150/3129
f 9681/1150/3130 9732/1148/3130 9746/1151/3130
f 9745/1151/3131 9730/1148/3131 9736/1152/3131
f 9923/1153/3132 9684/1150/3132 9752/1154/3132
f 9757/1155/3133 9683/1150/3133 9749/1151/3133
f 9747/1151/3134 9738/1152/3134 9761/1156/3134
f 9760/1156/3135 9737/1152/3135 9744/1157/3135
f 9748/1151/3136 9762/1156/3136 9755/1155/3136
f 9756/1155/3137 9763/1156/3137 9766/1158/3137
f 9734/1152/3138 9728/1148/3138 9778/1159/3138
f 9727/1148/3139 9627/1149/3139 9772/1160/3139
f 9773/1161/3140 9629/1163/3140 9767/1162/3140
f 9774/1161/3141 9769/1162/3141 9714/1164/3141
f 9733/1152/3142 9777/1159/3142 9780/1165/3142
f 9742/1157/3143 9735/1152/3143 9783/1165/3143
f 9779/1166/3144 9776/1161/3144 9791/1167/3144
f 9775/1161/3145 9715/1164/3145 9786/1167/3145
f 9794/1168/3146 9743/1157/3146 9799/1169/3146
f 9741/1157/3147 9782/1165/3147 9798/1169/3147
f 9788/1167/3148 9716/1164/3148 9805/1170/3148
f 9806/1170/3149 9721/1164/3149 9810/550/3149
f 9719/1164/3150 9723/1171/3150 9809/550/3150
f 9797/1169/3151 9781/1165/3151 9814/1172/3151
f 9801/1173/3152 9789/1167/3152 9817/1174/3152
f 9787/1167/3153 9804/1170/3153 9816/1174/3153
f 9717/1164/3154 9771/1162/3154 9828/1175/3154
f 9724/1171/3155 9722/1164/3155 9853/1176/3155
f 9770/1162/3156 9630/1163/3156 9821/1177/3156
f 9631/1163/3157 9688/1178/3157 9822/1177/3157
f 9827/1175/3158 9768/1162/3158 9820/1177/3158
f 9823/1177/3159 9692/1178/3159 9834/1179/3159
f 9833/1179/3160 9691/1178/3160 9694/1180/3160
f 9718/1164/3161 9829/1175/3161 9838/1181/3161
f 9840/1181/3162 9830/1175/3162 9843/1182/3162
f 9824/1177/3163 9835/1179/3163 9846/589/3163
f 9849/1183/3164 9696/1180/3164 9700/1184/3164
f 9720/1164/3165 9839/1181/3165 9852/1176/3165
f 9704/1185/3166 9701/1184/3166 9883/1186/3166
f 9626/1163/3167 9662/1147/3167 9856/1187/3167
f 9685/1178/3168 9628/1163/3168 9857/1187/3168
f 9686/1178/3169 9858/1187/3169 9864/1188/3169
f 9867/1188/3170 9860/1187/3170 9668/1189/3170
f 9687/1178/3171 9865/1188/3171 9869/1190/3171
f 9874/1191/3172 9671/1189/3172 9676/1192/3172
f 9693/1180/3173 9690/1178/3173 9878/1186/3173
f 9877/1186/3174 9689/1178/3174 9870/1190/3174
f 9699/1184/3175 9695/1180/3175 9880/1186/3175
f 9881/1186/3176 9871/1190/3176 9886/1193/3176
f 9705/1185/3177 9884/1186/3177 9890/1194/3177
f 9889/1194/3178 9882/1186/3178 9896/1195/3178
f 9879/1186/3179 9885/1193/3179 9895/1195/3179
f 9710/1196/3180 9707/1185/3180 9901/1197/3180
f 9706/1185/3181 9892/1194/3181 9900/1197/3181
f 9899/1197/3182 9891/1194/3182 9905/1198/3182
f 9711/1196/3183 9902/1197/3183 9908/1199/3183
f 9670/1189/3184 9861/1187/3184 9914/1200/3184
f 9675/1192/3185 9669/1189/3185 9913/1200/3185
f 9863/1187/3186 9665/1147/3186 9917/1201/3186
f 9666/1147/3187 9682/1150/3187 9921/1153/3187
f 9918/1201/3188 9667/1147/3188 9922/1153/3188
s 1
f 10107/1202/3189 9928/1204/3189 9944/1203/3189
s 0
f 10146/1205/3190 10130/1207/3190 9969/1206/3190
f 9651/1208/3191 9927/1209/3191 9933/1204/3191
f 9931/1204/3192 9926/1209/3192 9937/1210/3192
f 9945/1203/3193 9930/1204/3193 9949/1211/3193
f 9929/1204/3194 9936/1210/3194 9948/1211/3194
f 10105/1202/3195 9943/1203/3195 10133/1207/3195
f 9941/1203/3196 9947/1211/3196 9953/1212/3196
s 1
f 10131/1207/3197 9942/1203/3197 9957/1213/3197
s 0
f 9955/1213/3198 9939/1203/3198 9960/1214/3198
f 9940/1203/3199 9952/1212/3199 9961/1214/3199
f 10129/1207/3200 9956/1213/3200 9968/1206/3200
f 9965/1215/3201 9660/1217/3201 10001/1216/3201
f 10076/1218/3202 9964/1215/3202 9999/1216/3202
f 9980/1219/3203 9972/1221/3203 9984/1220/3203
f 9973/1221/3204 9976/1222/3204 9986/1220/3204
f 9989/1220/3205 9992/1224/3205 9995/1223/3205
f 9658/1217/3206 9978/1219/3206 9998/1216/3206
f 9981/1219/3207 9985/1220/3207 10002/1216/3207
f 10003/1216/3208 9987/1220/3208 10007/1225/3208
f 9988/1220/3209 9994/1223/3209 10009/1225/3209
f 10013/1225/3210 10016/1227/3210 10019/1226/3210
f 10078/1228/3211 10000/1216/3211 10057/1229/3211
f 10012/1225/3212 10018/1226/3212 9655/1230/3212
f 10004/1216/3213 10008/1225/3213 10059/1229/3213
f 10011/1225/3214 9654/1230/3214 10032/1231/3214
f 10033/1231/3215 10022/1233/3215 10039/1232/3215
f 10023/1233/3216 10028/1234/3216 10041/1232/3216
f 10040/1232/3217 10027/1234/3217 10044/1235/3217
s 1
f 10010/1225/3218 10031/1231/3218 10052/1236/3218
s 0
f 10030/1231/3219 10037/1232/3219 10051/1236/3219
f 10053/1236/3220 10038/1232/3220 10047/1237/3220
f 10006/1225/3221 10050/1236/3221 10058/1229/3221
f 10077/1228/3222 10056/1229/3222 10063/1238/3222
f 10075/1228/3223 10062/1238/3223 9645/1239/3223
f 10061/1238/3224 10066/1240/3224 9643/1239/3224
f 10067/1240/3225 10071/1241/3225 9647/1239/3225
f 9646/1239/3226 10070/1241/3226 9639/1242/3226
f 10093/1243/3227 10083/1244/3227 9653/1208/3227
f 10091/1243/3228 9652/1208/3228 9934/1204/3228
f 10098/1245/3229 10087/1247/3229 10104/1246/3229
f 10086/1247/3230 10094/1243/3230 10102/1246/3230
f 10100/1246/3231 10092/1243/3231 10110/1202/3231
f 10090/1243/3232 9932/1204/3232 10108/1202/3232
s 1
f 10097/1245/3233 10103/1246/3233 10115/1248/3233
s 0
f 10114/1248/3234 10101/1246/3234 10127/1249/3234
f 10099/1246/3235 10109/1202/3235 10125/1249/3235
f 10122/1249/3236 10106/1202/3236 10134/1207/3236
f 10118/1250/3237 10113/1248/3237 10126/1249/3237
f 10119/1250/3238 10128/1249/3238 10143/1251/3238
s 1
f 10121/1249/3239 10132/1207/3239 10149/1205/3239
s 0
f 10137/1252/3240 10142/1251/3240 10205/1253/3240
f 10141/1251/3241 10124/1249/3241 10202/1253/3241
f 10201/1253/3242 10123/1249/3242 10158/1254/3242
f 10153/1255/3243 10138/1252/3243 10206/1253/3243
f 10120/1249/3244 10148/1205/3244 10156/1254/3244
f 10200/1253/3245 10157/1254/3245 10193/1256/3245
f 10144/1205/3246 9967/1206/3246 10079/1228/3246
f 9638/1242/3247 9633/1258/3247 10163/1257/3247
f 9634/1258/3248 10159/1259/3248 10164/1257/3248
f 9637/1242/3249 10162/1257/3249 9644/1239/3249
f 10168/1257/3250 10172/1261/3250 10178/1260/3250
f 10177/1260/3251 10171/1261/3251 10182/1262/3251
f 9648/1239/3252 10166/1257/3252 10184/1263/3252
f 10186/1263/3253 10167/1257/3253 10176/1260/3253
f 10074/1228/3254 9642/1239/3254 10183/1263/3254
f 10188/1263/3255 10179/1260/3255 10191/1256/3255
f 10080/1228/3256 10185/1263/3256 10145/1205/3256
f 10155/1254/3257 10189/1263/3257 10192/1256/3257
f 10147/1205/3258 10187/1263/3258 10154/1254/3258
f 10194/1256/3259 10197/1264/3259 10203/1253/3259
f 10204/1253/3260 10198/1264/3260 10152/1255/3260
s 1
f 9060/1242/3261 9055/1258/3261 9636/1258/3261
f 9060/1242/3261 9636/1258/3261 9641/1242/3261
f 9386/1215/3262 9078/1217/3262 9661/1217/3262
f 9386/1215/3262 9661/1217/3262 9966/1215/3262
f 9127/1185/3263 9121/1184/3263 9702/1184/3263
f 9127/1185/3263 9702/1184/3263 9708/1185/3263
f 9131/1196/3264 9128/1185/3264 9709/1185/3264
f 9131/1196/3264 9709/1185/3264 9712/1196/3264
f 9163/1157/3265 9181/1156/3265 9758/1156/3265
f 9163/1157/3265 9758/1156/3265 9740/1157/3265
f 9184/1158/3266 9175/1155/3266 9753/1155/3266
f 9184/1158/3266 9753/1155/3266 9764/1158/3266
f 9171/1154/3267 9342/1153/3267 9920/1153/3267
f 9171/1154/3267 9920/1153/3267 9751/1154/3267
f 9102/1150/3268 9170/1154/3268 9750/1154/3268
f 9102/1150/3268 9750/1154/3268 9678/1150/3268
f 9176/1155/3269 9103/1150/3269 9679/1150/3269
f 9176/1155/3269 9679/1150/3269 9754/1155/3269
f 9182/1156/3270 9185/1158/3270 9765/1158/3270
f 9182/1156/3270 9765/1158/3270 9759/1156/3270
f 9211/1167/3271 9203/1166/3271 9784/1166/3271
f 9211/1167/3271 9784/1166/3271 9792/1167/3271
f 9219/1169/3272 9214/1168/3272 9795/1168/3272
f 9219/1169/3272 9795/1168/3272 9800/1169/3272
f 9230/550/3273 9226/1170/3274 9807/1170/3273
f 9230/550/3273 9807/1170/3273 9811/550/3273
f 9213/1168/3275 9162/1157/3275 9739/1157/3275
f 9213/1168/3275 9739/1157/3275 9793/1168/3275
f 9220/1173/3276 9206/1167/3276 9790/1167/3276
f 9220/1173/3276 9790/1167/3276 9802/1173/3276
f 9144/1171/3277 9231/550/3278 9812/550/3278
f 9144/1171/3277 9812/550/3278 9725/1171/3278
f 9233/1172/3279 9218/1169/3279 9796/1169/3280
f 9233/1172/3279 9796/1169/3280 9813/1172/3279
f 9204/1165/3281 9234/1172/3281 9815/1172/3281
f 9204/1165/3281 9815/1172/3281 9785/1165/3281
f 9237/1174/3282 9222/1173/3282 9803/1173/3282
f 9237/1174/3282 9803/1173/3282 9818/1174/3282
f 9227/1170/3283 9238/1174/3283 9819/1174/3283
f 9227/1170/3283 9819/1174/3283 9808/1170/3283
f 9245/1177/3284 9251/1175/3284 9832/1175/3284
f 9245/1177/3284 9832/1175/3284 9826/1177/3284
f 9117/1180/3285 9256/1179/3285 9837/1179/3285
f 9117/1180/3285 9837/1179/3285 9698/1180/3285
f 9122/1184/3286 9270/1183/3287 9851/1183/3286
f 9122/1184/3286 9851/1183/3286 9703/1184/3286
f 9264/1182/3288 9261/1181/3288 9842/1181/3288
f 9264/1182/3288 9842/1181/3288 9845/1182/3288
f 9274/1176/3289 9145/1171/3290 9726/1171/3291
f 9274/1176/3289 9726/1171/3291 9855/1176/3292
f 9250/1175/3293 9263/1182/3293 9844/1182/3293
f 9250/1175/3293 9844/1182/3293 9831/1175/3293
f 9267/589/3294 9244/1177/3294 9825/1177/3294
f 9267/589/3294 9825/1177/3294 9848/589/3294
f 9255/1179/3295 9266/589/3295 9847/589/3295
f 9255/1179/3295 9847/589/3295 9836/1179/3295
f 9269/1183/3296 9116/1180/3296 9697/1180/3296
f 9269/1183/3296 9697/1180/3296 9850/1183/3296
f 9260/1181/3297 9273/1176/3297 9854/1176/3297
f 9260/1181/3297 9854/1176/3297 9841/1181/3297
f 9091/1189/3298 9287/1188/3298 9868/1188/3298
f 9091/1189/3298 9868/1188/3298 9672/1189/3298
f 9096/1192/3299 9294/1191/3299 9875/1191/3299
f 9096/1192/3299 9875/1191/3299 9677/1192/3299
f 9317/1195/3300 9313/1194/3300 9894/1194/3300
f 9317/1195/3300 9894/1194/3300 9898/1195/3300
f 9326/1198/3301 9321/1197/3301 9904/1197/3301
f 9326/1198/3301 9904/1197/3301 9907/1198/3301
f 9284/1188/3302 9288/1190/3302 9872/1190/3302
f 9284/1188/3302 9872/1190/3302 9866/1188/3302
f 9295/1191/3303 9092/1189/3303 9673/1189/3303
f 9295/1191/3303 9673/1189/3303 9876/1191/3303
f 9289/1190/3304 9305/1193/3304 9888/1193/3304
f 9289/1190/3304 9888/1193/3304 9873/1190/3304
f 9304/1193/3305 9314/1195/3305 9897/1195/3305
f 9304/1193/3305 9897/1195/3305 9887/1193/3305
f 9308/1194/3306 9324/1198/3306 9906/1198/3307
f 9308/1194/3306 9906/1198/3307 9893/1194/3306
f 9329/1199/3308 9132/1196/3308 9713/1196/3308
f 9329/1199/3308 9713/1196/3308 9910/1199/3308
f 9318/1197/3309 9327/1199/3309 9909/1199/3309
f 9318/1197/3309 9909/1199/3309 9903/1197/3309
f 9341/1153/3310 9336/1201/3310 9915/1201/3310
f 9341/1153/3310 9915/1201/3310 9919/1153/3310
f 9332/1200/3311 9095/1192/3311 9674/1192/3311
f 9332/1200/3311 9674/1192/3311 9911/1200/3311
f 9279/1187/3312 9333/1200/3312 9912/1200/3312
f 9279/1187/3312 9912/1200/3312 9859/1187/3312
f 9337/1201/3313 9282/1187/3313 9862/1187/3313
f 9337/1201/3313 9862/1187/3313 9916/1201/3313
f 9072/1208/3314 9346/1209/3314 9925/1209/3314
f 9072/1208/3314 9925/1209/3314 9650/1208/3314
f 9382/1214/3315 9378/1213/3315 9959/1213/3315
f 9382/1214/3315 9959/1213/3315 9963/1214/3315
f 9345/1209/3316 9356/1210/3316 9935/1210/3316
f 9345/1209/3316 9935/1210/3316 9924/1209/3316
f 9357/1210/3317 9369/1211/3317 9950/1211/3317
f 9357/1210/3317 9950/1211/3317 9938/1210/3317
f 9368/1211/3318 9372/1212/3318 9951/1212/3318
f 9368/1211/3318 9951/1212/3318 9946/1211/3318
f 9373/1212/3319 9381/1214/3319 9962/1214/3319
f 9373/1212/3319 9962/1214/3319 9954/1212/3319
f 9377/1213/3320 9389/1206/3321 9970/1206/3321
f 9377/1213/3320 9970/1206/3321 9958/1213/3321
f 9390/1221/3322 9394/1222/3322 9975/1222/3322
f 9390/1221/3322 9975/1222/3322 9971/1221/3322
f 9077/1217/3323 9397/1219/3323 9979/1219/3323
f 9077/1217/3323 9979/1219/3323 9659/1217/3323
f 9424/1225/3324 9434/1227/3324 10015/1227/3324
f 9424/1225/3324 10015/1227/3324 10005/1225/3324
f 9398/1219/3325 9391/1221/3325 9974/1221/3325
f 9398/1219/3325 9974/1221/3325 9982/1219/3325
f 9396/1222/3326 9409/1220/3326 9990/1220/3326
f 9396/1222/3326 9990/1220/3326 9977/1222/3326
f 9402/1220/3327 9410/1224/3327 9991/1224/3327
f 9402/1220/3327 9991/1224/3327 9983/1220/3327
f 9412/1224/3328 9415/1223/3328 9996/1223/3328
f 9412/1224/3328 9996/1223/3328 9993/1224/3328
f 9416/1223/3329 9433/1225/3329 10014/1225/3329
f 9416/1223/3329 10014/1225/3329 9997/1223/3329
s 0
f 9436/1227/3330 9440/1226/3330 10021/1226/3330
f 9436/1227/3331 10021/1226/3331 10017/1227/3331
s 1
f 9439/1226/3332 9076/1230/3332 9657/1230/3332
f 9439/1226/3332 9657/1230/3332 10020/1226/3332
f 9444/1233/3333 9448/1234/3333 10029/1234/3333
f 9444/1233/3333 10029/1234/3333 10025/1233/3333
f 9463/1235/3334 9456/1232/3334 10042/1232/3334
f 9463/1235/3334 10042/1232/3334 10045/1235/3334
f 9466/1237/3335 9469/1236/3335 10054/1236/3335
f 9466/1237/3335 10054/1236/3335 10048/1237/3335
f 9479/1229/3336 9484/1238/3337 10065/1238/3337
f 9479/1229/3336 10065/1238/3337 10060/1229/3336
f 9488/1240/3338 9492/1241/3338 10073/1241/3338
f 9488/1240/3338 10073/1241/3338 10069/1240/3338
f 9075/1230/3339 9454/1231/3339 10035/1231/3339
f 9075/1230/3339 10035/1231/3339 9656/1230/3339
f 9449/1231/3340 9441/1233/3340 10024/1233/3340
f 9449/1231/3340 10024/1233/3340 10034/1231/3340
f 9445/1234/3341 9462/1235/3341 10043/1235/3341
f 9445/1234/3341 10043/1235/3341 10026/1234/3341
f 9455/1232/3342 9465/1237/3342 10046/1237/3342
f 9455/1232/3342 10046/1237/3342 10036/1232/3342
f 9468/1236/3343 9474/1229/3343 10055/1229/3343
f 9468/1236/3343 10055/1229/3343 10049/1236/3343
f 9483/1238/3344 9487/1240/3344 10068/1240/3344
f 9483/1238/3344 10068/1240/3344 10064/1238/3344
f 9491/1241/3345 9059/1242/3346 9640/1242/3347
f 9491/1241/3345 9640/1242/3347 10072/1241/3348
f 9501/1244/3349 9071/1208/3349 9649/1208/3349
f 9501/1244/3349 9649/1208/3349 10081/1244/3349
f 9504/1247/3350 9512/1243/3350 10088/1243/3350
f 9504/1247/3350 10088/1243/3350 10084/1247/3350
f 9556/1252/3351 9562/1251/3351 10140/1251/3351
f 9556/1252/3351 10140/1251/3351 10135/1252/3351
f 9513/1243/3352 9502/1244/3352 10082/1244/3352
f 9513/1243/3352 10082/1244/3352 10089/1243/3352
f 9517/1245/3353 9506/1247/3353 10085/1247/3353
f 9517/1245/3353 10085/1247/3353 10096/1245/3353
f 9533/1248/3354 9516/1245/3354 10095/1245/3354
f 9533/1248/3354 10095/1245/3354 10111/1248/3354
f 9538/1250/3355 9534/1248/3355 10112/1248/3355
f 9538/1250/3355 10112/1248/3355 10117/1250/3355
f 9561/1251/3356 9537/1250/3356 10116/1250/3356
f 9561/1251/3356 10116/1250/3356 10139/1251/3356
f 9572/1255/3357 9557/1252/3357 10136/1252/3358
f 9572/1255/3357 10136/1252/3358 10151/1255/3358
f 9054/1258/3359 9580/1259/3359 10161/1259/3360
f 9054/1258/3359 10161/1259/3360 9635/1258/3359
f 9588/1257/3361 9592/1261/3361 10173/1261/3361
f 9588/1257/3361 10173/1261/3361 10169/1257/3361
f 9601/1262/3362 9598/1260/3362 10175/1260/3362
f 9601/1262/3362 10175/1260/3362 10181/1262/3362
f 9578/1259/3363 9584/1257/3363 10165/1257/3363
f 9578/1259/3363 10165/1257/3363 10160/1259/3363
f 9591/1261/3364 9600/1262/3364 10180/1262/3364
f 9591/1261/3364 10180/1262/3364 10170/1261/3364
f 9597/1260/3365 9613/1256/3365 10190/1256/3365
f 9597/1260/3365 10190/1256/3365 10174/1260/3365
f 9614/1256/3366 9618/1264/3366 10199/1264/3366
f 9614/1256/3366 10199/1264/3366 10195/1256/3366
f 9617/1264/3367 9570/1255/3367 10150/1255/3367
f 9617/1264/3367 10150/1255/3367 10196/1264/3367
